958,958,958,958,958,958,958,958,968,951,948,966,974,975,972,960,960,954,954,943,957,957,957,957,957,957,957,957,958,958,931,951,958,950,953,962,952,936,938,947,947,950,944,937,951,959,946,947,957,950,946,947,943,943,946,946,936,930,937,939,947,951,943,934,925,931,934,937,949,941,922,922,934,918,918,918,918,926,926,926,937,937,937,937,937,937,937,947,947,946,950,926,918,936,956,944,928,940,951,945,941,941,941,949,962,954,954,939,941,938,938,938,944,951,945,936,943,936,942,957,951,940,949,946,935,937,940,940,926,926,926,926,941,911,939,936,936,936,915,915,900,900,953,953,953,925,914,940,957,960,965,966,953,953,936,935,935,938,938,951,951,951,946,946,947,955,955,938,938,938,938,947,947,947,947,947,947,947,964,964,964,964,973,934,952,966,975,969,960,972,972,974,974,988,988,1010,1004,1027,1031,1031,1025,1016,1022,1031,1031,1032,1033,1042,1035,1034,1035,1042,1042,1023,1014,997,1001,1001,1001,1013,977,977,977,984,977,976,977,979,970,971,983,983,968,968,968,972,982,994,985,972,976,976,973,976,972,968,962,969,969,992,993,981,977,988,988,984,983,983,983,983,983,983,983,983,983,983,983,983,965,964,963,963,960,971,982,967,964,957,963,962,954,953,951,953,956,956,959,964,964,964,964,964,955,955,955,974,994,983,993,992,985,992,987,980,990,989,987,988,973,971,982,982,977,985,985,991,982,1008,1005,985,981,999,1008,1002,1004,1006,1006,1010,1012,1004,1012,1012,1011,1005,997,1000,1000,999,1001,1007,1002,1004,1004,1012,1008,1024,1024,1017,1012,1012,1012,1002,1002,1002,1002,1008,1008,1008,1008,1008,1008,1008,1008,998,991,1021,1021,1021,1025,1009,979,976,1002,1016,1000,995,1000,1000,1003,1003,1003,1003,1003,1003,1008,1008,1008,1008,1008,1008,1008,1008,1008,1005,1006,1038,1038,1038,1038,1038,1038,1038,1038,1024,1036,1007,969,1028,1048,1048,1025,1024,1025,1020,1024,1024,1015,1004,1023,1034,1023,1007,1010,1009,1008,1006,1006,1019,1019,1008,1008,1012,1021,1021,1021,1021,1019,1006,1003,1003,1017,1010,1004,1004,1012,985,994,994,997,997,1003,1003,993,985,989,988,978,980,989,991,991,983,1013,1013,1013,1005,1014,1008,982,977,984,971,949,949,962,924,979,987,987,980,985,995,990,990,997,982,1020,988,977,1003,981,1012,990,990,1100,1100,910,910,1152,999,1104,1093,1064,1078,1048,1039,1071,1071,1032,1039,1054,1025,1009,1035,1035,991,1025,1011,1009,1033,1007,1016,1016,1007,1007,1026,1026,1027,1016,1012,1010,1025,1010,1017,1037,1019,1023,1034,1024,1013,1013,1005,1011,1011,1023,1023,1023,1023,1027,1025,1029,1012,1003,1012,1030,1030,1040,1026,1027,1016,1016,1016,1014,1029,1021,1021,1024,1024,1024,1024,1024,1024,1039,1039,1036,997,1012,1017,1019,1012,1003,1003,1013,1013,1013,1026,1026,1026,996,996,996,996,996,1010,1013,1016,1020,1004,1004,991,1007,1006,996,1000,1014,1014,1003,1005,1012,1012,1002,1002,1002,1002,1015,1009,1013,1007,1005,1018,1018,1008,998,998,1009,1009,1016,1016,1016,1016,1001,1013,1013,998,1005,1018,1018,1013,1013,1013
1030,1027,1038,1026,1013,1026,1022,1015,1049,1097,1114,1117,1126,1124,1124,1124,1124,1149,1149,1149,1149,1156,1156,1162,1152,1141,1140,1134,1131,1141,1134,1130,1144,1132,1132,1107,1100,1087,1092,1102,1102,1093,1084,1097,1096,1106,1098,1091,1092,1087,1092,1091,1081,1076,1081,1092,1086,1083,1094,1082,1070,1070,1078,1085,1080,1080,1068,1068,1068,1054,1062,1065,1061,1067,1067,1066,1086,1086,1042,1042,1042,1042,1055,1052,1045,1050,1057,1057,1046,1042,1040,1040,1040,1029,1031,1179,1179,1160,1160,1133,1133,1108,1101,1099,1081,1079,1079,1079,1081,1075,1060,1049,1064,1086,1068,1050,1062,1063,1044,1044,1044,1055,1055,1055,1038,1037,1029,1035,1028,1019,1019,1019,1062,1048,1036,1046,1039,1039,1026,1026,1026,1033,1034,1021,1007,1013,1020,1012,1012,1014,1019,1011,1005,994,995,998,998,998,990,998,998,1001,1001,1001,1001,1001,1001,987,997,1000,1000,999,1005,1002,1002,989,993,1003,1007,988,974,974,981,1011,1004,993,997,985,976,976,984,973,961,981,981,981,963,963,963,992,1000,990,1003,965,965,965,965,965,965,965,965,965,965,965,965,965,965,972,967,967,964,973,973,973,983,972,982,1004,994,969,966,990,996,971,971,969,982,969,958,957,969,969,974,972,966,968,975,978,993,988,971,967,976,961,975,975,966,974,974,974,976,976,976,976,976,978,973,963,968,968,975,975,983,995,979,959,969,981,981,981,963,989,989,989,989,989,965,976,953,986,968,974,983,983,983,983,979,975,981,970,971,975,975,975,975,987,980,970,992,982,969,974,968,975,997,984,984,985,979,971,971,987,978,963,965,967,967,964,970,967,967,967,967,967,953,975,975,975,975,975,975,975,975,972,973,979,975,977,979,979,967,960,948,940,958,967,967,967,967,967,967,964,958,962,967,963,956,956,956,965,965,965,978,978,978,955,955,959,971,967,937,937,956,965,947,947,958,963,960,962,962,964,959,959,957,956,946,951,967,962,955,977,968,935,938,938,962,970,969,969,969,966,973,967,966,968,968,964,964,968,966,967,980,960,960,960,968,977,979,973,961,947,944,944,943,945,945,945,945,945,945,936,946,945,953,966,966,953,956,942,932,938,948,948,954,954,954,954,941,962,984,979,962,964,968,966,966,972,975,972,976,976,962,962,964,964,964,964,964,964,963,959,966,956,956,956,958,964,971,971,965,965,968,975,970,964,970,970,965,965,965,975,981,958,938,957,953,952,948,950,965,979,970,970,961,960,961,961,943,943,943,943,958,958,958,958,958,958,958,958,958,958,958,967,967,967,967,965,970,970,970,970,970,966,951,963,972,979,974,974,974,958,962,955,949,958,958,946,946,946,961,961,961,961,961,961,953,953,973,973,968,973,973,960,962,966,969,969,969,969,978,991,983,982,982,978,976,973,971,970,961,956,956,968,961,961,961,963,963,966,978,983,958,945,958,959,955,955,959,966,969,968,968,971,971,984,971,965,960,968,974,971,971,972,953,944,954,954,954,948,957,963,963,963,959,958,956,958,953,953
977,960,949,941,952,957,954,955,828,828,0,0,-1,-37,-37,-34,2,142,690,690,1262,1089,972,1152,1064,1059,1059,1045,1045,1047,1039,1043,1045,1050,1055,1044,1039,1039,1061,1051,1042,1043,1043,1043,1063,1058,1050,1053,1053,1046,1044,1044,1044,1044,1055,1055,1065,1070,1063,1066,1066,1067,1067,1067,1060,1060,1026,1053,1044,1011,1011,1025,1062,1043,1042,1045,1035,1029,1028,1028,1056,1046,1015,1000,1007,1023,1021,1021,1013,1013,1059,1042,1011,1012,1011,1011,1000,996,1008,1014,993,996,1020,1008,1008,1008,1008,998,1010,1022,1004,1004,1026,1025,1003,1003,1016,1016,1022,1022,1022,1022,1022,1022,1024,1030,1025,1028,1015,1010,1010,1012,1009,1031,1065,1068,1076,1099,1108,1094,1094,1074,1067,1069,1069,1068,1048,1047,1048,1049,1041,1030,1024,1034,1034,1050,1050,1050,1050,1050,1050,1039,1039,1039,1039,1028,1027,1035,1035,1033,1040,1040,1038,1038,1033,1038,1038,1049,1043,1041,1041,1045,1047,1038,1074,1080,1063,1042,1042,1042,1037,1036,1039,1039,1030,1030,1049,1020,1020,1016,1025,1029,1029,1029,1018,1016,1000,1002,1015,999,1001,1018,1012,1012,1019,1019,1012,1011,1011,1016,1016,1016,1016,1011,1011,994,1000,1013,1016,1016,1016,1008,1004,1030,1017,1017,1017,1015,1005,989,994,996,996,986,986,986,1004,1004,1000,999,988,984,987,990,990,993,988,978,974,974,966,967,987,989,981,981,986,982,987,1000,1000,992,992,992,992,992,980,981,984,993,998,999,1008,1010,995,977,984,984,997,981,981,981,988,983,985,980,980,973,961,962,983,992,973,973,990,990,990,990,990,983,944,944,944,944,944,944,944,944,944,944,944,945,955,955,947,942,936,940,949,951,962,962,975,971,956,955,959,965,961,965,974,969,969,960,960,960,960,960,963,960,962,969,969,959,952,987,981,969,969,969,976,968,968,968,984,973,973,975,973,973,981,981,981,981,981,990,990,1014,1014,1014,986,986,996,992,990,988,982,987,987,999,977,980,1006,990,979,1006,1009,1009,1009,995,1008,1009,1004,1019,1009,1033,1028,957,957,957,957,957,1162,1028,1028,1028,1042,1081,1116,1065,1077,1067,1075,1058,1052,1066,1066,1046,1046,1046,1046,1046,1046,1046,1049,1053,1037,1037,1048,1035,1039,1021,1020,1032,1032,1029,1021,1021,1035,1023,1028,1019,1017,1020,1012,1015,1014,1016,1016,1014,1015,1015,1015,1017,1003,1001,1001,1002,1000,1000,1031,1114,1121,1145,1163,1166,1161,1156,1163,1163,1177,1173,1173,1174,1198,1198,1198,1176,1175,1175,1166,1162,1174,1174,1187,1166,1166,1180,1186,1179,1186,1186,1186,1186,1186,1199,1199,1199,1199,1199,1199,1199,1199,1199,1199,1223,1203,1182,1187,1194,1196,1206,1202,1202,1174,1130,1113,1100,1092,1084,1075,1076,1077,1062,1050,1049,1046,1040,1040,1041,1026,1014,1018,1019,1011,1013,1013,1010,1010,1010,1010,999,999,990,990,976,975,981,977,980,985,985,965,977,986,982,982,982,991,985,982,982,976,981,964,967,973,973,973,973,973,969,959,958,958,959,959,959,959,959,959,956,962,970,964,947,947,947,949,948,946,945,945,951,957,950,950,950,959,967,969,962,958,951,950,972,987,972,972,947,947,928,935,948,950,950,951,946,946,946,946,960,960,941,941,948,948,952,962,972
962,991,1137,1079,1115,1081,1092,1110,1111,1126,1110,1119,1121,1123,1141,1130,1131,1135,1135,1136,1136,1119,1133,1127,1127,1136,1143,1143,1145,1145,1156,1159,1159,1159,1134,1127,1127,1130,1130,1124,1137,1132,1132,1112,1112,1124,1111,1099,1088,1083,1088,1088,1089,1089,1089,1091,1102,1102,1102,1102,1102,1102,1102,1102,1102,1102,1102,1099,1103,1090,1091,1109,1119,1119,1123,1123,1123,1109,1109,1097,1097,1097,1097,1097,1097,1085,1090,1082,1072,1083,1085,1085,1065,1065,1060,1060,1063,1056,1056,1056,1056,1056,1056,1057,1059,1052,1065,1065,1061,1053,1088,1081,1063,1064,1067,1069,1058,1047,1054,1060,1068,1081,1077,1074,1080,1070,1055,1055,1065,1065,1066,1066,1066,1066,1052,1063,1062,1059,1064,1068,1069,1070,1059,1050,1050,1056,1056,1056,1073,1078,1036,1009,1009,1012,1027,1049,1049,1049,1049,1049,1049,1049,1049,1049,1024,1024,1017,1001,1015,1018,1004,1003,1012,1011,1009,1009,1007,1007,1011,1021,1023,1008,1009,1009,1009,1015,1006,977,977,977,977,1008,1041,972,979,1011,1007,980,980,998,998,985,978,996,1012,1007,1007,996,997,1009,1012,1005,1011,1023,1022,1021,1021,1021,1021,1021,1021,1021,1021,1021,1020,1016,1002,1001,1002,988,988,990,991,1006,1017,1014,1010,1010,1017,1017,1015,1015,1015,1006,1006,1006,1006,1006,1013,1013,1013,1013,1013,1013,1009,1009,1001,1013,1010,1010,1009,1005,1001,1011,1011,1012,1012,1002,1002,1002,1002,1002,1006,1005,1005,1002,993,1002,1026,1038,1030,1030,1014,1014,1009,1003,1009,1009,1020,1020,1015,1015,1015,1010,1004,1001,1006,1006,990,989,989,985,972,978,978,992,981,981,967,966,966,966,962,932,931,977,991,991,939,942,942,948,948,948,948,948,948,950,934,943,947,947,942,945,945,936,944,942,949,966,980,980,973,973,973,958,968,974,964,962,976,976,942,942,948,948,951,951,951,951,934,959,947,949,956,959,959,960,963,963,953,943,940,951,945,938,954,954,958,950,962,962,966,970,981,1008,1008,1008,1008,1008,963,963,963,963,963,963,963,963,963,963,963,963,970,970,970,970,944,958,962,935,940,974,962,962,986,986,986,986,995,993,997,1010,1001,986,1004,992,982,998,980,983,988,981,984,984,984,967,957,951,951,974,974,953,951,960,961,961,953,976,970,959,959,963,963,963,963,951,963,982,978,978,966,966,966,963,957,957,961,961,961,961,961,961,961,962,969,976,972,963,969,973,977,959,954,966,959,939,949,949,949,961,952,962,971,969,960,960,960,955,971,961,961,958,982,985,985,978,967,957,954,970,971,985,985,978,981,978,980,980,980,980,968,968,976,976,976,973,979,979,979,979,990,972,976,976,976,1001,998,995,997,1005,1006,1006,989,993,1006,1006,1000,998,998,996,984,984,984,984,984,993,1004,996,1002,1002,1002,1002,1002,1021,1021,1005,998,1005,1021,1014,1001,1002,1004,1015,1015,1015,1013,1019,1028,1028,1042,1047,1029,1021,1026,1035,1021,1007,1007,997,997,997,997,1001,1014,1014,1003,1003,1003,1024,1024,1006,1006,1006,1006,1006,1006,1009,1009,1009,1009,1009,1009,1009,1026,1026,1026,1026,1035,1035,1035,1035,1028,1028,1028,1019,1019,1019,986,986,986,1036,1036,1008,1006,994,1028,1028,1028,992
1009,995,988,995,997,996,996,998,991,983,996,1011,1011,1011,1016,1009,1005,1002,1006,1015,1015,1010,1005,999,1008,1006,1005,1005,1010,1000,1000,1000,994,1002,1003,1004,1005,1003,999,997,995,1004,1007,992,992,992,995,988,988,989,986,981,993,993,981,982,979,977,983,989,990,983,980,990,1006,1006,990,984,984,998,998,998,998,979,990,995,983,980,980,980,981,981,976,1002,1002,1002,992,992,987,987,987,987,987,987,987,987,987,993,993,993,993,993,979,979,979,979,979,1017,1017,995,998,998,998,989,989,1010,1001,983,985,985,997,1005,1013,1012,1004,998,1002,999,997,997,1011,1020,987,996,1011,997,993,1014,1025,1026,1021,1014,1010,1010,988,988,988,988,996,996,994,994,994,994,994,994,994,994,963,967,989,1000,994,994,994,994,994,1003,998,995,997,1000,998,989,990,990,999,990,990,990,1003,1004,1000,994,1001,1001,1001,998,998,1004,1019,1017,1001,994,994,1005,1015,1016,1018,1025,1019,1019,1002,1002,1002,1002,997,1020,1016,1018,1018,1004,1001,998,998,990,991,974,981,991,986,985,985,995,995,995,995,995,995,995,985,979,998,990,999,1004,983,983,983,993,994,990,985,995,1013,984,998,998,998,998,1008,1008,1008,1008,1008,1003,1015,1011,1002,1007,1007,1007,1007,1019,1019,997,1007,1015,1007,1007,999,999,1025,1025,994,1000,1012,1013,990,1001,1001,1001,994,986,1003,1017,1013,1003,987,983,992,989,992,1001,1001,1004,1008,1005,1004,998,998,1004,1000,1012,1010,997,1012,1032,992,1002,1007,1007,1007,1004,1005,1008,1007,1005,1011,999,991,991,1009,1009,1008,1014,1032,1032,1039,1031,1017,1017,1036,1036,1035,1038,1044,1048,1045,1036,1047,1057,1030,1027,1052,1052,1048,1051,1062,1058,1046,1060,1060,1060,1058,1055,1055,1057,1062,1061,1058,1058,1058,1058,1071,1075,1065,1060,1052,1052,1043,1055,1055,1055,1055,1055,1078,1071,1071,1071,1084,1094,1087,1074,1061,1053,1077,1077,1077,1079,1079,1079,1079,1079,1058,1058,1058,1058,1058,1058,1058,1058,1058,1081,1081,1084,1084,1081,1084,1094,1094,1087,1057,1056,1083,1076,1076,1076,1077,1083,1074,1058,1084,1057,1069,1079,1063,1045,1056,1072,1067,1062,1074,1090,1074,1052,1052,1052,1052,1061,1068,1070,1080,1069,1071,1082,1069,1068,1071,1074,1074,1074,1074,1079,1065,1065,1080,1072,1072,1076,1086,1098,1098,1081,1081,1081,1069,1079,1092,1100,1100,1099,1090,1107,1111,1106,1085,1064,1064,1064,1064,1086,1073,1052,1064,1078,1085,1085,1085,1087,1083,1063,1063,1063,1063,1042,1042,1042,1042,1042,1052,1059,1059,1077,1077,1068,1066,1055,1033,1045,1065,1065,1025,1025,1025,1025,1025,1025,1018,1018,1018,981,981,981,871,871,871,871,871,871,871,871,875,875,875,875,875,875,875,898,898,898,898,898,898,898,916,916,916,916,916,916,913,913,913,932,924,909,909,909,909,931,914,903,922,929,929,927,928,913,913,886,886,886,886,886,886,886,912,912,921,895,893,935,943,943,899,956,927,921,935,935,935,941,941,941,941,941,925,916,953,937,906,899,899,889,889,889,889,889,894,921,905,859,862,893,898,898,899,899,903,869,849,885,864,803,805,755,745,772,753,691,660,681,689,634,598,652,680,626
726,1046,1051,1041,1038,1048,1045,1041,1045,1052,1052,1041,1034,1034,1029,1030,1036,1037,1033,1036,1024,1025,1026,1030,1030,1026,1026,1022,1018,1018,1018,1018,1019,1027,1019,1021,1024,1024,1024,1027,1012,1016,1021,1026,1026,1017,1031,1049,1048,1027,1016,1016,1023,1032,1032,1032,1032,1032,1024,1021,1021,1029,1053,1054,1036,1036,1028,1017,1017,1021,1026,1032,1031,1028,1021,1021,1013,1021,1029,1035,1021,1024,1025,1023,1032,1031,1019,1019,1021,1038,1038,1038,1038,1035,1015,1012,1014,1014,1012,1019,1019,1003,1003,1003,1003,1002,1004,1024,1031,1027,1026,1023,1026,1018,1018,1009,1024,1024,1024,1029,1028,1016,1019,1022,1014,1014,1003,995,990,982,990,993,993,996,996,996,996,985,985,984,995,1007,1008,1008,1009,1014,1011,994,993,1003,983,993,1012,1008,998,1018,1028,1016,1004,993,994,1002,1002,1010,1031,1058,1083,1093,1076,1054,1047,1047,1052,1040,1040,1022,1031,1016,1036,1051,1051,1051,1042,1026,1036,1031,1019,1009,1013,1013,1035,1029,1021,1023,1023,1026,1026,1022,1026,1026,1030,1013,1013,1013,1013,1013,1013,1026,1026,1008,996,1000,1022,1026,1034,1052,1058,1059,1062,1062,1077,1108,1130,1138,1140,1140,1140,1170,1170,1170,1181,1187,1173,1173,1148,1151,1134,1134,1134,1134,1134,1126,1126,1126,1131,1135,1138,1138,1131,1132,1134,1119,1119,1115,1138,1138,1138,1138,1144,1144,1124,1124,1124,1143,1143,1142,1157,1162,1162,1162,1152,1155,1155,1155,1155,1164,1210,1224,1226,1227,1227,1234,1233,1233,1211,1163,1163,1140,1140,1140,1142,1141,1126,1115,1115,1109,1109,1104,1100,1100,1100,1094,1091,1098,1106,1106,1087,1081,1081,1081,1081,1073,1061,1058,1046,1046,1046,1056,1054,1050,1042,1042,1045,1055,1055,1037,1026,1026,1045,1038,1039,1039,1043,1045,1045,1045,1045,1045,1045,1045,1045,1045,1036,1021,1022,1027,1026,1022,1024,1024,1024,1038,1034,1034,1034,1034,1014,1028,1043,1043,1017,1012,1012,1016,1014,1007,1002,1004,1017,1013,1013,996,996,996,996,996,990,998,998,998,998,995,995,995,985,980,993,991,991,991,992,1024,1010,998,1000,1002,1002,991,991,1000,1000,1018,1018,1018,1018,1018,1018,1018,1018,1018,1019,1012,1008,1012,1036,1036,1025,1024,1024,1024,1014,1013,1028,1028,1028,1022,1021,1024,1020,1020,1008,1016,1012,1004,1004,1004,1005,1003,988,993,993,1014,1016,1005,998,1008,1010,1001,991,990,990,1002,1002,1010,1010,1004,1000,1005,992,992,1008,1008,1000,1000,1000,1001,999,999,1003,997,1004,998,992,1008,993,993,993,988,988,989,988,995,990,988,993,993,968,968,968,985,985,985,985,984,981,975,1000,1016,1016,994,995,995,1022,1022,1006,992,1024,1013,1008,1015,1019,1036,1052,1049,1029,1029,1013,1008,1013,1030,1035,1035,1038,1042,1041,1041,1031,1030,1033,1033,1044,1037,1047,1050,1057,1059,1048,1048,1046,1059,1054,1057,1065,1058,1058,1044,1053,1057,1033,1029,1029,1048,1057,1057,1039,1040,1049,1049,1049,1036,1050,1050,1050,1050,1050,1050,1045,1045,1045,1045,1045,1031,1031,1047,1051,1045,1039,1043,1041,1034,1036,1036,1031,1027,1025,1031,1034,1037,1047,1042,1042,1036,1039,1036,1032,1039,1039,1031,1042,1031,1024,1036,1040,1039,1033,1032,1036,1027,1027,1021,1021,1029,1029,1029,1029,1038,1035,1028,1022,1017,1034,1034,1034,1029,1034,1034,1034,1034,1034,1034,1034,1034,1019,1021,1021,1021,1023,1023,1023,1043
1059,1059,1059,1059,1059,1059,1059,1059,1059,1059,1059,1059,1059,1059,1059,1059,1059,1043,1043,1043,1031,1025,1030,1040,1046,1046,1035,1034,1031,1035,1032,1032,1025,1032,1032,1032,1027,1038,1038,1040,1034,1042,1059,1059,1052,1035,1037,1036,1036,1035,1035,1035,1035,1035,1035,1030,1044,1046,1059,1067,1059,1040,1036,1038,1043,1043,1028,1028,1028,1028,1034,1034,1034,1034,1034,1034,1041,1036,1033,1024,1023,1021,1036,1044,1044,1044,1026,1026,1026,1026,1026,1026,1026,1038,1043,1041,1037,1035,1044,1044,1044,1039,1036,1038,1049,1054,1034,1034,1036,1039,1039,1039,1048,1031,1031,1038,1038,1038,1038,1038,1038,1038,1038,1032,1032,1032,1032,1032,1032,1035,1042,1030,1030,1030,1030,1046,1046,1046,1037,1037,1037,1033,1025,1025,1025,1035,1035,1035,1044,1041,1033,1036,1048,1048,1034,1033,1036,1049,1058,1058,1039,1039,1039,1049,1049,1049,1049,1046,1046,1046,1046,1046,1027,1029,1048,1048,1052,1046,1052,1049,1052,1052,1059,1059,1035,1036,1036,1041,1047,1046,1047,1047,1037,1043,1038,1027,1030,1040,1040,1031,1031,1031,1031,1024,1024,1024,1024,1043,1030,1030,1030,1030,1030,1028,1030,1047,1047,1047,1034,1038,1056,1056,1033,1037,1060,1060,1053,1048,1044,1033,1033,1035,1044,1039,1046,1053,1038,1038,1041,1041,1041,1041,1041,1041,1041,1041,1041,1045,1051,1056,1050,1045,1039,1027,1027,1025,1029,1032,1036,1034,1041,1043,1046,1034,1029,1032,1033,1042,1042,1044,1057,1057,1039,1039,1047,1047,1047,1047,1026,1024,1037,1037,1025,1028,1026,1006,1006,1006,1002,1002,1014,1030,1015,1007,1007,1018,1007,1033,1042,1028,1010,1010,1010,1048,1032,1032,1008,1009,1009,996,996,996,996,1016,988,991,1039,1012,979,1002,1002,1013,1016,1003,1003,997,997,996,1025,1011,989,1031,1011,1016,1015,1012,1018,1014,1012,1011,1007,1000,1000,997,1004,991,991,991,991,984,984,984,984,984,996,978,983,989,977,977,987,988,976,976,971,983,983,964,980,986,994,1000,1000,1000,1023,1023,1023,1023,1023,1023,1001,1001,1001,1001,1001,1001,1001,1001,1001,979,1018,1018,1018,1014,1025,1029,1030,1026,1017,1019,1019,1023,1029,1029,1029,1029,1029,1029,1029,1029,1029,1029,1014,1033,1033,1027,1000,1016,1024,1012,1011,1021,1014,1014,1020,1025,1017,1017,1017,1029,1029,1017,1026,1025,1006,1018,1035,1035,1024,1024,1024,1028,1024,1012,1007,1011,1022,1018,1009,1026,1026,1048,1032,1035,1035,1028,1028,1028,1023,1020,1029,1031,1026,1029,1038,1031,1021,1021,1017,1017,1038,1038,1038,1038,1040,1040,1052,1052,1063,1066,1062,1060,1070,1071,1071,1054,1054,1054,1066,1093,1093,1093,1093,1093,1093,1097,1079,1064,1053,1064,1084,1079,1079,1088,1088,1088,1088,1074,1074,1070,1070,1070,1070,1073,1080,1093,1085,1079,1084,1084,1087,1070,1075,1092,1093,1087,1087,1092,1072,1072,1072,1072,1072,1081,1077,1077,1095,1073,1079,1081,1068,1068,1068,1068,1073,1073,1080,1082,1081,1059,1059,1058,1053,1053,1053,1066,1056,1056,1063,1063,1044,1044,1035,1035,1041,1036,1036,1034,1032,1036,1036,1025,1026,1036,1048,1046,1036,1039,1039,1048,1045,1045,1044,1036,1023,1023,1023,1026,1013,1007,1007,1032,1032,1032,1027,1028,1029,1026,1020,1020,1014,1014,1014,1014,1014,1032,1021,1010,1010,1011,1023,1032,1027,1015,1016,1016,1021,1026,1026,1026,1026,1016,1020,1029,1029,1034,994,994,1004,1016,1029,1026,1026,1026,1018,1012,1012,1019,1031,1037
1030,1025,1023,1031,1030,1040,1045,1038,1038,1038,1039,1026,1027,1038,1044,1047,1041,1044,1054,1054,1050,1046,1049,1049,1053,1053,1048,1048,1048,1048,1048,1037,1035,1044,1041,1035,1035,1042,1034,1034,1034,1034,1037,1030,1030,1030,1028,1015,1010,1024,1035,1036,1036,1037,1018,1015,1036,1033,1014,1014,1020,1021,1017,1021,1021,1010,997,998,994,1002,1016,1022,1013,1023,1019,1001,994,994,994,1000,1006,1006,1001,995,1001,992,982,982,979,979,979,979,981,989,989,989,989,1023,1023,1023,1010,1004,994,1000,989,978,990,1001,991,991,983,994,1002,992,996,996,1009,1009,992,995,1011,993,978,1001,990,986,1003,1003,1003,1003,1006,1000,994,998,986,977,993,978,978,978,971,980,973,973,987,987,987,987,1003,1003,1003,1003,1004,1018,1018,1018,1008,1008,1008,1008,991,991,991,991,988,1003,1005,1004,1009,1012,1007,996,996,996,996,988,971,971,971,989,989,971,970,970,970,970,970,970,970,980,980,980,965,965,969,965,964,981,995,995,997,1001,983,973,973,978,976,976,999,999,999,999,999,997,991,995,993,976,956,959,978,985,985,964,964,961,961,961,962,968,972,973,975,974,975,979,966,959,977,990,985,977,981,980,980,958,958,988,994,994,973,980,990,987,987,985,986,986,984,984,984,984,1004,989,989,973,982,1013,1013,1005,1005,1005,1005,1005,1005,1005,1005,1005,1005,1009,1009,1018,1006,1000,1011,1007,997,997,999,1012,1020,1007,1007,991,1028,1028,1036,1031,1017,1017,1008,1008,1010,1010,1010,1010,1010,1010,1010,1010,1010,1010,1010,1010,1008,1010,1005,1002,999,995,995,988,1002,1013,1008,1006,1011,1011,994,994,1002,1002,1003,1002,1006,1006,1013,998,993,1006,1018,1015,1015,1020,1013,1013,1014,1003,1003,1008,1008,1008,1008,1008,1011,1016,1003,1019,1019,1019,993,990,997,997,1009,1009,1009,1009,1021,1014,1013,1024,1028,1019,1025,1032,1024,1013,1000,1000,1013,1013,1013,1003,999,1019,1023,1011,989,1004,1028,1033,1020,1010,1011,1008,1004,1002,1003,1011,1011,1002,1011,1026,1024,1024,1006,1006,1006,1006,1006,1006,1021,1007,1021,1039,1032,1032,1030,1047,1033,1033,1042,1041,1038,1042,1042,1054,1054,1026,1052,1044,1049,1049,1049,1049,1059,1059,1059,1059,1059,1062,1055,1056,1060,1059,1049,1042,1046,1046,1056,1056,1046,1046,1046,1046,1046,1046,1058,1047,1042,1056,1056,1044,1050,1062,1064,1064,1064,1054,1073,1063,1031,1038,1062,1055,1068,1068,1057,1056,1051,1050,1051,1051,1085,1079,1079,1056,1056,1056,1056,1056,1042,1046,1044,1038,1047,1047,1047,1051,1051,1049,1049,1053,1050,1033,1033,1041,1044,1044,1044,1044,1044,1065,1065,1052,1052,1052,1052,1052,1052,1052,1028,1028,1028,1042,1042,1042,1042,1028,1028,1028,1028,1028,1030,1030,1034,1034,1034,1047,1050,1041,1039,1039,1043,1019,1025,1035,1042,1040,1043,1053,1052,1048,1048,1034,1033,1016,1027,1027,1040,1022,1022,1022,1022,1022,1022,1037,1021,1016,1028,1028,1028,1024,1024,1052,1029,1029,1029,1014,1015,1017,1008,1014,1019,1021,1021,1009,1013,1029,1018,1018,1006,1013,1024,1021,1011,1011,992,1013,1013,999,999,1007,1009,1014,1016,1010,1010,1005,1002,999,999,999,990,990,994,994,994,994,994,999,1000,979,989,1003,997,991,995,995,1009,1004,1000,1000,991,988,999,995,983,985
1041,1041,1041,1041,1041,1041,1041,1041,1041,1041,1041,1039,1027,1029,1036,1036,1029,1022,1023,1031,1032,1027,1027,1027,1039,1039,1027,1027,1027,1027,1027,1014,1011,1009,1020,1020,1039,1033,1033,1028,1029,1024,1001,998,998,1033,1026,1040,1040,1050,1019,1010,1014,1020,1033,1033,1033,1033,1026,1033,1032,969,1006,1044,1032,1007,1024,1045,1045,1021,1021,1021,1013,1013,1020,1045,1045,1045,1045,1045,1045,1016,1044,1044,1032,1018,1018,990,990,990,999,1081,1081,1019,1019,1019,1025,1025,1025,1025,1025,1030,1030,1030,1014,1007,1000,990,989,989,1018,1031,996,1012,1030,1046,1052,1035,1011,1011,1012,1037,1012,1012,1047,1011,1011,1006,1046,1047,1036,1052,1052,1030,1034,1051,1042,1011,1018,1054,1050,1020,1020,1022,1035,1035,1055,1055,1055,1055,1108,1108,1108,1108,1096,1090,1088,1072,1056,1050,1046,1050,1065,1065,1066,1075,1066,1060,1076,1076,1076,1090,1095,1096,1105,1093,1079,1092,1094,1074,1098,1121,1121,1087,1096,1079,1065,1069,1069,1066,1074,1074,1074,1046,1048,1061,1059,1059,1074,1072,1058,1058,1063,1067,1066,1062,1076,1090,1074,1059,1061,1067,1067,1070,1070,1074,1074,1074,1074,1074,1092,1069,1070,1075,1085,1085,1083,1083,1083,1071,1081,1081,1059,1068,1096,1084,1084,1085,1093,1066,1066,1062,1060,1054,1057,1075,1090,1090,1075,1075,1075,1088,1027,1056,1076,1068,1078,1078,1070,1060,1069,1082,1082,1083,1067,1074,1074,1077,1092,1100,1074,1081,1097,1094,1077,1067,1078,1076,1076,1087,1103,1094,1094,1072,1072,1063,1065,1054,1053,1057,1057,1054,1062,1052,1053,1055,1042,1034,1034,1046,1038,1042,1049,1049,1045,1045,1028,1033,1033,1033,1033,1035,1035,1035,1063,1063,1062,1057,1067,1080,1070,1057,1057,1060,1067,1072,1076,1064,1046,1046,1079,1072,1069,1075,1077,1073,1073,1063,1054,1059,1059,1063,1060,1066,1077,1085,1076,1063,1063,1060,1063,1053,1048,1048,1075,1075,1075,1075,1075,1075,1043,1043,1056,1045,1045,1045,1050,1070,1069,1047,1051,1075,1075,1062,1053,1053,1055,1063,1056,1055,1051,1042,1032,1032,1036,1043,1051,1038,1038,1018,1049,1032,1012,1027,1027,1046,1048,1026,1026,1020,1027,1040,1035,1024,1026,1024,1007,1017,1030,1025,1021,1028,1029,1021,1022,1027,1028,1029,1035,1037,1032,1041,1050,1036,1029,1040,1048,1048,1039,1039,1025,1025,1025,1025,1025,1025,1038,1029,1019,1027,1027,1032,1016,1010,1019,1035,1021,1021,1044,1044,1044,1046,1046,1046,1064,1049,1015,1016,1029,1042,1039,1039,1027,1027,1027,1027,1027,1039,1043,1030,1030,1030,1042,1038,1029,1032,1035,1044,1041,1028,1036,1045,1039,1039,1036,1032,1038,1022,1029,1041,1018,1013,1013,1013,1013,1013,1013,1013,1013,1013,1013,1021,1021,1012,1024,1032,1024,1033,1048,1048,1048,1022,1032,1041,1041,1038,1038,1030,1043,1045,1028,1028,1048,1019,1023,1026,1028,1029,1029,1029,1029,1037,1049,1033,1044,1042,1042,1042,1040,1037,1033,1036,1049,1056,1043,1033,1051,1045,1042,1042,1029,1028,1038,1032,1022,1020,1020,1021,1024,1019,1008,1015,1015,1015,1037,1026,1013,1011,1008,1017,1017,1017,1023,1019,1015,989,1021,1017,1027,1027,1027,1027,1027,1021,1011,1008,1024,1027,1012,1012,1008,1037,1037,1037,1037,1037,1037,1037,1035,1031,1031,1036,1036,1036,1051,1051,1051,1051,1045,1037,1032,1036,1036,1043,1042,1047,1051,1044,1044,1059,1051,1051,1020,1021,1046,1049,1032,1040,1053,1034,1045,1057,1055,1046,1046,1061,1049,1041,1039,1048
1102,1102,1102,1102,1102,1102,1102,1102,1102,1102,1102,1102,1102,1096,1111,1109,1102,1093,1079,1079,1095,1090,1074,1071,1088,1090,1082,1082,1082,1077,1088,1088,1088,1088,1092,1079,1083,1077,1079,1091,1091,1091,1094,1101,1099,1084,1081,1081,1082,1077,1079,1096,1112,1112,1102,1054,1072,1093,1082,1082,1069,1049,1049,1049,1049,1049,1056,1049,1037,1036,1036,1036,1026,1016,1029,1032,1012,1012,1020,1009,1009,1009,1009,1009,1009,1006,1006,1006,1006,1019,1019,1019,1019,1019,1019,1000,1008,1014,1000,995,1000,1000,990,1003,998,997,997,1018,1018,1028,1028,1028,1028,1028,1028,1033,1008,1152,1152,1152,1152,1010,1010,1032,1057,1041,1028,1090,1090,1099,1099,1060,1115,1100,1085,1085,1085,1085,1085,1098,1081,1081,1086,1081,1081,1082,1087,1078,1072,1080,1080,1085,1094,1104,1097,1080,1088,1096,1091,1091,1094,1089,1096,1096,1102,1102,1102,1102,1102,1090,1090,1090,1119,1119,1119,1119,1100,1100,1100,1106,1106,1106,1102,1102,1102,1082,1082,1085,1098,1084,1093,1093,1084,1094,1097,1097,1094,1100,1089,1089,1094,1102,1102,1100,1093,1082,1091,1096,1089,1089,1089,1107,1099,1099,1099,1129,1129,1129,1129,1105,1107,1111,1095,1103,1105,1110,1110,1108,1100,1115,1114,1114,1114,1118,1118,1118,1118,1120,1114,1123,1118,1106,1108,1120,1119,1103,1093,1093,1097,1090,1090,1090,1090,1091,1084,1080,1088,1088,1081,1081,1088,1088,1088,1078,1081,1083,1091,1091,1091,1065,1076,1090,1090,1078,1088,1102,1091,1080,1080,1079,1075,1069,1078,1080,1068,1061,1073,1075,1060,1060,1067,1062,1067,1079,1066,1060,1073,1071,1071,1071,1071,1065,1069,1069,1064,1066,1072,1072,1069,1069,1072,1082,1068,1057,1057,1057,1067,1057,1054,1062,1056,1062,1062,1071,1060,1059,1070,1069,1067,1067,1067,1067,1067,1067,1067,1067,1067,1067,1081,1081,1081,1081,1081,1081,1082,1082,1076,1068,1082,1070,1061,1061,1070,1082,1093,1061,1077,1072,1071,1087,1073,1070,1079,1075,1062,1048,1048,1072,1072,1072,1072,1056,1063,1067,1067,1067,1080,1067,1048,1063,1073,1075,1058,1059,1054,1054,1054,1067,1067,1067,1067,1067,1053,1053,1053,1053,1053,1053,1053,1069,1068,1060,1059,1054,1054,1054,1055,1054,1060,1056,1056,1052,1055,1055,1053,1054,1050,1050,1059,1059,1051,1050,1050,1050,1050,1050,1050,1066,1054,1048,1056,1052,1052,1035,1041,1056,1048,1059,1077,1074,1074,1062,1060,1054,1054,1057,1049,1055,1059,1051,1051,1051,1063,1058,1060,1060,1057,1045,1078,1069,1046,1039,1039,1035,1035,1041,1049,1049,1048,1052,1052,1056,1056,1050,1050,1050,1050,1050,1050,1063,1065,1068,1069,1057,1054,1064,1064,1064,1053,1053,1053,1055,1052,1052,1054,1054,1059,1059,1059,1059,1059,1045,1043,1043,1043,1057,1057,1049,1063,1071,1062,1061,1069,1056,1040,1040,1051,1070,1070,1070,1070,1070,1070,1070,1065,1040,1047,1069,1062,1043,1052,1064,1048,1048,1035,1040,1037,1035,1027,1032,1043,1048,1036,1023,1023,1029,1072,1072,1072,1072,1038,1027,1028,1028,1029,1030,1030,1034,1110,1224,1257,1252,1252,1306,1306,1306,1313,1315,1303,1257,1218,1200,1191,1191,1176,1160,1154,1155,1147,1133,1139,1139,1129,1104,1105,1106,1098,1096,1091,1091,1078,1086,1083,1090,1085,1082,1078,1067,1074,1072,1050,1038,1044,1050,1045,1055,1063,1051,1061,1065,1065,1058,1062,1041,1048,1055,1055,1049,1056,1056,1049,1029,1054,1049,1033,1026,1050,1064,1064,1059,1046,1046,1054,1031,1035,1055,1062,1057,1057,1057
1119,1104,1093,1099,1096,1087,1114,1118,1100,1098,1106,1098,1092,1093,1093,1100,1109,1101,1083,1083,1083,1094,1097,1097,1099,1097,1097,1096,1084,1083,1090,1094,1094,1086,1081,1097,1096,1073,1056,1056,1070,1061,1038,1032,1046,1046,1052,1047,1047,1051,1051,1040,1046,1043,1043,1042,1043,1040,1043,1045,1045,1048,1055,1067,1068,1065,1065,1066,1047,1039,1052,1055,1057,1052,1052,1052,1058,1059,1058,1054,1055,1060,1062,1062,1062,1059,1065,1060,1058,1074,1087,1087,1087,1063,1063,1063,1063,1041,1041,1079,1069,1065,1065,1069,1068,1060,1064,1074,1074,1067,1067,1070,1068,1067,1070,1063,1068,1076,1080,1074,1067,1069,1067,1067,1060,1062,1071,1066,1061,1076,1086,1086,1086,1052,1056,1068,1072,1067,1062,1062,1134,1134,1134,1158,1100,1102,1102,1089,1080,1089,1096,1090,1092,1096,1094,1084,1070,1070,1079,1079,1068,1068,1081,1090,1091,1091,1091,1080,1080,1098,1098,1098,1097,1091,1077,1065,1072,1072,1086,1066,1062,1076,1076,1086,1071,1081,1081,1069,1069,1069,1069,1071,1068,1080,1092,1092,1092,1075,1068,1068,1084,1088,1076,1071,1071,1093,1095,1079,1070,1081,1081,1076,1058,1079,1084,1065,1062,1071,1058,1058,1057,1065,1065,1065,1071,1071,1083,1095,1086,1076,1076,1083,1079,1079,1068,1064,1064,1064,1064,1072,1097,1096,1096,1096,1081,1097,1097,1096,1084,1076,1082,1080,1079,1085,1087,1093,1092,1081,1077,1084,1084,1091,1080,1091,1094,1092,1092,1092,1092,1092,1075,1075,1086,1086,1086,1086,1081,1081,1102,1102,1102,1092,1074,1074,1074,1074,1074,1074,1080,1080,1082,1094,1072,1060,1060,1084,1084,1078,1081,1079,1083,1083,1096,1095,1099,1102,1102,1092,1088,1088,1088,1092,1092,1088,1082,1091,1086,1079,1085,1093,1084,1084,1070,1075,1082,1076,1061,1078,1078,1078,1096,1095,1095,1095,1095,1089,1080,1072,1075,1075,1088,1088,1089,1080,1093,1096,1096,1096,1096,1084,1084,1084,1084,1084,1084,1084,1084,1084,1094,1095,1085,1090,1087,1071,1073,1085,1065,1061,1075,1079,1082,1092,1096,1079,1068,1085,1088,1073,1073,1079,1076,1069,1069,1069,1071,1071,1103,1103,1103,1103,1087,1087,1087,1087,1087,1087,1087,1087,1068,1083,1090,1073,1073,1082,1068,1068,1072,1065,1060,1077,1077,1083,1090,1074,1074,1082,1073,1075,1075,1081,1081,1088,1088,1088,1071,1088,1067,1069,1069,1076,1076,1073,1068,1077,1079,1070,1070,1079,1086,1072,1064,1066,1064,1060,1069,1070,1070,1069,1056,1056,1069,1069,1047,1051,1057,1053,1073,1067,1050,1050,1050,1050,1050,1065,1076,1058,1057,1060,1059,1064,1066,1066,1052,1038,1050,1067,1070,1070,1070,1061,1061,1064,1061,1071,1062,1062,1047,1077,1077,1063,1057,1073,1072,1064,1058,1073,1092,1084,1084,1057,1057,1057,1055,1054,1057,1075,1075,1063,1054,1062,1071,1072,1063,1054,1054,1071,1071,1062,1059,1065,1065,1065,1065,1068,1070,1070,1077,1083,1083,1069,1069,1061,1073,1080,1069,1046,1041,1046,1052,1052,1062,1064,1058,1049,1047,1054,1054,1062,1048,1048,1048,1056,1056,1024,1028,1042,1052,1050,1039,1042,1050,1050,1052,1050,1050,1060,1055,1039,1046,1059,1049,1039,1041,1041,1040,1039,1039,1045,1077,1088,1079,1079,1079,1073,1073,1073,1071,1079,1065,1055,1067,1074,1074,1066,1063,1066,1066,1069,1075,1075,1057,1057,1075,1087,1083,1062,1070,1071,1053,1068,1080,1074,1068,1068,1078,1078,1073,1073,1073,1067,1065,1072,1069,1063,1077,1075,1049,1041,1047,1041,1036,1040,1045,1045,1052,1038,1037,1041,1045,1049
1090,1090,1095,1097,1118,1123,1105,1094,1102,1103,1094,1094,1096,1097,1097,1097,1097,1097,1099,1092,1088,1088,1103,1087,1091,1093,1093,1093,1093,1096,1091,1090,1098,1092,1088,1097,1103,1101,1101,1100,1076,1079,1087,1087,1085,1088,1067,1068,1090,1090,1082,1072,1053,1053,1110,1110,1061,1061,1079,1079,1079,1079,1079,1072,1068,1082,1102,1109,1080,1068,1071,1079,1072,1063,1066,1073,1073,1075,1080,1078,1086,1100,1103,1095,1082,1072,1066,1083,1096,1096,1099,1099,1099,1099,1099,1099,1079,1079,1107,1107,1096,1104,1080,1080,1093,1092,1087,1083,1080,1081,1076,1067,1067,1081,1076,1076,1076,1096,1096,1096,1096,1096,1096,1096,1097,1076,1076,1079,1069,1070,1082,1085,1074,1059,1069,1095,1095,1067,1060,1072,1072,1073,1073,1073,1062,1062,1062,1062,1062,1051,1051,1051,1051,1051,1051,1051,1070,1104,1096,1092,1080,1072,1071,1071,1082,1086,1086,1087,1100,1091,1091,1083,1083,1083,1083,1083,1078,1078,1099,1116,1098,1098,1091,1091,1091,1099,1094,1094,1094,1069,1069,1069,1069,1069,1069,1088,1088,1088,1088,1057,1057,1057,1057,1081,1103,1096,1076,1070,1070,1070,1073,1073,1073,1073,1073,1073,1073,1073,1073,1069,1071,1078,1076,1068,1070,1078,1076,1076,1077,1076,1067,1076,1076,1091,1075,1082,1082,1082,1084,1074,1088,1081,1068,1070,1076,1080,1077,1072,1074,1076,1076,1092,1092,1092,1092,1075,1077,1073,1075,1080,1071,1067,1084,1096,1096,1069,1069,1074,1074,1072,1076,1073,1071,1072,1075,1068,1063,1059,1047,1039,1039,1037,1051,1064,1059,1059,1066,1063,1063,1073,1071,1071,1073,1069,1070,1072,1072,1051,1051,1051,1051,1075,1080,1073,1066,1066,1064,1064,1072,1072,1060,1067,1067,1066,1056,1062,1061,1044,1047,1047,1058,1053,1056,1045,1038,1038,1046,1049,1050,1053,1050,1066,1063,1052,1062,1073,1066,1067,1076,1076,1071,1074,1078,1074,1083,1094,1084,1065,1069,1069,1115,1107,1073,1069,1088,1085,1085,1082,1084,1071,1072,1084,1084,1080,1073,1076,1073,1067,1069,1069,1045,1044,1081,1081,1060,1087,1111,1104,1096,1089,1089,1081,1081,1059,1083,1093,1093,1067,1067,1064,1064,1064,1064,1066,1066,1067,1066,1059,1058,1065,1066,1065,1071,1071,1075,1072,1070,1074,1080,1078,1078,1072,1065,1057,1062,1060,1051,1060,1076,1072,1072,1072,1073,1073,1063,1063,1063,1063,1071,1054,1042,1048,1048,1039,1039,1039,1044,1045,1043,1044,1036,1047,1047,1037,1026,1043,1045,1022,1015,1026,1026,1026,1033,1049,1049,1066,1050,1050,1035,1035,1034,1034,1057,1053,1060,1060,1060,1058,1050,1050,1050,1050,1037,1040,1051,1052,1040,1040,1040,1044,1044,1041,1053,1053,1047,1045,1047,1058,1060,1060,1060,1064,1064,1063,1058,1067,1067,1067,1069,1074,1074,1074,1075,1082,1077,1077,1077,1078,1084,1084,1072,1072,1072,1072,1072,1072,1072,1072,1072,1072,1072,1067,1067,1062,1062,1062,1062,1062,1067,1067,1067,1065,1073,1072,1072,1070,1073,1072,1072,1072,1072,1072,1089,1089,1089,1073,1086,1087,1081,1081,1081,1083,1083,1083,1085,1086,1081,1084,1093,1106,1117,1106,1106,1087,1087,1080,1088,1088,1086,1086,1082,1082,1082,1107,1104,1098,1098,1098,1096,1105,1105,1105,1105,1095,1095,1095,1095,1095,1095,1102,1101,1097,1098,1097,1097,1097,1093,1097,1097,1097,1092,1095,1094,1094,1093,1072,1072,1072,1072,1072,1072,1069,1069,1066,1056,1059,1071,1079,1070,1077,1077,1077,1078,1073,1078,1075,1078,1078,1078,1078,1078,1073,1073,1073,1073,1073,1065,1065,1065,1065
1106,1096,1098,1098,1099,1102,1097,1098,1099,1096,1094,1100,1109,1109,1109,1109,1110,1118,1128,1128,1112,1112,1130,1130,1127,1127,1113,1113,1113,1113,1113,1130,1130,1130,1139,1133,1124,1139,1155,1155,1134,1134,1135,1133,1134,1133,1130,1135,1139,1129,1129,1121,1126,1126,1126,1120,1131,1122,1122,1122,1122,1135,1136,1128,1128,1128,1131,1126,1110,1093,1091,1098,1096,1101,1133,1133,1166,1166,1166,1165,1162,1164,1164,1164,1165,1165,1162,1168,1168,1172,1153,1161,1161,1169,1168,1168,1168,1154,1154,1154,1154,1163,1153,1137,1137,1156,1157,1157,1173,1173,1173,1173,1173,1173,1155,1101,1166,1141,1062,1062,1123,1123,1123,1123,1174,1165,1168,1168,1166,1166,1166,1166,1188,1188,1188,1188,1188,1194,1194,1194,1194,1198,1210,1215,1215,1206,1197,1188,1190,1192,1196,1207,1196,1174,1181,1189,1169,1156,1168,1169,1169,1146,1164,1164,1167,1167,1155,1117,1151,1166,1148,1148,1155,1155,1130,1128,1115,1115,1113,1104,1104,1104,1104,1104,1104,1099,1091,1078,1094,1117,1117,1134,1134,1134,1093,1093,1115,1111,1090,1132,1121,1110,1113,1117,1091,1068,1130,1211,1209,1191,1191,1202,1170,1165,1161,1145,1135,1150,1162,1153,1146,1146,1148,1130,1143,1146,1146,1105,1149,1135,1089,1089,1127,1120,1154,1175,1172,1172,1166,1166,1132,1090,1090,1077,1107,1107,1107,1107,1097,1100,1105,1109,1113,1113,1118,1121,1100,1100,1100,1100,1057,1057,1083,1083,1108,1068,1068,1100,1100,1100,1042,1042,1042,1042,1163,1163,1163,1163,1163,1163,1163,1163,1163,1163,1163,1178,1189,1178,1178,1175,1164,1164,1164,1164,1184,1184,1184,1184,1184,1042,1153,1221,1171,1158,1158,1193,1189,1188,1166,1166,1166,1180,1160,1160,1160,1160,1160,1160,1160,1160,1160,1199,1199,1199,1199,1199,1199,1199,1175,1176,1190,1208,1167,1167,1167,1180,1192,1187,1205,1202,1193,1182,1179,1173,1164,1172,1184,1184,1140,1142,1156,1129,1098,1126,1156,1156,1140,1140,1145,1144,1158,1142,1120,1112,1131,1196,1196,1263,1263,1263,1263,1263,1263,1245,1245,1230,1228,1230,1230,1230,1230,1230,1230,1209,1222,1227,1213,1205,1205,1186,1186,1197,1197,1172,1184,1189,1187,1187,1170,1212,1182,1155,1179,1179,1169,1178,1178,1171,1172,1172,1166,987,987,987,987,1019,1017,1017,1030,1156,1156,1156,1156,1156,1156,1169,1180,1180,1180,1180,1180,1178,1149,1149,1140,1148,1157,1155,1147,1153,1148,1142,1155,1145,1113,1114,1128,1117,1108,1126,1136,1132,1137,1130,1122,1130,1130,1148,1147,1152,1153,1153,1110,1112,1128,1112,1112,1144,1182,1182,1103,1103,1103,1103,1103,1115,1115,1115,1124,1124,1124,1124,1124,1124,1124,1124,1124,1124,1124,1124,1124,1124,1106,1137,1152,1112,1115,1115,1081,1081,1062,1132,1154,1127,1132,1075,1156,1143,1126,1167,1150,1087,1124,1194,1170,1125,1142,1151,1124,1131,1166,1166,1166,1080,1097,1164,1172,1156,1162,1162,1138,1181,1194,1154,1155,1173,1159,1134,1152,1152,1171,1076,1076,1181,1156,1156,1156,1156,1156,1156,1156,1161,1161,1161,1177,1176,1161,1182,1209,1209,1194,1195,1192,1171,1162,1174,1174,1219,1220,1220,1186,1186,1193,1182,1182,1182,1191,1191,1212,1206,1160,1160,1159,1164,1173,1185,1184,1190,1191,1168,1161,1173,1163,1159,1167,1162,1168,1188,1197,1197,1197,1192,1143,1141,1167,1179,1176,1178,1166,1166,1136,1136,1136,1136,1124,1109,1109,1109,1109,1098,1098,1098,1098,1098,1098,1098,1139,1139,1139,1136,1097,1097,1097,1097,1097,1097,1097,1097,1075,1089
1064,1132,1159,1192,1162,1135,1145,1154,1153,1154,1166,1174,1172,1172,1172,1172,1170,1167,1164,1172,1184,1188,1182,1178,1191,1187,1156,1147,1171,1164,1144,1168,1198,1188,1165,1143,1143,1172,1172,1165,1146,1134,1134,1121,1120,1127,1127,1127,1126,1126,1126,1157,1157,1157,1157,1143,1156,1156,1156,1156,1156,1173,1173,1170,1163,1163,1169,1171,1173,1174,1163,1148,1143,1154,1166,1157,1156,1156,1195,1195,1145,1149,1156,1154,1154,1140,1144,1144,1140,1147,1150,1151,1149,1129,1121,1135,1147,1147,1119,1119,1119,1155,1135,1121,1115,1115,1115,1122,1122,1119,1116,1121,1121,1123,1088,1111,1107,1093,1093,1120,1120,1119,1119,1119,1119,1119,1113,1100,1097,1128,1128,1128,1128,1128,1128,1128,1128,1128,1128,1128,1128,1128,1128,1128,1128,1128,1114,1117,1103,1103,1132,1132,1150,1129,1143,1142,1129,1129,1121,1126,1126,1126,1126,1126,1138,1138,1138,1138,1138,1137,1121,1128,1138,1136,1143,1152,1152,1144,1150,1156,1151,1138,1138,1126,1126,1126,1126,1142,1147,1148,1149,1153,1148,1148,1141,1146,1146,1146,1148,1148,1152,1151,1143,1141,1143,1147,1147,1157,1140,1140,1158,1155,1144,1154,1149,1147,1147,1155,1153,1154,1152,1146,1146,1140,1124,1124,1140,1145,1140,1140,1139,1137,1137,1148,1148,1148,1151,1139,1139,1148,1152,1147,1150,1142,1145,1158,1157,1152,1157,1158,1150,1150,1145,1145,1145,1145,1162,1158,1149,1149,1154,1154,1154,1148,1158,1154,1146,1152,1159,1159,1148,1137,1131,1137,1142,1140,1140,1141,1141,1143,1145,1145,1144,1142,1139,1138,1134,1134,1142,1142,1142,1147,1126,1123,1130,1141,1135,1135,1135,1121,1140,1138,1134,1135,1130,1123,1122,1122,1123,1118,1118,1113,1122,1120,1123,1123,1123,1111,1140,1136,1136,1120,1111,1111,1109,1122,1122,1122,1122,1122,1116,1091,1089,1117,1117,1122,1122,1128,1096,1136,1143,1143,1121,1123,1116,1132,1148,1148,1154,1154,1130,1120,1120,1132,1132,1123,1128,1120,1120,1124,1113,1113,1146,1173,1173,1145,1142,1142,1142,1144,1144,1150,1150,1161,1169,1169,1157,1142,1150,1160,1154,1159,1159,1148,1151,1154,1145,1151,1171,1174,1155,1155,1146,1161,1167,1151,1159,1150,1155,1148,1144,1150,1150,1150,1150,1168,1168,1168,1168,1174,1174,1174,1174,1174,1170,1165,1165,1165,1170,1170,1170,1170,1170,1170,1170,1170,1170,1170,1170,1147,1147,1147,1147,1148,1137,1137,1137,1137,1137,1137,1137,1137,1137,1137,1137,1137,1139,1139,1134,1137,1139,1139,1135,1127,1129,1118,1123,1126,1129,1135,1143,1152,1152,1152,1152,1154,1140,1124,1126,1123,1120,1124,1130,1130,1128,1126,1124,1130,1130,1138,1141,1147,1137,1137,1138,1133,1137,1143,1143,1143,1143,1148,1152,1148,1150,1153,1156,1162,1170,1167,1167,1161,1166,1159,1159,1159,1159,1164,1177,1170,1179,1179,1177,1177,1177,1177,1177,1177,1180,1184,1192,1192,1183,1175,1175,1175,1175,1175,1175,1175,1175,1175,1175,1171,1182,1164,1176,1179,1174,1167,1167,1167,1167,1167,1167,1173,1173,1173,1173,1173,1173,1174,1174,1174,1174,1174,1174,1171,1178,1175,1179,1179,1192,1175,1156,1144,1136,1136,1136,1124,1129,1154,1147,1117,1117,1176,1176,1176,1176,1176,1176,1135,1135,1154,1154,1151,1142,1143,1148,1144,1141,1152,1159,1159,1165,1152,1157,1168,1167,1157,1153,1153,1151,1151,1140,1132,1139,1155,1155,1154,1154,1154,1154,1146,1143,1146,1146,1146,1146,1146,1146,1146,1148,1142,1142,1152,1150,1143,1143,1150,1156,1140,1140,1140,1140,1140,1142,1108,1121,1118
1165,1165,1165,1165,1165,1165,1165,1165,1165,1165,1165,1165,1165,1162,1162,1147,1147,1163,1173,1175,1170,1169,1169,1167,1146,1154,1176,1162,1147,1147,1165,1147,1144,1149,1149,1156,1156,1156,1156,1156,1154,1152,1158,1151,1163,1168,1166,1173,1184,1196,1196,1207,1195,1173,1175,1174,1171,1168,1173,1179,1180,1178,1178,1174,1183,1180,1170,1170,1170,1179,1169,1170,1180,1182,1182,1179,1188,1183,1183,1175,1192,1198,1198,1178,1178,1183,1170,1172,1172,1172,1172,1166,1177,1174,1158,1153,1153,1151,1151,1151,1149,1149,1143,1143,1143,1143,1143,1148,1149,1141,1144,1154,1155,1150,1150,1155,1155,1155,1155,1144,1143,1149,1155,1155,1164,1175,1180,1181,1186,1189,1187,1187,1190,1185,1178,1178,1198,1219,1206,1222,1234,1220,1209,1214,1214,1207,1211,1218,1218,1218,1222,1215,1207,1212,1217,1225,1236,1235,1227,1218,1214,1213,1215,1214,1205,1208,1217,1212,1204,1203,1192,1184,1193,1193,1203,1205,1205,1201,1197,1196,1200,1190,1182,1196,1209,1205,1202,1202,1202,1203,1198,1197,1206,1206,1194,1196,1198,1197,1204,1204,1185,1191,1191,1204,1187,1190,1190,1188,1199,1195,1174,1174,1189,1191,1198,1197,1197,1173,1173,1173,1170,1185,1185,1181,1182,1180,1175,1190,1205,1193,1193,1184,1184,1184,1177,1177,1177,1177,1177,1177,1177,1174,1177,1177,1187,1184,1178,1185,1188,1188,1182,1182,1182,1182,1177,1175,1179,1188,1188,1182,1182,1182,1176,1176,1167,1166,1181,1176,1176,1155,1146,1174,1174,1172,1180,1183,1183,1164,1164,1164,1164,1164,1174,1176,1176,1173,1172,1172,1172,1166,1166,1166,1166,1174,1167,1152,1153,1159,1156,1153,1159,1166,1169,1165,1165,1156,1163,1165,1168,1177,1177,1152,1150,1159,1151,1148,1148,1165,1168,1176,1186,1181,1168,1163,1159,1159,1157,1177,1177,1163,1165,1165,1151,1150,1150,1170,1174,1163,1169,1150,1147,1162,1158,1144,1154,1177,1180,1180,1170,1176,1179,1176,1178,1178,1178,1178,1175,1150,1151,1166,1167,1153,1159,1166,1157,1156,1160,1164,1167,1156,1143,1145,1145,1166,1160,1160,1160,1154,1154,1159,1164,1156,1178,1192,1165,1171,1172,1169,1162,1155,1165,1170,1166,1166,1166,1166,1165,1167,1168,1171,1169,1172,1165,1165,1159,1155,1155,1155,1155,1165,1167,1189,1212,1210,1196,1190,1189,1185,1185,1191,1187,1178,1184,1191,1186,1186,1170,1170,1185,1189,1183,1182,1187,1187,1187,1168,1168,1168,1174,1166,1173,1179,1174,1178,1182,1182,1170,1170,1181,1178,1171,1171,1176,1177,1168,1168,1185,1185,1185,1181,1181,1181,1179,1179,1179,1179,1167,1182,1181,1174,1174,1187,1187,1187,1175,1178,1194,1197,1187,1180,1180,1184,1172,1184,1187,1181,1184,1184,1172,1172,1164,1171,1175,1167,1171,1171,1179,1179,1185,1185,1185,1185,1185,1185,1185,1185,1170,1170,1170,1170,1170,1170,1170,1173,1176,1176,1176,1176,1171,1190,1190,1190,1190,1178,1174,1174,1174,1163,1161,1161,1148,1148,1148,1147,1135,1135,1135,1135,1135,1124,1124,1125,1112,1124,1130,1124,1129,1137,1131,1129,1130,1124,1123,1123,1153,1153,1153,1153,1153,1149,1149,1149,1149,1138,1138,1160,1160,1143,1143,1150,1137,1140,1140,1129,1131,1141,1141,1142,1135,1135,1131,1126,1139,1137,1140,1144,1135,1135,1148,1148,1138,1143,1143,1146,1139,1147,1156,1138,1128,1125,1131,1131,1140,1144,1144,1149,1146,1138,1149,1147,1146,1153,1155,1151,1146,1140,1140,1140,1147,1147,1150,1157,1156,1149,1151,1159,1162,1160,1155,1158,1165,1155,1144,1156,1164,1155,1151,1154,1147,1147
1178,1161,1211,1234,1133,1087,1170,1175,1137,1174,1198,1136,1136,1136,1136,1136,1133,1083,1083,1198,1256,1131,1092,1171,1177,1177,1163,1142,1158,1211,1159,1065,1065,1230,1199,1145,1145,1166,1144,1174,1179,1153,1147,1147,1106,1106,1169,1169,1183,1168,1080,1196,1196,1196,1196,1196,1244,1121,1178,1087,1087,1087,1082,1149,1099,1101,1126,1126,1126,1157,1157,1157,1126,1163,1168,1135,1158,1108,1130,1164,1140,1120,1151,1143,1084,1094,1150,1096,1116,1119,1106,1119,1115,1115,1115,1115,1108,1108,1142,1142,1062,1081,1142,1144,1101,1101,1127,1127,1119,1119,1119,1078,1151,1158,1128,1141,1146,1146,1126,1126,1098,1098,1119,1106,1154,1131,1099,1110,1138,1142,1128,1139,1171,1184,1184,1184,1161,1126,1166,1184,1149,1149,1136,1145,1145,1158,1158,1158,1158,1131,1108,1167,1167,1142,1126,1130,1123,1149,1149,1148,1185,1185,1185,1162,1139,1153,1133,1133,1148,1148,1148,1148,1123,1123,1156,1183,1152,1111,1133,1133,1149,1123,1146,1146,1129,1145,1184,1175,1179,1179,1180,1181,1150,1137,1165,1172,1172,1138,1117,1117,1145,1124,1122,1140,1133,1133,1118,1120,1129,1117,1117,1117,1117,1128,1111,1104,1123,1112,1096,1096,1112,1103,1071,1085,1111,1103,1111,1139,1118,1097,1109,1118,1158,1181,1156,1138,1142,1134,1137,1151,1150,1136,1132,1140,1146,1146,1148,1139,1139,1141,1132,1132,1132,1136,1131,1156,1159,1173,1167,1152,1166,1175,1161,1153,1153,1130,1130,1130,1130,1130,1159,1136,1122,1122,1126,1125,1125,1125,1125,1125,1125,1125,1125,1125,1097,1121,1135,1128,1135,1135,1143,1120,1140,1135,1103,1103,1123,1123,1123,1123,1123,1123,1123,1136,1136,1136,1136,1130,1110,1104,1098,1099,1118,1136,1133,1119,1126,1126,1134,1107,1107,1108,1141,1130,1121,1117,1117,1114,1118,1118,1118,1108,1128,1122,1123,1133,1133,1126,1115,1126,1109,1111,1123,1126,1117,1108,1116,1116,1130,1115,1131,1132,1109,1109,1109,1105,1110,1113,1113,1113,1128,1131,1119,1118,1123,1123,1125,1125,1125,1125,1125,1125,1123,1122,1125,1106,1102,1120,1115,1097,1097,1108,1137,1138,1108,1108,1126,1126,1126,1130,1138,1138,1137,1135,1140,1128,1128,1128,1128,1128,1135,1159,1150,1142,1143,1143,1135,1135,1155,1159,1147,1147,1155,1171,1171,1159,1135,1140,1156,1156,1164,1157,1154,1157,1154,1157,1157,1146,1146,1146,1146,1146,1146,1146,1146,1146,1146,1146,1146,1146,1149,1149,1149,1149,1149,1164,1153,1153,1175,1179,1179,1162,1160,1158,1158,1158,1165,1180,1180,1180,1188,1188,1167,1175,1182,1182,1184,1184,1186,1177,1194,1194,1166,1166,1166,1166,1174,1160,1160,1151,1164,1158,1156,1156,1152,1153,1151,1145,1149,1152,1137,1132,1148,1146,1146,1134,1142,1146,1141,1134,1134,1140,1137,1137,1137,1146,1153,1146,1129,1127,1121,1115,1117,1117,1113,1113,1112,1117,1127,1132,1118,1120,1126,1126,1117,1105,1102,1105,1105,1107,1111,1111,1111,1111,1111,1099,1127,1137,1152,1166,1156,1137,1122,1115,1115,1157,1151,1157,1177,1177,1149,1149,1149,1138,1136,1146,1145,1136,1140,1137,1124,1124,1124,1137,1137,1138,1138,1138,1138,1138,1127,1138,1148,1148,1139,1143,1143,1143,1143,1143,1152,1152,1152,1160,1160,1152,1141,1151,1156,1158,1170,1173,1163,1164,1168,1168,1175,1177,1177,1177,1177,1177,1177,1170,1175,1174,1166,1166,1168,1168,1168,1162,1147,1147,1159,1157,1157,1157,1161,1155,1155,1154,1153,1153,1169,1169,1169,1165,1165,1165,1165,1165,1154,1160,1148,1148,1148,1148,1148,1148
1154,1159,1148,1147,1156,1166,1164,1144,1151,1171,1165,1153,1159,1153,1137,1147,1157,1157,1157,1154,1154,1154,1165,1165,1213,1213,1213,1213,1213,1213,1213,1213,1169,1182,1189,1189,1183,1183,1181,1181,1181,1139,1139,1139,1139,1168,1168,1168,1168,1168,1168,1168,1168,1154,1154,1156,1156,1159,1159,1163,1174,1174,1174,1174,1174,1176,1164,1157,1162,1162,1159,1162,1160,1153,1153,1159,1159,1147,1147,1147,1147,1160,1160,1160,1140,1141,1150,1147,1143,1150,1149,1144,1141,1141,1145,1145,1162,1159,1151,1145,1141,1134,1134,1128,1138,1138,1138,1138,1138,1138,1138,1134,1138,1138,1138,1138,1138,1138,1138,1138,1138,1134,1147,1170,1173,1168,1172,1172,1167,1137,1137,1137,1137,1137,1151,1150,1143,1155,1157,1149,1158,1157,1157,1134,1134,1147,1147,1147,1147,1147,1137,1133,1131,1131,1132,1132,1130,1117,1120,1134,1139,1139,1137,1129,1121,1127,1135,1135,1139,1135,1135,1135,1135,1127,1127,1127,1127,1129,1120,1109,1110,1107,1096,1098,1112,1114,1103,1100,1102,1101,1105,1114,1131,1137,1121,1121,1121,1113,1100,1100,1100,1087,1087,1087,1087,1087,1087,1087,1097,1097,1105,1110,1117,1105,1099,1099,1096,1106,1101,1107,1107,1107,1107,1115,1100,1110,1119,1113,1108,1116,1117,1117,1107,1098,1099,1102,1104,1102,1100,1100,1097,1085,1085,1096,1105,1106,1091,1096,1106,1105,1097,1089,1089,1086,1082,1082,1082,1084,1089,1093,1095,1095,1101,1098,1086,1094,1088,1084,1082,1082,1090,1096,1098,1104,1104,1110,1103,1103,1106,1111,1104,1099,1099,1117,1117,1117,1130,1126,1136,1144,1147,1152,1153,1153,1130,1130,1125,1125,1118,1118,1118,1118,1118,1122,1117,1116,1118,1118,1123,1113,1113,1123,1131,1124,1124,1124,1126,1126,1133,1132,1132,1128,1128,1128,1128,1131,1123,1123,1123,1123,1123,1123,1119,1119,1119,1119,1119,1119,1119,1131,1116,1116,1112,1150,1152,1141,1136,1136,1132,1132,1132,1132,1132,1132,1143,1143,1141,1103,1109,1109,1125,1125,1125,1125,1145,1170,1170,1153,1153,1139,1139,1139,1129,1130,1130,1130,1130,1131,1127,1133,1135,1131,1119,1114,1130,1150,1150,1133,1133,1147,1147,1147,1147,1126,1126,1126,1126,1126,1123,1111,1138,1121,1119,1125,1118,1118,1130,1137,1137,1137,1142,1144,1144,1142,1142,1142,1142,1129,1167,1167,1151,1159,1167,1143,1140,1166,1183,1168,1155,1162,1162,1146,1146,1135,1152,1150,1130,1130,1162,1162,1155,1113,1143,1143,1143,1143,1143,1143,1174,1174,1174,1143,1144,1164,1163,1151,1149,1149,1137,1136,1121,1121,1115,1138,1141,1141,1141,1140,1142,1142,1147,1135,1135,1137,1148,1148,1162,1172,1172,1172,1154,1154,1149,1139,1127,1137,1161,1172,1166,1166,1166,1166,1117,1117,1173,1173,1173,1172,1172,1172,1169,1169,1169,1169,1169,1169,1169,1169,1180,1180,1179,1174,1183,1168,1168,1168,1168,1168,1168,1168,1168,1168,1168,1168,1168,1169,1164,1172,1183,1183,1176,1187,1184,1184,1184,1169,1180,1180,1180,1180,1185,1169,1156,1156,1156,1176,1176,1176,1176,1182,1189,1163,1171,1163,1163,1163,1163,1183,1190,1190,1173,1173,1161,1167,1170,1168,1168,1172,1175,1166,1163,1163,1163,1163,1163,1163,1163,1163,1163,1163,1166,1166,1166,1174,1164,1161,1161,1161,1151,1151,1146,1135,1141,1160,1160,1165,1153,1143,1138,1134,1134,1122,1122,1133,1128,1134,1148,1152,1152,1157,1157,1170,1158,1153,1153,1156,1156,1157,1157,1157,1157,1145,1145,1162,1168,1168,1168,1154,1154,1154,1163,1159,1159,1148,1144,1145,1135,1126,1140,1140
1220,1273,1251,1218,1246,1294,1281,1239,1253,1277,1259,1244,1299,1299,1299,1299,1299,1299,1240,1287,1269,1202,1202,1335,1302,1253,1272,1272,1259,1259,1259,1259,1288,1288,1258,1254,1279,1315,1315,1322,1321,1319,1259,1259,1259,1242,1242,1242,1242,1242,1242,1323,1271,1270,1299,1307,1255,1253,1322,1322,1322,1322,1332,1296,1280,1278,1278,1278,1317,1308,1288,1288,1288,1288,1280,1280,1275,1260,1262,1274,1277,1276,1267,1254,1260,1260,1289,1251,1250,1310,1316,1274,1290,1325,1325,1305,1279,1280,1285,1292,1290,1290,1299,1299,1216,1168,1144,1127,1125,1125,1124,1108,1108,1108,1096,1097,1090,1088,1098,1104,1106,1110,1110,1106,1106,1106,1106,1106,1095,1095,1095,1094,1123,1143,1143,1091,1091,1091,1091,1091,1120,1120,1120,1120,1096,1097,1114,1123,1123,1130,1129,1126,1125,1125,1132,1132,1128,1128,1125,1123,1123,1123,1123,1102,1102,1111,1111,1111,1111,1111,1111,1124,1110,1110,1110,1104,1104,1104,1104,1104,1115,1098,1099,1127,1127,1129,1116,1116,1116,1109,1109,1109,1108,1111,1105,1093,1094,1094,1108,1113,1113,1113,1113,1113,1113,1121,1124,1123,1125,1121,1121,1111,1112,1112,1112,1112,1128,1130,1118,1118,1114,1114,1105,1108,1106,1109,1116,1116,1108,1108,1108,1101,1101,1101,1096,1085,1083,1092,1093,1086,1088,1088,1089,1082,1089,1100,1100,1100,1100,1103,1096,1097,1097,1109,1109,1109,1109,1105,1105,1105,1105,1105,1093,1093,1099,1111,1110,1093,1085,1085,1098,1104,1093,1088,1095,1095,1096,1095,1083,1083,1082,1082,1082,1082,1102,1097,1092,1102,1106,1107,1107,1108,1091,1088,1088,1096,1111,1111,1111,1111,1111,1111,1111,1111,1111,1109,1105,1101,1101,1109,1126,1125,1110,1105,1099,1091,1095,1093,1104,1114,1111,1101,1088,1084,1084,1081,1086,1096,1095,1093,1093,1097,1103,1104,1103,1109,1107,1099,1102,1102,1106,1099,1099,1099,1110,1104,1094,1096,1096,1103,1103,1102,1107,1097,1089,1103,1103,1103,1095,1095,1089,1090,1101,1101,1109,1100,1105,1095,1110,1110,1110,1110,1118,1124,1116,1110,1108,1104,1104,1108,1108,1108,1108,1098,1105,1112,1109,1109,1109,1109,1107,1109,1124,1136,1136,1124,1117,1123,1131,1129,1116,1104,1110,1110,1103,1103,1125,1125,1125,1125,1125,1115,1092,1113,1129,1118,1107,1113,1118,1118,1097,1097,1097,1097,1097,1097,1097,1097,1097,1097,1097,1114,1116,1112,1112,1112,1112,1112,1112,1112,1112,1112,1112,1112,1112,1112,1111,1111,1111,1097,1097,1128,1128,1118,1111,1107,1112,1130,1129,1114,1108,1105,1098,1100,1103,1103,1104,1104,1104,1104,1105,1105,1112,1106,1105,1109,1109,1107,1107,1107,1112,1111,1108,1119,1122,1118,1118,1128,1128,1119,1121,1116,1104,1093,1093,1116,1116,1116,1108,1118,1118,1117,1117,1140,1121,1118,1136,1143,1143,1131,1134,1138,1136,1136,1128,1125,1123,1123,1121,1127,1139,1134,1122,1117,1121,1122,1122,1131,1131,1131,1138,1144,1144,1132,1139,1159,1150,1135,1133,1133,1105,1105,1105,1105,1136,1154,1139,1139,1133,1132,1117,1117,1117,1117,1107,1107,1107,1107,1109,1111,1121,1129,1123,1108,1095,1109,1123,1122,1122,1125,1121,1121,1133,1138,1135,1131,1139,1151,1144,1135,1135,1141,1149,1153,1153,1150,1151,1150,1154,1150,1135,1127,1127,1161,1172,1161,1161,1132,1125,1125,1143,1133,1133,1119,1125,1137,1137,1137,1133,1127,1127,1127,1119,1125,1113,1111,1121,1126,1122,1115,1115,1119,1112,1109,1129,1143,1138,1129,1121,1120,1125,1125,1115,1111,1119,1119,1109,1112,1110,1128
1169,1169,1169,1169,1169,1169,1169,1169,1169,1169,1169,1169,1169,1169,1169,1169,1158,1149,1149,1162,1162,1178,1171,1169,1168,1168,1171,1165,1165,1152,1141,1162,1162,1162,1171,1153,1152,1152,1156,1145,1145,1145,1145,1145,1145,1155,1155,1155,1180,1159,1150,1132,1132,1132,1132,1142,1156,1153,1148,1148,1143,1145,1147,1145,1151,1171,1176,1158,1145,1145,1130,1130,1130,1144,1144,1144,1142,1136,1136,1132,1132,1136,1140,1144,1127,1118,1124,1119,1126,1144,1132,1111,1114,1114,1114,1127,1127,1121,1116,1117,1126,1125,1116,1116,1128,1142,1135,1152,1149,1133,1132,1139,1139,1124,1126,1135,1139,1139,1146,1140,1119,1111,1122,1133,1132,1132,1123,1118,1135,1146,1146,1140,1142,1141,1129,1120,1125,1140,1145,1145,1140,1140,1126,1128,1138,1138,1138,1138,1138,1138,1142,1147,1147,1134,1135,1147,1138,1138,1123,1124,1130,1127,1120,1122,1124,1126,1133,1133,1144,1144,1147,1142,1143,1143,1147,1146,1146,1149,1144,1146,1146,1133,1133,1146,1146,1146,1146,1140,1135,1142,1130,1130,1125,1125,1148,1148,1148,1148,1150,1150,1150,1150,1150,1124,1121,1133,1143,1143,1143,1142,1145,1142,1137,1132,1139,1146,1146,1117,1126,1141,1141,1139,1136,1139,1136,1132,1136,1143,1136,1128,1138,1150,1150,1152,1155,1156,1158,1168,1176,1164,1146,1146,1151,1145,1145,1145,1147,1147,1154,1154,1154,1148,1155,1155,1156,1153,1144,1144,1147,1147,1146,1148,1163,1154,1126,1136,1136,1132,1132,1132,1147,1147,1145,1138,1138,1139,1139,1139,1139,1139,1143,1143,1147,1141,1148,1146,1142,1139,1126,1116,1120,1123,1123,1141,1132,1115,1115,1133,1127,1117,1117,1114,1114,1114,1114,1114,1114,1108,1123,1124,1107,1100,1109,1110,1107,1102,1119,1155,1169,1179,1233,1301,1280,1284,1288,1270,1258,1258,1258,1283,1283,1246,1260,1268,1275,1275,1276,1245,1276,1279,1262,1277,1279,1268,1268,1285,1273,1274,1274,1282,1309,1303,1308,1308,1326,1283,1318,1299,1299,1299,1303,1322,1322,1362,1362,1362,1362,1395,1376,1376,1379,1376,1353,1373,1365,1357,1365,1367,1372,1386,1383,1383,1383,1384,1393,1371,1371,1372,1353,1327,1306,1306,1309,1276,1276,1281,1271,1235,1214,1223,1245,1245,1215,1211,1224,1214,1200,1210,1219,1219,1196,1196,1196,1189,1189,1189,1189,1189,1183,1183,1193,1187,1193,1198,1198,1198,1174,1198,1198,1197,1200,1201,1196,1189,1186,1186,1211,1211,1185,1185,1185,1185,1190,1205,1198,1185,1198,1198,1198,1167,1171,1171,1184,1184,1184,1184,1168,1168,1167,1167,1179,1176,1169,1161,1158,1158,1167,1177,1171,1160,1157,1168,1169,1170,1167,1165,1178,1184,1171,1164,1170,1170,1174,1170,1162,1163,1163,1164,1170,1170,1170,1162,1162,1149,1160,1156,1145,1159,1159,1159,1157,1162,1162,1161,1161,1161,1161,1161,1161,1161,1161,1147,1150,1138,1144,1167,1167,1172,1162,1162,1162,1162,1152,1154,1181,1179,1178,1171,1171,1168,1170,1170,1170,1153,1176,1172,1153,1157,1169,1169,1191,1191,1191,1171,1168,1154,1130,1138,1149,1149,1138,1151,1142,1122,1122,1122,1137,1132,1118,1133,1118,1133,1128,1122,1122,1122,1132,1129,1129,1129,1144,1144,1135,1135,1135,1135,1148,1148,1130,1130,1130,1141,1132,1138,1138,1146,1103,1134,1144,1122,1120,1129,1127,1131,1131,1131,1126,1122,1134,1131,1126,1130,1129,1125,1133,1133,1134,1115,1110,1121,1136,1136,1136,1136,1136,1136,1136,1136,1136,1124,1127,1133,1115,1136,1136,1136,1144,1144,1144,1144,1144,1144,1140,1143,1146,1150,1150,1154,1143,1143
1196,1196,1196,1196,1196,1196,1196,1196,1196,1196,1196,1196,1196,1196,1203,1210,1190,1177,1177,1193,1172,1176,1172,1161,1168,1181,1181,1180,1169,1169,1173,1154,1160,1175,1176,1167,1168,1168,1164,1168,1179,1171,1171,1182,1182,1182,1186,1179,1171,1178,1182,1187,1187,1187,1194,1169,1169,1169,1183,1183,1181,1181,1181,1181,1181,1181,1181,1178,1165,1165,1164,1166,1158,1158,1158,1168,1169,1156,1170,1162,1161,1190,1194,1166,1156,1163,1160,1144,1137,1137,1167,1149,1145,1158,1153,1153,1146,1146,1146,1160,1160,1160,1139,1139,1140,1147,1158,1158,1158,1159,1184,1184,1184,1184,1184,1168,1168,1169,1160,1164,1165,1160,1148,1148,1148,1120,1120,1120,1120,1120,1120,1120,1120,1130,1130,1130,1130,1130,1130,1134,1141,1126,1126,1117,1122,1120,1131,1131,1136,1131,1131,1133,1134,1130,1133,1140,1138,1135,1135,1135,1132,1127,1134,1134,1147,1146,1146,1139,1127,1139,1149,1137,1130,1130,1141,1141,1139,1144,1144,1144,1162,1162,1154,1154,1152,1157,1153,1141,1165,1162,1145,1150,1165,1164,1156,1151,1154,1157,1161,1161,1159,1158,1158,1158,1158,1158,1159,1169,1149,1149,1133,1133,1134,1134,1134,1133,1133,1133,1133,1133,1133,1140,1134,1134,1134,1134,1134,1134,1134,1153,1153,1153,1149,1149,1149,1151,1151,1151,1151,1147,1145,1157,1159,1148,1154,1163,1164,1161,1161,1161,1158,1145,1145,1154,1159,1143,1130,1130,1132,1140,1136,1139,1146,1143,1137,1154,1207,1265,1281,1266,1271,1287,1281,1278,1292,1292,1303,1319,1320,1320,1320,1311,1309,1307,1314,1318,1315,1319,1323,1323,1333,1326,1310,1313,1311,1307,1314,1303,1286,1291,1291,1296,1297,1298,1298,1306,1300,1281,1281,1287,1287,1293,1287,1293,1286,1281,1287,1290,1290,1281,1280,1281,1265,1257,1257,1277,1271,1270,1278,1279,1278,1266,1266,1266,1270,1270,1270,1270,1270,1277,1270,1197,1197,1197,1197,1197,1197,1197,1197,1200,1200,1200,1200,1200,1192,1188,1188,1192,1187,1184,1195,1194,1194,1180,1184,1184,1169,1169,1168,1171,1176,1181,1170,1165,1165,1165,1174,1151,1161,1166,1166,1154,1152,1163,1154,1149,1152,1157,1159,1160,1154,1149,1160,1162,1149,1149,1149,1157,1161,1171,1164,1164,1161,1161,1149,1150,1151,1151,1156,1152,1147,1146,1142,1138,1133,1133,1133,1149,1151,1148,1148,1139,1139,1136,1138,1138,1138,1138,1138,1138,1138,1126,1134,1127,1121,1137,1150,1150,1163,1271,1278,1277,1277,1283,1288,1289,1296,1300,1300,1255,1249,1232,1232,1220,1230,1226,1219,1224,1223,1206,1206,1193,1193,1187,1189,1199,1200,1207,1213,1196,1184,1190,1190,1190,1190,1187,1188,1188,1178,1171,1193,1184,1185,1171,1163,1160,1164,1175,1171,1171,1171,1171,1171,1156,1148,1153,1150,1150,1150,1164,1162,1162,1154,1159,1159,1159,1149,1138,1137,1142,1142,1126,1126,1151,1149,1148,1143,1133,1133,1133,1142,1123,1123,1139,1132,1124,1124,1136,1139,1137,1137,1124,1123,1127,1117,1118,1130,1130,1130,1123,1107,1108,1114,1110,1116,1127,1124,1124,1152,1152,1152,1152,1152,1152,1152,1152,1152,1152,1152,1152,1137,1137,1134,1123,1123,1117,1115,1115,1115,1115,1115,1115,1113,1113,1102,1102,1111,1107,1107,1107,1217,1217,1217,1217,1217,1236,1236,1236,1236,1236,1236,1235,1235,1217,1217,1217,1217,1217,1227,1227,1227,1216,1220,1209,1188,1188,1177,1177,1174,1179,1185,1185,1167,1162,1175,1179,1167,1167,1170,1170,1170,1169,1156,1156,1156,1156,1156,1156,1138,1133,1118,1115,1115,1146,1139,1138,1147,1147,1130,1130
1121,1121,1121,1121,1124,1124,1124,1124,1124,1124,1124,1111,1118,1129,1137,1149,1149,1132,1128,1137,1139,1131,1126,1123,1122,1122,1129,1134,1134,1134,1134,1134,1135,1141,1142,1135,1135,1126,1126,1126,1126,1132,1125,1125,1132,1147,1138,1133,1135,1135,1135,1137,1137,1137,1137,1137,1129,1132,1132,1134,1140,1149,1141,1141,1148,1157,1149,1149,1138,1138,1138,1138,1132,1130,1134,1132,1121,1123,1141,1141,1129,1133,1140,1137,1137,1137,1136,1131,1127,1139,1126,1129,1145,1137,1142,1193,1239,1242,1231,1231,1213,1213,1213,1189,1189,1189,1186,1188,1138,1138,1138,1138,1138,1138,1138,1138,1138,1138,1138,1143,1141,1130,1130,1130,1132,1132,1129,1128,1131,1138,1130,1130,1135,1135,1123,1128,1130,1128,1128,1129,1129,1129,1129,1129,1139,1139,1141,1141,1141,1130,1130,1130,1130,1130,1129,1126,1126,1123,1117,1117,1117,1129,1126,1114,1114,1114,1114,1114,1114,1114,1114,1120,1125,1127,1128,1128,1130,1128,1134,1134,1135,1135,1133,1137,1138,1122,1123,1152,1159,1165,1216,1216,1263,1263,1238,1238,1232,1228,1233,1244,1254,1258,1255,1260,1264,1252,1236,1225,1216,1216,1219,1214,1214,1206,1199,1201,1204,1196,1191,1190,1182,1182,1181,1192,1192,1174,1174,1163,1165,1171,1171,1156,1154,1160,1160,1155,1151,1163,1170,1159,1158,1164,1157,1153,1163,1167,1157,1153,1153,1159,1139,1136,1147,1151,1141,1143,1152,1146,1146,1140,1134,1115,1110,1116,1119,1119,1114,1101,1080,1083,1121,1140,1118,1119,1119,1119,1131,1074,1074,1132,994,928,1113,1229,1229,1124,1124,1178,1129,1086,1098,1181,1198,1218,1218,1218,1242,1239,1216,1216,1204,1230,1189,1189,1168,1175,1251,1375,1404,1370,1370,1375,1368,1352,1352,1374,1368,1395,1404,1404,1404,1396,1429,1429,1429,1404,1383,1359,1330,1340,1343,1337,1334,1334,1334,1332,1332,1332,1333,1333,1308,1269,1249,1258,1258,1267,1274,1274,1281,1291,1291,1285,1288,1312,1293,1276,1260,1293,1334,1302,1302,1300,1373,1341,1341,1391,1391,1391,1378,1343,1343,1321,1321,1321,1321,1303,1303,1303,1303,1303,1303,1303,1303,1303,1303,1311,1289,1278,1293,1275,1280,1292,1291,1287,1295,1295,1312,1263,1263,1285,1285,1252,1252,1252,1252,1252,1252,1252,1209,1241,1241,1241,1241,1241,1241,1220,1220,1198,1198,1198,1198,1198,1198,1259,1247,1227,1223,1223,1238,1230,1230,1233,1261,1240,1240,1219,1202,1256,1330,1330,1293,1293,1323,1309,1278,1278,1281,1306,1310,1310,1310,1240,1294,1287,1268,1268,1268,1268,1264,1264,1264,1264,1267,1257,1257,1255,1293,1274,1277,1277,1277,1250,1250,1252,1252,1252,1231,1193,1245,1291,1274,1261,1261,1244,1253,1253,1264,1265,1270,1248,1261,1287,1287,1287,1292,1279,1269,1258,1253,1251,1252,1265,1273,1256,1244,1244,1258,1246,1247,1257,1270,1298,1298,1298,1325,1323,1333,1335,1321,1323,1334,1338,1342,1342,1342,1329,1329,1329,1329,1323,1316,1323,1316,1310,1298,1289,1295,1295,1294,1296,1301,1292,1274,1274,1304,1304,1283,1281,1286,1286,1262,1272,1289,1289,1272,1270,1276,1278,1278,1279,1287,1300,1294,1294,1335,1335,1335,1314,1297,1326,1318,1318,1318,1326,1326,1326,1336,1316,1315,1328,1325,1325,1313,1316,1313,1327,1326,1326,1316,1321,1325,1324,1324,1324,1306,1298,1308,1330,1321,1319,1323,1323,1322,1325,1325,1325,1300,1300,1300,1300,1300,1314,1301,1281,1276,1276,1276,1275,1283,1293,1294,1294,1278,1269,1269,1258,1272,1249,1258,1261,1256,1256,1256,1250,1250,1250,1249,1258,1258,1258
1123,1123,1130,1110,1110,1110,1110,1110,1110,1110,1110,1110,1110,1110,1110,1110,1122,1124,1124,1119,1119,1119,1119,1119,1119,1123,1123,1123,1123,1123,1143,1147,1145,1145,1145,1141,1141,1141,1141,1141,1140,1133,1133,1133,1146,1146,1142,1142,1142,1142,1159,1152,1141,1149,1147,1141,1132,1127,1136,1144,1137,1141,1144,1144,1135,1135,1148,1148,1148,1148,1150,1145,1148,1145,1139,1139,1147,1147,1140,1143,1151,1145,1145,1145,1132,1140,1146,1141,1132,1137,1137,1156,1182,1200,1205,1182,1163,1162,1157,1157,1145,1154,1161,1159,1158,1163,1163,1160,1171,1174,1155,1148,1148,1158,1119,1129,1152,1153,1140,1137,1140,1140,1128,1145,1155,1138,1126,1135,1148,1133,1110,1110,1148,1137,1138,1141,1140,1168,1195,1195,1190,1194,1194,1177,1143,1134,1155,1159,1131,1131,1151,1186,1177,1177,1138,1154,1199,1184,1184,1184,1184,1184,1184,1184,1149,1149,1166,1186,1181,1186,1179,1180,1161,1117,1079,1049,1049,1005,969,960,926,920,936,936,915,991,991,1021,1000,1000,955,955,955,955,1021,1020,1002,1036,1042,1042,1051,1025,1025,1025,1025,1025,1025,1025,1047,1047,1047,1042,1054,1080,1090,1091,1091,1085,1085,1085,1068,1062,1038,1017,1057,1057,1105,1098,1079,1059,1089,1067,969,997,1121,1119,1119,1073,1086,1093,1089,1063,1063,1063,1076,1106,1106,1106,1051,1051,1070,1101,1092,1137,1137,1080,1085,1085,1139,1086,1127,1140,1140,1124,1090,1111,1144,1116,1116,1116,1124,1121,1070,1070,1127,1156,1130,1108,1108,1106,1144,1144,1144,1123,1145,1145,1145,1145,1124,1091,1091,1179,1179,1179,1110,1162,1181,1129,1090,1090,1134,1102,1102,1102,1158,1133,1104,1128,1170,1170,1104,1109,1149,1149,1161,1132,1107,1110,1146,1162,1113,1113,1110,1116,1043,1093,1093,1182,1100,1100,1100,1077,1077,1077,1077,1077,1077,1128,1118,1104,1126,1127,1127,1060,1060,1060,1084,1164,1095,1131,1155,1120,1129,1124,1066,1054,1108,1108,1099,1033,1104,1124,1067,1028,1041,1063,1065,1064,1083,1060,992,992,1094,1111,1062,1038,1042,1051,1051,897,897,1084,937,937,931,1013,1075,1093,1046,1041,1041,1005,1023,1017,1017,1020,951,902,957,957,1043,926,893,982,1013,1013,930,906,947,870,797,886,881,732,726,798,756,830,795,713,746,837,772,693,783,851,796,762,797,799,781,793,826,857,857,858,858,858,858,858,836,883,862,855,911,915,915,957,957,957,957,858,858,858,858,858,858,858,911,911,911,911,921,888,883,950,937,930,950,953,927,898,888,888,949,949,926,885,897,919,931,927,854,924,984,948,902,890,896,917,932,920,881,868,909,950,795,795,795,887,879,885,908,805,811,811,965,996,929,919,893,918,952,953,953,953,943,954,931,889,968,965,949,958,967,950,931,944,944,946,894,907,1003,941,986,1008,977,999,1018,999,1016,1016,1033,1000,1015,1019,1007,1028,1045,990,985,1057,1050,1050,1034,1091,990,990,1068,1119,1119,999,1066,1066,943,1012,1057,1031,1031,898,898,1102,1102,1038,997,997,997,997,997,997,997,997,997,997,1015,1021,966,966,1020,1020,943,943,943,1063,1002,991,998,998,983,998,1007,979,936,897,863,829,790,918,1077,1035,1035,1035,944,944,1025,871,1023,970,970,970,970,970,989,989,989,989,967,967,967,967,974,1012,993,1015,1030,1010,1022,1022,1063,1117
1094,1094,1098,1106,1106,1104,1099,1099,1105,1104,1103,1106,1111,1110,1108,1111,1112,1114,1117,1111,1102,1102,1105,1105,1105,1105,1104,1104,1104,1104,1104,1104,1104,1104,1112,1112,1112,1112,1095,1095,1095,1095,1087,1087,1087,1087,1087,1087,1087,1087,1089,1089,1084,1090,1090,1090,1069,1069,1069,1069,1075,1112,1107,1102,1097,1097,1088,1079,1079,1069,1090,1090,1090,1083,1088,1103,1103,1083,1083,1079,1074,1081,1069,1069,1069,1069,1069,1084,1055,1072,1036,997,1052,1112,1100,1100,1068,1061,1076,1087,1087,1075,1079,1079,1071,1082,1084,1081,1076,1074,1074,1079,1087,1088,1090,1087,1085,1085,1076,1073,1073,1084,1100,1085,1077,1088,1092,1092,1110,1110,1110,1097,1099,1083,1068,1069,1069,1068,1102,1102,1094,1094,1111,1114,1118,1118,1118,1112,1112,1112,1131,1131,1131,1131,1131,1127,1132,1122,1133,1134,1134,1134,1122,1122,1122,1137,1137,1152,1152,1129,1120,1114,1115,1112,1116,1136,1136,1123,1119,1119,1115,1091,1088,1093,1102,1103,1097,1094,1094,1104,1082,1078,1078,1115,1044,1044,1044,1131,1131,1131,1110,1130,1130,1130,1123,1126,1114,1114,1110,1110,1107,1118,1117,1115,1121,1121,1104,1104,1104,1104,1113,1113,1096,1103,1116,1116,1111,1109,1109,1121,1132,1132,1132,1132,1129,1129,1129,1129,1105,1120,1120,1120,1112,1120,1107,1107,1097,1113,1113,1113,1108,1108,1098,1105,1115,1120,1124,1131,1131,1133,1133,1112,1112,1094,1123,1123,1118,1112,1109,1122,1117,1117,1117,1104,1099,1106,1110,1111,1111,1111,1111,1094,1095,1109,1109,1104,1104,1109,1109,1113,1113,1113,1103,1103,1086,1092,1092,1092,1110,1079,1079,1079,1079,1094,1094,1082,1082,1082,1082,1082,1082,1082,1082,1087,1075,1083,1108,1111,1099,1099,1095,1095,1100,1100,1100,1100,1120,1101,1087,1078,1076,1089,1089,1099,1085,1094,1083,1078,1078,1099,1090,1085,1082,1076,1076,1076,1076,1095,1079,1079,1083,1091,1103,1103,1107,1112,1105,1105,1090,1093,1097,1106,1112,1110,1110,1110,1106,1097,1099,1102,1118,1136,1136,1135,1121,1132,1136,1130,1130,1126,1114,1109,1109,1113,1127,1126,1126,1126,1138,1138,1105,1105,1105,1105,1105,1105,1105,1115,1123,1122,1125,1107,1102,1116,1121,1126,1133,1127,1111,1099,1099,1103,1116,1119,1132,1132,1116,1116,1105,1118,1110,1104,1104,1119,1119,1119,1121,1121,1121,1119,1121,1120,1121,1126,1116,1116,1104,1118,1104,1093,1093,1116,1116,1116,1116,1098,1098,1098,1111,1097,1097,1097,1100,1091,1092,1092,1087,1107,1107,1107,1107,1094,1094,1096,1100,1100,1100,1100,1095,1108,1108,1108,1100,1100,1100,1115,1115,1115,1092,1092,1092,1092,1092,1091,1100,1106,1106,1106,1109,1109,1109,1109,1109,1109,1095,1105,1115,1112,1109,1109,1113,1107,1107,1087,1086,1098,1100,1094,1094,1089,1089,1089,1093,1093,1093,1093,1106,1096,1105,1109,1107,1102,1102,1102,1105,1105,1098,1085,1085,1080,1087,1087,1081,1087,1102,1112,1076,1076,1076,1076,1076,1076,1076,1076,1076,1093,1094,1083,1083,1080,1080,1063,1063,1077,1077,1077,1077,1077,1077,1090,1079,1077,1089,1085,1074,1088,1105,1100,1100,1080,1084,1066,1060,1060,1087,1087,1062,1079,1086,1080,1072,1065,1065,1070,1073,1073,1073,1104,1104,1104,1091,1096,1101,1098,1091,1091,1091,1098,1084,1079,1079,1089,1095,1095,1086,1089,1082,1086,1088,1087,1089,1089,1085,1082,1086,1087,1076,1079,1079,1102,1102,1095,1090,1090,1092,1092,1119,1119,1119,1119,1119,1087,1073,1080,1080,1081,1075,1089,1093,1085
1140,1140,1140,1140,1140,1140,1140,1140,1140,1140,1140,1140,1140,1132,1132,1132,1132,1132,1136,1140,1136,1118,1126,1126,1126,1119,1110,1123,1131,1118,1118,1109,1109,1109,1109,1115,1115,1115,1115,1115,1122,1134,1132,1130,1124,1117,1120,1120,1127,1127,1127,1127,1135,1135,1135,1122,1131,1136,1131,1131,1132,1127,1127,1112,1112,1112,1112,1129,1129,1118,1120,1144,1144,1129,1122,1121,1122,1127,1121,1112,1116,1118,1117,1125,1125,1125,1135,1143,1139,1139,1145,1144,1146,1133,1133,1133,1120,1134,1130,1144,1144,1129,1129,1123,1136,1127,1131,1136,1128,1128,1120,1123,1130,1125,1113,1128,1147,1147,1136,1129,1124,1124,1132,1139,1139,1130,1130,1130,1130,1129,1114,1117,1122,1121,1129,1129,1128,1128,1132,1128,1127,1130,1126,1126,1134,1136,1131,1132,1143,1143,1136,1136,1143,1141,1130,1130,1128,1133,1136,1127,1121,1121,1117,1125,1125,1145,1123,1123,1123,1110,1108,1109,1117,1121,1124,1131,1131,1131,1128,1131,1137,1135,1119,1119,1131,1149,1149,1142,1145,1143,1134,1139,1143,1143,1134,1134,1137,1152,1146,1135,1134,1125,1127,1136,1136,1136,1136,1132,1129,1128,1131,1131,1134,1142,1142,1135,1135,1116,1116,1116,1116,1127,1127,1127,1127,1127,1127,1118,1120,1111,1123,1134,1127,1127,1127,1127,1112,1112,1112,1112,1112,1130,1130,1130,1131,1131,1131,1114,1108,1108,1116,1134,1132,1117,1118,1122,1122,1118,1123,1147,1147,1147,1121,1121,1121,1121,1121,1107,1107,1107,1107,1107,1107,1139,1139,1128,1128,1127,1116,1102,1102,1111,1122,1112,1108,1122,1108,1112,1130,1137,1137,1119,1127,1136,1133,1133,1118,1130,1141,1134,1134,1141,1133,1133,1125,1125,1125,1125,1123,1138,1138,1138,1138,1138,1124,1124,1124,1128,1105,1122,1138,1120,1120,1115,1115,1121,1113,1121,1138,1128,1115,1115,1123,1123,1114,1127,1127,1123,1133,1133,1144,1144,1144,1127,1146,1152,1138,1122,1129,1144,1144,1144,1144,1144,1163,1156,1140,1140,1132,1126,1126,1126,1115,1120,1146,1149,1151,1147,1144,1137,1144,1151,1145,1137,1138,1143,1143,1143,1143,1132,1146,1159,1159,1159,1159,1143,1143,1143,1143,1139,1137,1147,1150,1146,1136,1138,1145,1148,1156,1171,1171,1150,1148,1148,1155,1136,1136,1136,1136,1136,1136,1136,1152,1149,1141,1139,1135,1131,1134,1137,1137,1147,1147,1147,1147,1147,1137,1132,1132,1127,1127,1127,1127,1126,1126,1138,1127,1127,1136,1136,1135,1135,1135,1141,1141,1141,1141,1128,1135,1135,1135,1135,1139,1139,1139,1136,1136,1123,1123,1118,1118,1118,1140,1140,1140,1140,1133,1134,1141,1141,1114,1114,1137,1137,1137,1137,1142,1138,1144,1150,1147,1141,1142,1136,1136,1120,1124,1140,1142,1239,1302,1346,1346,1346,1346,1418,1452,1482,1493,1509,1549,1549,1599,1595,1604,1604,1646,1646,1646,1646,1646,1653,1679,1675,1674,1674,1671,1671,1690,1690,1690,1678,1663,1663,1681,1681,1682,1682,1675,1675,1675,1673,1654,1656,1668,1670,1670,1650,1652,1652,1651,1635,1643,1643,1642,1628,1622,1617,1601,1601,1585,1583,1577,1582,1587,1587,1570,1550,1543,1551,1558,1542,1534,1538,1530,1519,1519,1519,1512,1499,1491,1484,1479,1474,1467,1467,1467,1452,1449,1440,1432,1432,1420,1450,1486,1495,1486,1474,1466,1466,1452,1447,1448,1448,1426,1429,1434,1423,1423,1405,1399,1400,1396,1388,1388,1384,1370,1370,1370,1363,1353,1350,1355,1344,1326,1326,1305,1311,1303,1289,1286,1273,1258,1266,1269,1269,1221,1217,1210,1195,1195,1192,1187,1174,1171,1182,1182,1157,1149,1141
1093,1093,1093,1093,1093,1093,1093,1093,1093,1093,1093,1093,1089,1079,1085,1072,1062,1093,1100,1085,1087,1091,1077,1085,1109,1097,1077,1098,1122,1108,1108,1083,1103,1117,1117,1088,1088,1090,1093,1096,1110,1110,1120,1106,1112,1123,1119,1101,1102,1102,1128,1145,1130,1094,1084,1116,1117,1117,1129,1129,1129,1100,1100,1100,1100,1105,1105,1105,1105,1105,1121,1131,1119,1115,1126,1117,1110,1123,1136,1122,1112,1115,1116,1128,1150,1143,1132,1135,1114,1108,1151,1179,1179,1141,1141,1141,1147,1147,1157,1168,1154,1154,1139,1127,1123,1129,1137,1146,1138,1138,1134,1134,1120,1120,1115,1124,1127,1118,1116,1133,1142,1125,1125,1136,1127,1127,1131,1139,1139,1139,1139,1139,1132,1126,1128,1112,1102,1124,1147,1140,1128,1149,1145,1111,1121,1164,1164,1146,1101,1091,1146,1196,1189,1148,1148,1106,1203,1183,1138,1143,1135,1125,1137,1131,1131,1146,1174,1174,1174,1174,1174,1195,1188,1185,1175,1183,1180,1155,1155,1162,1162,1162,1172,1172,1172,1177,1186,1191,1191,1191,1191,1186,1195,1196,1177,1169,1169,1195,1195,1189,1191,1218,1236,1209,1157,1169,1219,1233,1223,1216,1210,1216,1233,1233,1204,1204,1204,1203,1171,1185,1212,1206,1190,1190,1185,1199,1190,1192,1192,1200,1200,1200,1200,1198,1210,1206,1217,1223,1195,1199,1199,1199,1177,1177,1208,1183,1202,1251,1249,1218,1218,1231,1249,1249,1241,1235,1248,1253,1265,1293,1289,1264,1276,1270,1270,1279,1288,1282,1256,1252,1264,1244,1244,1244,1244,1264,1241,1241,1241,1264,1253,1245,1245,1245,1245,1245,1245,1245,1245,1245,1245,1245,1245,1245,1245,1245,1245,1245,1237,1237,1249,1251,1233,1237,1257,1256,1256,1238,1238,1254,1251,1251,1257,1259,1259,1256,1252,1258,1258,1258,1248,1248,1269,1256,1241,1261,1274,1262,1262,1250,1250,1250,1250,1250,1248,1244,1244,1241,1241,1241,1241,1249,1249,1239,1239,1239,1239,1239,1248,1242,1246,1242,1231,1231,1231,1253,1246,1233,1231,1244,1244,1230,1230,1230,1230,1239,1225,1222,1216,1209,1215,1215,1215,1228,1229,1209,1209,1197,1206,1217,1223,1223,1201,1216,1213,1200,1223,1235,1207,1201,1201,1208,1195,1204,1201,1189,1192,1204,1212,1205,1205,1208,1208,1208,1193,1193,1214,1214,1205,1205,1213,1213,1213,1213,1213,1213,1212,1194,1204,1216,1209,1223,1233,1220,1203,1195,1195,1191,1180,1173,1181,1196,1188,1176,1188,1204,1204,1175,1172,1172,1168,1179,1190,1181,1182,1210,1210,1210,1183,1180,1189,1186,1199,1199,1211,1212,1215,1198,1192,1204,1202,1202,1209,1209,1219,1197,1197,1197,1197,1193,1193,1193,1193,1195,1182,1183,1194,1200,1200,1195,1177,1166,1203,1195,1186,1181,1172,1156,1149,1171,1203,1216,1220,1220,1205,1168,1184,1184,1177,1177,1177,1218,1218,1179,1171,1177,1181,1189,1191,1190,1204,1204,1204,1184,1184,1184,1181,1181,1181,1177,1177,1177,1177,1177,1181,1181,1181,1181,1181,1180,1179,1179,1158,1160,1160,1172,1173,1183,1183,1158,1158,1158,1194,1194,1194,1184,1187,1187,1187,1187,1187,1187,1208,1148,1184,1225,1195,1194,1205,1162,1148,1177,1194,1194,1190,1188,1229,1202,1223,1323,1369,1376,1427,1474,1483,1486,1525,1575,1587,1597,1597,1669,1656,1650,1654,1681,1693,1693,1693,1687,1671,1654,1674,1708,1709,1700,1700,1701,1686,1692,1701,1701,1706,1706,1699,1678,1690,1690,1690,1690,1690,1690,1690,1662,1678,1676,1659,1665,1689,1689,1661,1661,1653,1646,1646,1661,1663,1663,1639,1639,1625,1618,1630,1631,1631,1629,1631,1600,1607,1607
