0,0,0,0,0,0,0,0,0,0,0,0,0,0,0,0,0,0,0,0,0,0,0,0,0,0,0,0,0,0,0,0,0,0,0,0,0,0,0,0,0,0,0,0,5544,5544,5544,5544,5544,5544,5544,5544,5544,5544,5544,5544,5544,5544,5544,5544,5544,5544,5544,5544,5544,5544,5544,5544,5544,5544,5544,5544,5544,5544,5544,5544,5544,5544,5544,5544,5544,5544,5544,5544,5544,5544,5544,5544,5544,5544,5544,5544,5544,5544,5544,5544,5544,5544,5544,5544,5544,5544,5544,5544,5544,5544,5544,5576,5576,5576,5576,5576,5576,5576,5576,5576,5576,5576,5576,5576,5576,5576,5576,5576,5576,5576,5576,5576,5576,5576,5576,5576,5576,5576,5576,5576,5576,5576,5576,5576,5576,5576,5576,5576,5576,5576,5576,5576,5576,5576,5576,5576,5576,5576,5576,5576,5576,5576,5576,5576,5576,5576,5576,5576,5576,5576,5576,5576,5576,5576,5576,5544,5544,5544,5544,5544,5544,5544,5544,5544,5544,5544,5544,5544,5544,5544,5544,5544,5544,5544,5544,5544,5544,5544,5544,5544,5544,5544,5544,5544,5544,5544,5544,5544,5544,5544,5544,5544,5544,5544,5544,5544,5544,5544,5544,5544,5544,5544,5544,5544,5544,5544,5544,5544,5544,5544,5544,5544,5544,5544,5544,5544,5544,5544,5544,5544,5592,5592,5592,5592,5592,5592,5592,5592,5592,5592,5592,5592,5592,5592,5592,5592,5592,5592,5592,5592,5592,5592,5592,5592,5592,5592,5592,5592,5592,5592,5592,5592,5592,5592,5592,5592,5592,5592,5592,5592,5592,5592,5592,5592,5592,5592,5592,5592,5592,5592,5592,5592,5592,5592,5592,5592,5592,5592,5592,5592,5592,5592,5592,5592,5592,5552,5552,5552,5552,5552,5552,5552,5552,5552,5552,5552,5552,5552,5552,5552,5552,5552,5552,5552,5552,5552,5552,5552,5552,5552,5552,5552,5552,5552,5552,5552,5552,5552,5552,5552,5552,5552,5552,5552,5552,5552,5552,5552,5552,5552,5552,5552,5552,5552,5552,5552,5552,5552,5552,5552,5552,5552,5552,5552,5552,5552,5552,5552,5552,5632,5632,5632,5632,5632,5632,5632,5632,5632,5632,5632,5632,5632,5632,5632,5632,5632,5632,5632,5632,5632,5632,5632,5632,5632,5632,5632,5632,5632,5632,5632,5632,5632,5632,5632,5632,5632,5632,5632,5632,5632,5632,5632,5632,5632,5632,5632,5632,5632,5632,5632,5632,5632,5632,5632,5632,5632,5632,5632,5632,5632,5632,5632,5632,5632,5632,5480,5480,5480,5480,5480,5480,5480,5480,5480,5480,5480,5480,5480,5480,5480,5480,5480,5480,5480,5480,5480,5480,5480,5480,5480,5480,5480,5480,5480,5480,5480,5480,5480,5480,5480,5480,5480,5480,5480,5480,5480,5480,5480,5480,5480,5480,5480,5480,5480,5480,5480,5480,5480,5480,5480,5480,5480,5480,5480,5480,5480,5480,5480,5520,5520,5520,5520,5520,5520,5520,5520,5520,5520,5520,5520,5520,5520,5520,5520,5520,5520,5520,5520,5520,5520,5520,5520,5520,5520,5520,5520,5520,5520,5520,5520,5520,5520,5520,5520,5520,5520,5520,5520,5520,5520,5520,5520,5520,5520,5520,5520,5520,5520,5520,5520,5520,5520,5520,5520,5520,5520,5520,5520,5520,5520,5520,5520,5520,5680,5680,5680,5680,5680,5680,5680,5680,5680,5680,5680,5680,5680,5680,5680,5680,5680,5680,5680,5680,5680,5680,5680,5680,5680,5680,5680,5680,5680,5680,5680,5680,5680,5680,5680,5680,5680,5680,5680,5680,5680,5680,5680,5680,5680,5680,5680,5680,5680,5680,5680,5680,5680,5680,5680,5680,5680,5680,5680,5680,5680,5680,5680,5680,5680,5608,5608,5608,5608,5608,5608,5608,5608,5608,5608,5608,5608,5608,5608,5608,5608
0,0,0,0,0,0,0,0,0,0,0,5680,5680,5680,5680,5680,5680,5680,5680,5680,5680,5680,5680,5680,5680,5680,5680,5680,5680,5680,5680,5680,5680,5680,5680,5680,5680,5680,5680,5680,5680,5680,5680,5680,5680,5680,5680,5680,5680,5680,5680,5680,5680,5680,5680,5680,5680,5680,5680,5680,5680,5680,5680,5680,5680,5680,5680,5680,5680,5680,5680,5680,5680,5680,5680,5680,5680,5680,5512,5512,5512,5512,5512,5512,5512,5512,5512,5512,5512,5512,5512,5512,5512,5512,5512,5512,5512,5512,5512,5512,5512,5512,5512,5512,5512,5512,5512,5512,5512,5512,5512,5512,5512,5512,5512,5512,5512,5512,5512,5512,5512,5512,5512,5512,5512,5512,5512,5512,5512,5512,5512,5512,5512,5512,5512,5512,5512,5512,5512,5512,5512,5512,5568,5568,5568,5568,5568,5568,5568,5568,5568,5568,5568,5568,5568,5568,5568,5568,5568,5568,5568,5568,5568,5568,5568,5568,5568,5568,5568,5568,5568,5568,5568,5568,5568,5568,5568,5568,5568,5568,5568,5568,5568,5568,5568,5568,5568,5568,5568,5568,5568,5568,5568,5568,5568,5568,5568,5568,5568,5568,5568,5568,5568,5472,5472,5472,5472,5472,5472,5472,5472,5472,5472,5472,5472,5472,5472,5472,5472,5472,5472,5472,5472,5472,5472,5472,5472,5472,5472,5472,5472,5472,5472,5472,5472,5472,5472,5472,5472,5472,5472,5472,5472,5472,5472,5472,5472,5472,5472,5472,5472,5472,5472,5472,5472,5472,5472,5472,5472,5472,5472,5472,5472,5472,5472,5472,5472,5472,5472,5472,5472,5432,5432,5432,5432,5432,5432,5432,5432,5432,5432,5432,5432,5432,5432,5432,5432,5432,5432,5432,5432,5432,5432,5432,5432,5432,5432,5432,5432,5432,5432,5432,5432,5432,5432,5432,5432,5432,5432,5432,5432,5432,5432,5432,5432,5432,5432,5432,5432,5432,5432,5432,5432,5432,5432,5432,5432,5432,5432,5432,5432,5432,5432,5432,5432,5672,5672,5672,5672,5672,5672,5672,5672,5672,5672,5672,5672,5672,5672,5672,5672,5672,5672,5672,5672,5672,5672,5672,5672,5672,5672,5672,5672,5672,5672,5672,5672,5672,5672,5672,5672,5672,5672,5672,5672,5672,5672,5672,5672,5672,5672,5672,5672,5672,5672,5672,5672,5672,5672,5672,5672,5672,5672,5672,5672,5672,5672,5672,5672,5672,5528,5528,5528,5528,5528,5528,5528,5528,5528,5528,5528,5528,5528,5528,5528,5528,5528,5528,5528,5528,5528,5528,5528,5528,5528,5528,5528,5528,5528,5528,5528,5528,5528,5528,5528,5528,5528,5528,5528,5528,5528,5528,5528,5528,5528,5528,5528,5528,5528,5528,5528,5528,5528,5528,5528,5528,5528,5528,5528,5528,5528,5528,5528,5528,5416,5416,5416,5416,5416,5416,5416,5416,5416,5416,5416,5416,5416,5416,5416,5416,5416,5416,5416,5416,5416,5416,5416,5416,5416,5416,5416,5416,5416,5416,5416,5416,5416,5416,5416,5416,5416,5416,5416,5416,5416,5416,5416,5416,5416,5416,5416,5416,5416,5416,5416,5416,5416,5416,5416,5416,5416,5416,5416,5416,5416,5416,5416,5416,5416,5416,5416,5416,5416,5416,5416,5416,5416,5416,5416,5416,5416,5416,5416,5416,5416,5416,5416,5416,5416,5416,5416,5416,5416,5416,5416,5416,5416,5416,5416,5416,5416,5416,5416,5416,5416,5416,5416,5416,5416,5416,5416,5416,5416,5416,5416,5416,5416,5416,5416,5416,5416,5416,5416,5416,5416,5416,5416,5416,5416,5416,5416,5416,5416,5416,5616,5616,5616,5616,5616,5616,5616,5616,5616,5616,5616,5616,5616,5616,5616,5616,5616,5616,5616,5616,5616,5616,5616,5616,5616,5616,5616,5616,5616,5616,5616,5616,5616,5616,5616,5616,5616,5616,5616,5616,5616,5616,5616,5616,5616,5616
0,0,0,0,0,0,0,0,0,0,0,0,0,0,0,0,0,0,24,24,24,24,24,24,24,24,24,24,24,24,24,24,24,24,24,24,24,24,24,24,24,24,24,24,24,24,24,24,24,24,24,24,24,24,24,24,24,24,24,24,24,24,24,24,24,24,24,24,24,24,24,24,24,24,24,24,24,24,24,24,24,24,1176,1176,1176,1176,1176,1176,1176,1176,1176,1176,1176,1176,1176,1176,1176,1176,1176,1176,1176,1176,1176,1176,1176,1176,1176,1176,1176,1176,1176,1176,1176,1176,1176,1176,1176,1176,1176,1176,1176,1176,1176,1176,1176,1176,1176,1176,1176,1176,1176,1176,1176,1176,1176,1176,1176,1176,1176,1176,1176,1176,1176,1176,1176,1176,1176,4328,4328,4328,4328,4328,4328,4328,4328,4328,4328,4328,4328,4328,4328,4328,4328,4328,4328,4328,4328,4328,4328,4328,4328,4328,4328,4328,4328,4328,4328,4328,4328,4328,4328,4328,4328,4328,4328,4328,4328,4328,4328,4328,4328,4328,4328,4328,4328,4328,4328,4328,4328,4328,4328,4328,4328,4328,4328,4328,4328,4328,4328,4328,4328,5304,5304,5304,5304,5304,5304,5304,5304,5304,5304,5304,5304,5304,5304,5304,5304,5304,5304,5304,5304,5304,5304,5304,5304,5304,5304,5304,5304,5304,5304,5304,5304,5304,5304,5304,5304,5304,5304,5304,5304,5304,5304,5304,5304,5304,5304,5304,5304,5304,5304,5304,5304,5304,5304,5304,5304,5304,5304,5304,5304,5304,5304,5304,5304,5304,5304,5744,5744,5744,5744,5744,5744,5744,5744,5744,5744,5744,5744,5744,5744,5744,5744,5744,5744,5744,5744,5744,5744,5744,5744,5744,5744,5744,5744,5744,5744,5744,5744,5744,5744,5744,5744,5744,5744,5744,5744,5744,5744,5744,5744,5744,5744,5744,5744,5744,5744,5744,5744,5744,5744,5744,5744,5744,5744,5744,5744,5744,5744,5744,5664,5664,5664,5664,5664,5664,5664,5664,5664,5664,5664,5664,5664,5664,5664,5664,5664,5664,5664,5664,5664,5664,5664,5664,5664,5664,5664,5664,5664,5664,5664,5664,5664,5664,5664,5664,5664,5664,5664,5664,5664,5664,5664,5664,5664,5664,5664,5664,5664,5664,5664,5664,5664,5664,5664,5664,5664,5664,5664,5664,5664,5664,5672,5672,5672,5672,5672,5672,5672,5672,5672,5672,5672,5672,5672,5672,5672,5672,5672,5672,5672,5672,5672,5672,5672,5672,5672,5672,5672,5672,5672,5672,5672,5672,5672,5672,5672,5672,5672,5672,5672,5672,5672,5672,5672,5672,5672,5672,5672,5672,5672,5672,5672,5672,5672,5672,5672,5672,5672,5672,5672,5672,5672,5672,5672,5672,5672,5672,5672,5672,5640,5640,5640,5640,5640,5640,5640,5640,5640,5640,5640,5640,5640,5640,5640,5640,5640,5640,5640,5640,5640,5640,5640,5640,5640,5640,5640,5640,5640,5640,5640,5640,5640,5640,5640,5640,5640,5640,5640,5640,5640,5640,5640,5640,5640,5640,5640,5640,5640,5640,5640,5640,5640,5640,5640,5640,5640,5640,5640,5640,5640,5640,5640,5640,5368,5368,5368,5368,5368,5368,5368,5368,5368,5368,5368,5368,5368,5368,5368,5368,5368,5368,5368,5368,5368,5368,5368,5368,5368,5368,5368,5368,5368,5368,5368,5368,5368,5368,5368,5368,5368,5368,5368,5368,5368,5368,5368,5368,5368,5368,5368,5368,5368,5368,5368,5368,5368,5368,5368,5368,5368,5368,5368,5368,5368,5368,5368,5368,5280,5280,5280,5280,5280,5280,5280,5280,5280,5280,5280,5280,5280,5280,5280,5280,5280,5280,5280,5280,5280,5280,5280,5280,5280,5280,5280,5280,5280,5280,5280,5280,5280,5280,5280,5280,5280,5280,5280,5280,5280,5280
0,0,0,0,0,0,0,0,0,0,0,0,0,0,0,0,0,0,0,0,0,0,0,0,0,0,0,0,0,0,0,0,0,0,0,0,0,0,0,0,0,0,0,0,0,0,0,0,5312,5312,5312,5312,5312,5312,5312,5312,5312,5312,5312,5312,5312,5312,5312,5312,5312,5312,5312,5312,5312,5312,5312,5312,5312,5312,5312,5312,5312,5312,5312,5312,5312,5312,5312,5312,5312,5312,5312,5312,5312,5312,5312,5312,5312,5312,5312,5312,5312,5312,5312,5312,5312,5312,5312,5312,5312,5312,5312,5312,5312,5312,5312,5312,5312,5520,5520,5520,5520,5520,5520,5520,5520,5520,5520,5520,5520,5520,5520,5520,5520,5520,5520,5520,5520,5520,5520,5520,5520,5520,5520,5520,5520,5520,5520,5520,5520,5520,5520,5520,5520,5520,5520,5520,5520,5520,5520,5520,5520,5520,5520,5520,5520,5520,5520,5520,5520,5520,5520,5520,5520,5520,5520,5520,5520,5520,5520,5520,5520,5520,5512,5512,5512,5512,5512,5512,5512,5512,5512,5512,5512,5512,5512,5512,5512,5512,5512,5512,5512,5512,5512,5512,5512,5512,5512,5512,5512,5512,5512,5512,5512,5512,5512,5512,5512,5512,5512,5512,5512,5512,5512,5512,5512,5512,5512,5512,5512,5512,5512,5512,5512,5512,5512,5512,5512,5512,5512,5512,5512,5512,5512,5512,5512,5512,5512,5480,5480,5480,5480,5480,5480,5480,5480,5480,5480,5480,5480,5480,5480,5480,5480,5480,5480,5480,5480,5480,5480,5480,5480,5480,5480,5480,5480,5480,5480,5480,5480,5480,5480,5480,5480,5480,5480,5480,5480,5480,5480,5480,5480,5480,5480,5480,5480,5480,5480,5480,5480,5480,5480,5480,5480,5480,5480,5480,5480,5480,5480,5480,5456,5456,5456,5456,5456,5456,5456,5456,5456,5456,5456,5456,5456,5456,5456,5456,5456,5456,5456,5456,5456,5456,5456,5456,5456,5456,5456,5456,5456,5456,5456,5456,5456,5456,5456,5456,5456,5456,5456,5456,5456,5456,5456,5456,5456,5456,5456,5456,5456,5456,5456,5456,5456,5456,5456,5456,5456,5456,5456,5456,5456,5456,5456,5456,5456,5544,5544,5544,5544,5544,5544,5544,5544,5544,5544,5544,5544,5544,5544,5544,5544,5544,5544,5544,5544,5544,5544,5544,5544,5544,5544,5544,5544,5544,5544,5544,5544,5544,5544,5544,5544,5544,5544,5544,5544,5544,5544,5544,5544,5544,5544,5544,5544,5544,5544,5544,5544,5544,5544,5544,5544,5544,5544,5544,5544,5544,5544,5544,5544,5768,5768,5768,5768,5768,5768,5768,5768,5768,5768,5768,5768,5768,5768,5768,5768,5768,5768,5768,5768,5768,5768,5768,5768,5768,5768,5768,5768,5768,5768,5768,5768,5768,5768,5768,5768,5768,5768,5768,5768,5768,5768,5768,5768,5768,5768,5768,5768,5768,5768,5768,5768,5768,5768,5768,5768,5768,5768,5768,5768,5768,5768,5768,5768,5768,5768,5880,5880,5880,5880,5880,5880,5880,5880,5880,5880,5880,5880,5880,5880,5880,5880,5880,5880,5880,5880,5880,5880,5880,5880,5880,5880,5880,5880,5880,5880,5880,5880,5880,5880,5880,5880,5880,5880,5880,5880,5880,5880,5880,5880,5880,5880,5880,5880,5880,5880,5880,5880,5880,5880,5880,5880,5880,5880,5880,5880,5880,5880,5880,5880,5672,5672,5672,5672,5672,5672,5672,5672,5672,5672,5672,5672,5672,5672,5672,5672,5672,5672,5672,5672,5672,5672,5672,5672,5672,5672,5672,5672,5672,5672,5672,5672,5672,5672,5672,5672,5672,5672,5672,5672,5672,5672,5672,5672,5672,5672,5672,5672,5672,5672,5672,5672,5672,5672,5672,5672,5672,5672,5672,5672,5672,5672,5672,5792,5792,5792,5792,5792,5792,5792,5792,5792,5792,5792,5792
0,0,0,0,0,0,0,0,0,0,0,0,0,0,0,0,0,0,0,0,0,5392,5392,5392,5392,5392,5392,5392,5392,5392,5392,5392,5392,5392,5392,5392,5392,5392,5392,5392,5392,5392,5392,5392,5392,5392,5392,5392,5392,5392,5392,5392,5392,5392,5392,5392,5392,5392,5392,5392,5392,5392,5392,5392,5392,5392,5392,5392,5392,5392,5392,5392,5392,5392,5392,5392,5392,5392,5392,5392,5392,5392,5392,5392,5392,5392,5440,5440,5440,5440,5440,5440,5440,5440,5440,5440,5440,5440,5440,5440,5440,5440,5440,5440,5440,5440,5440,5440,5440,5440,5440,5440,5440,5440,5440,5440,5440,5440,5440,5440,5440,5440,5440,5440,5440,5440,5440,5440,5440,5440,5440,5440,5440,5440,5440,5440,5440,5440,5440,5440,5440,5440,5440,5440,5440,5440,5440,5440,5440,5440,5408,5408,5408,5408,5408,5408,5408,5408,5408,5408,5408,5408,5408,5408,5408,5408,5408,5408,5408,5408,5408,5408,5408,5408,5408,5408,5408,5408,5408,5408,5408,5408,5408,5408,5408,5408,5408,5408,5408,5408,5408,5408,5408,5408,5408,5408,5408,5408,5408,5408,5408,5408,5408,5408,5408,5408,5408,5408,5408,5408,5408,5408,5408,5408,5408,5720,5720,5720,5720,5720,5720,5720,5720,5720,5720,5720,5720,5720,5720,5720,5720,5720,5720,5720,5720,5720,5720,5720,5720,5720,5720,5720,5720,5720,5720,5720,5720,5720,5720,5720,5720,5720,5720,5720,5720,5720,5720,5720,5720,5720,5720,5720,5720,5720,5720,5720,5720,5720,5720,5720,5720,5720,5720,5720,5720,5720,5720,5720,5632,5632,5632,5632,5632,5632,5632,5632,5632,5632,5632,5632,5632,5632,5632,5632,5632,5632,5632,5632,5632,5632,5632,5632,5632,5632,5632,5632,5632,5632,5632,5632,5632,5632,5632,5632,5632,5632,5632,5632,5632,5632,5632,5632,5632,5632,5632,5632,5632,5632,5632,5632,5632,5632,5632,5632,5632,5632,5632,5632,5632,5632,5632,5632,5632,5736,5736,5736,5736,5736,5736,5736,5736,5736,5736,5736,5736,5736,5736,5736,5736,5736,5736,5736,5736,5736,5736,5736,5736,5736,5736,5736,5736,5736,5736,5736,5736,5736,5736,5736,5736,5736,5736,5736,5736,5736,5736,5736,5736,5736,5736,5736,5736,5736,5736,5736,5736,5736,5736,5736,5736,5736,5736,5736,5736,5736,5736,5736,5736,5736,5480,5480,5480,5480,5480,5480,5480,5480,5480,5480,5480,5480,5480,5480,5480,5480,5480,5480,5480,5480,5480,5480,5480,5480,5480,5480,5480,5480,5480,5480,5480,5480,5480,5480,5480,5480,5480,5480,5480,5480,5480,5480,5480,5480,5480,5480,5480,5480,5480,5480,5480,5480,5480,5480,5480,5480,5480,5480,5480,5480,5480,5480,5480,5480,5544,5544,5544,5544,5544,5544,5544,5544,5544,5544,5544,5544,5544,5544,5544,5544,5544,5544,5544,5544,5544,5544,5544,5544,5544,5544,5544,5544,5544,5544,5544,5544,5544,5544,5544,5544,5544,5544,5544,5544,5544,5544,5544,5544,5544,5544,5544,5544,5544,5544,5544,5544,5544,5544,5544,5544,5544,5544,5544,5544,5776,5776,5776,5776,5776,5776,5776,5776,5776,5776,5776,5776,5776,5776,5776,5776,5776,5776,5776,5776,5776,5776,5776,5776,5776,5776,5776,5776,5776,5776,5776,5776,5776,5776,5776,5776,5776,5776,5776,5776,5776,5776,5776,5776,5776,5776,5776,5776,5776,5776,5776,5776,5776,5776,5776,5776,5776,5776,5776,5776,5776,5776,5776,5776,5776,5776,5776,5776,5776,5688,5688,5688,5688,5688,5688,5688,5688,5688,5688,5688,5688,5688,5688,5688,5688,5688,5688,5688,5688,5688,5688,5688,5688,5688,5688,5688,5688,5688,5688,5688,5688,5688,5688,5688,5688,5688,5688,5688
0,0,0,0,0,0,0,0,0,0,0,0,0,0,0,0,0,0,0,0,0,0,0,0,0,0,0,0,0,0,0,0,0,0,0,0,0,0,0,0,0,0,0,0,0,0,0,0,0,0,0,0,0,5640,5640,5640,5640,5640,5640,5640,5640,5640,5640,5640,5640,5640,5640,5640,5640,5640,5640,5640,5640,5640,5640,5640,5640,5640,5640,5640,5640,5640,5640,5640,5640,5640,5640,5640,5640,5640,5640,5640,5640,5640,5640,5640,5640,5640,5640,5640,5640,5640,5640,5640,5640,5640,5640,5640,5640,5640,5640,5640,5640,5640,5640,5640,5640,5640,5640,5728,5728,5728,5728,5728,5728,5728,5728,5728,5728,5728,5728,5728,5728,5728,5728,5728,5728,5728,5728,5728,5728,5728,5728,5728,5728,5728,5728,5728,5728,5728,5728,5728,5728,5728,5728,5728,5728,5728,5728,5728,5728,5728,5728,5728,5728,5728,5728,5728,5728,5728,5728,5728,5728,5728,5728,5728,5728,5728,5728,5728,5728,5728,5728,5632,5632,5632,5632,5632,5632,5632,5632,5632,5632,5632,5632,5632,5632,5632,5632,5632,5632,5632,5632,5632,5632,5632,5632,5632,5632,5632,5632,5632,5632,5632,5632,5632,5632,5632,5632,5632,5632,5632,5632,5632,5632,5632,5632,5632,5632,5632,5632,5632,5632,5632,5632,5632,5632,5632,5632,5632,5632,5632,5632,5632,5632,5632,5632,5632,5648,5648,5648,5648,5648,5648,5648,5648,5648,5648,5648,5648,5648,5648,5648,5648,5648,5648,5648,5648,5648,5648,5648,5648,5648,5648,5648,5648,5648,5648,5648,5648,5648,5648,5648,5648,5648,5648,5648,5648,5648,5648,5648,5648,5648,5648,5648,5648,5648,5648,5648,5648,5648,5648,5648,5648,5648,5648,5648,5648,5648,5648,5648,5648,5552,5552,5552,5552,5552,5552,5552,5552,5552,5552,5552,5552,5552,5552,5552,5552,5552,5552,5552,5552,5552,5552,5552,5552,5552,5552,5552,5552,5552,5552,5552,5552,5552,5552,5552,5552,5552,5552,5552,5552,5552,5552,5552,5552,5552,5552,5552,5552,5552,5552,5552,5552,5552,5552,5552,5552,5552,5552,5552,5552,5552,5552,5552,5552,5552,5688,5688,5688,5688,5688,5688,5688,5688,5688,5688,5688,5688,5688,5688,5688,5688,5688,5688,5688,5688,5688,5688,5688,5688,5688,5688,5688,5688,5688,5688,5688,5688,5688,5688,5688,5688,5688,5688,5688,5688,5688,5688,5688,5688,5688,5688,5688,5688,5688,5688,5688,5688,5688,5688,5688,5688,5688,5688,5688,5688,5688,5688,5688,5688,5536,5536,5536,5536,5536,5536,5536,5536,5536,5536,5536,5536,5536,5536,5536,5536,5536,5536,5536,5536,5536,5536,5536,5536,5536,5536,5536,5536,5536,5536,5536,5536,5536,5536,5536,5536,5536,5536,5536,5536,5536,5536,5536,5536,5536,5536,5536,5536,5536,5536,5536,5536,5536,5536,5536,5536,5536,5536,5536,5536,5536,5536,5536,5536,5536,5600,5600,5600,5600,5600,5600,5600,5600,5600,5600,5600,5600,5600,5600,5600,5600,5600,5600,5600,5600,5600,5600,5600,5600,5600,5600,5600,5600,5600,5600,5600,5600,5600,5600,5600,5600,5600,5600,5600,5600,5600,5600,5600,5600,5600,5600,5600,5600,5600,5600,5600,5600,5600,5600,5600,5600,5600,5600,5600,5600,5600,5600,5600,5600,5600,5456,5456,5456,5456,5456,5456,5456,5456,5456,5456,5456,5456,5456,5456,5456,5456,5456,5456,5456,5456,5456,5456,5456,5456,5456,5456,5456,5456,5456,5456,5456,5456,5456,5456,5456,5456,5456,5456,5456,5456,5456,5456,5456,5456,5456,5456,5456,5456,5456,5456,5456,5456,5456,5456,5456,5456,5456,5456,5456,5456,5456,5456,5456,5504,5504,5504,5504,5504,5504
0,0,0,0,0,0,0,0,0,0,0,0,0,0,0,0,0,0,0,0,0,0,0,5544,5544,5544,5544,5544,5544,5544,5544,5544,5544,5544,5544,5544,5544,5544,5544,5544,5544,5544,5544,5544,5544,5544,5544,5544,5544,5544,5544,5544,5544,5544,5544,5544,5544,5544,5544,5544,5544,5544,5544,5544,5544,5544,5544,5544,5544,5544,5544,5544,5544,5544,5544,5544,5544,5544,5544,5544,5544,5544,5544,5544,5544,5544,5592,5592,5592,5592,5592,5592,5592,5592,5592,5592,5592,5592,5592,5592,5592,5592,5592,5592,5592,5592,5592,5592,5592,5592,5592,5592,5592,5592,5592,5592,5592,5592,5592,5592,5592,5592,5592,5592,5592,5592,5592,5592,5592,5592,5592,5592,5592,5592,5592,5592,5592,5592,5592,5592,5592,5592,5592,5592,5592,5592,5592,5592,5592,5592,5592,5592,5520,5520,5520,5520,5520,5520,5520,5520,5520,5520,5520,5520,5520,5520,5520,5520,5520,5520,5520,5520,5520,5520,5520,5520,5520,5520,5520,5520,5520,5520,5520,5520,5520,5520,5520,5520,5520,5520,5520,5520,5520,5520,5520,5520,5520,5520,5520,5520,5520,5520,5520,5520,5520,5520,5520,5520,5520,5520,5520,5520,5520,5520,5520,5568,5568,5568,5568,5568,5568,5568,5568,5568,5568,5568,5568,5568,5568,5568,5568,5568,5568,5568,5568,5568,5568,5568,5568,5568,5568,5568,5568,5568,5568,5568,5568,5568,5568,5568,5568,5568,5568,5568,5568,5568,5568,5568,5568,5568,5568,5568,5568,5568,5568,5568,5568,5568,5568,5568,5568,5568,5568,5568,5568,5568,5568,5568,5568,5568,5568,5568,5632,5632,5632,5632,5632,5632,5632,5632,5632,5632,5632,5632,5632,5632,5632,5632,5632,5632,5632,5632,5632,5632,5632,5632,5632,5632,5632,5632,5632,5632,5632,5632,5632,5632,5632,5632,5632,5632,5632,5632,5632,5632,5632,5632,5632,5632,5632,5632,5632,5632,5632,5632,5632,5632,5632,5632,5632,5632,5632,5632,5632,5632,5632,5544,5544,5544,5544,5544,5544,5544,5544,5544,5544,5544,5544,5544,5544,5544,5544,5544,5544,5544,5544,5544,5544,5544,5544,5544,5544,5544,5544,5544,5544,5544,5544,5544,5544,5544,5544,5544,5544,5544,5544,5544,5544,5544,5544,5544,5544,5544,5544,5544,5544,5544,5544,5544,5544,5544,5544,5544,5520,5520,5520,5520,5520,5520,5520,5520,5520,5520,5520,5520,5520,5520,5520,5520,5520,5520,5520,5520,5520,5520,5520,5520,5520,5520,5520,5520,5520,5520,5520,5520,5520,5520,5520,5520,5520,5520,5520,5520,5520,5520,5520,5520,5520,5520,5520,5520,5520,5520,5520,5520,5520,5520,5520,5520,5520,5520,5520,5520,5520,5520,5520,5520,5520,5520,5520,5520,5520,5520,5520,5520,5568,5568,5568,5568,5568,5568,5568,5568,5568,5568,5568,5568,5568,5568,5568,5568,5568,5568,5568,5568,5568,5568,5568,5568,5568,5568,5568,5568,5568,5568,5568,5568,5568,5568,5568,5568,5568,5568,5568,5568,5568,5568,5568,5568,5568,5568,5568,5568,5568,5568,5568,5568,5568,5568,5568,5568,5568,5568,5568,5568,5568,5568,5568,5568,5496,5496,5496,5496,5496,5496,5496,5496,5496,5496,5496,5496,5496,5496,5496,5496,5496,5496,5496,5496,5496,5496,5496,5496,5496,5496,5496,5496,5496,5496,5496,5496,5496,5496,5496,5496,5496,5496,5496,5496,5496,5496,5496,5496,5496,5496,5496,5496,5496,5496,5496,5496,5496,5496,5496,5496,5496,5496,5496,5496,5496,5496,5472,5472,5472,5472,5472,5472,5472,5472,5472,5472,5472,5472,5472,5472,5472,5472,5472,5472,5472,5472,5472,5472,5472,5472,5472,5472,5472,5472,5472,5472,5472,5472,5472,5472,5472,5472,5472,5472,5472,5472
0,0,0,0,0,0,0,0,0,0,0,0,0,0,0,0,0,0,0,0,0,0,0,0,0,0,0,0,0,0,0,0,0,0,0,0,0,0,0,0,0,0,0,0,0,0,0,0,0,0,5568,5568,5568,5568,5568,5568,5568,5568,5568,5568,5568,5568,5568,5568,5568,5568,5568,5568,5568,5568,5568,5568,5568,5568,5568,5568,5568,5568,5568,5568,5568,5568,5568,5568,5568,5568,5568,5568,5568,5568,5568,5568,5568,5568,5568,5568,5568,5568,5568,5568,5568,5568,5568,5568,5568,5568,5568,5568,5568,5568,5568,5568,5568,5568,5568,5568,5528,5528,5528,5528,5528,5528,5528,5528,5528,5528,5528,5528,5528,5528,5528,5528,5528,5528,5528,5528,5528,5528,5528,5528,5528,5528,5528,5528,5528,5528,5528,5528,5528,5528,5528,5528,5528,5528,5528,5528,5528,5528,5528,5528,5528,5528,5528,5528,5528,5528,5528,5528,5528,5528,5528,5528,5528,5528,5528,5528,5528,5528,5528,5584,5584,5584,5584,5584,5584,5584,5584,5584,5584,5584,5584,5584,5584,5584,5584,5584,5584,5584,5584,5584,5584,5584,5584,5584,5584,5584,5584,5584,5584,5584,5584,5584,5584,5584,5584,5584,5584,5584,5584,5584,5584,5584,5584,5584,5584,5584,5584,5584,5584,5584,5584,5584,5584,5584,5584,5584,5584,5584,5584,5584,5584,5584,5584,5584,5584,5584,5584,5584,5584,5584,5584,5584,5584,5584,5584,5584,5584,5584,5584,5584,5584,5584,5584,5584,5584,5584,5584,5584,5584,5584,5584,5584,5584,5584,5584,5584,5584,5584,5584,5584,5584,5584,5584,5584,5584,5584,5584,5584,5584,5584,5584,5584,5584,5584,5584,5584,5584,5584,5584,5584,5584,5584,5568,5568,5568,5568,5568,5568,5568,5568,5568,5568,5568,5568,5568,5568,5568,5568,5568,5568,5568,5568,5568,5568,5568,5568,5568,5568,5568,5568,5568,5568,5568,5568,5568,5568,5568,5568,5568,5568,5568,5568,5568,5568,5568,5568,5568,5568,5568,5568,5568,5568,5568,5568,5568,5568,5568,5568,5568,5568,5568,5568,5568,5568,5568,5568,5568,5568,5568,5568,5568,5568,5520,5520,5520,5520,5520,5520,5520,5520,5520,5520,5520,5520,5520,5520,5520,5520,5520,5520,5520,5520,5520,5520,5520,5520,5520,5520,5520,5520,5520,5520,5520,5520,5520,5520,5520,5520,5520,5520,5520,5520,5520,5520,5520,5520,5520,5520,5520,5520,5520,5520,5520,5520,5520,5520,5520,5520,5520,5520,5520,5520,5520,5520,5520,5520,5528,5528,5528,5528,5528,5528,5528,5528,5528,5528,5528,5528,5528,5528,5528,5528,5528,5528,5528,5528,5528,5528,5528,5528,5528,5528,5528,5528,5528,5528,5528,5528,5528,5528,5528,5528,5528,5528,5528,5528,5528,5528,5528,5528,5528,5528,5528,5528,5528,5528,5528,5528,5528,5528,5528,5528,5528,5528,5528,5528,5528,5528,5528,5528,5560,5560,5560,5560,5560,5560,5560,5560,5560,5560,5560,5560,5560,5560,5560,5560,5560,5560,5560,5560,5560,5560,5560,5560,5560,5560,5560,5560,5560,5560,5560,5560,5560,5560,5560,5560,5560,5560,5560,5560,5560,5560,5560,5560,5560,5560,5560,5560,5560,5560,5560,5560,5560,5560,5560,5560,5560,5560,5560,5560,5560,5408,5408,5408,5408,5408,5408,5408,5408,5408,5408,5408,5408,5408,5408,5408,5408,5408,5408,5408,5408,5408,5408,5408,5408,5408,5408,5408,5408,5408,5408,5408,5408,5408,5408,5408,5408,5408,5408,5408,5408,5408,5408,5408,5408,5408,5408,5408,5408,5408,5408,5408,5408,5408,5408,5408,5408,5408,5408,5408,5408,5408,5408,5408,5408,5408,5408,5408,5408,5408,5656,5656,5656,5656,5656,5656,5656,5656,5656,5656
0,0,0,0,0,0,0,0,0,0,0,0,0,0,0,0,0,0,0,5472,5472,5472,5472,5472,5472,5472,5472,5472,5472,5472,5472,5472,5472,5472,5472,5472,5472,5472,5472,5472,5472,5472,5472,5472,5472,5472,5472,5472,5472,5472,5472,5472,5472,5472,5472,5472,5472,5472,5472,5472,5472,5472,5472,5472,5472,5472,5472,5472,5472,5472,5472,5472,5472,5472,5472,5472,5472,5472,5472,5472,5472,5472,5472,5472,5472,5448,5448,5448,5448,5448,5448,5448,5448,5448,5448,5448,5448,5448,5448,5448,5448,5448,5448,5448,5448,5448,5448,5448,5448,5448,5448,5448,5448,5448,5448,5448,5448,5448,5448,5448,5448,5448,5448,5448,5448,5448,5448,5448,5448,5448,5448,5448,5448,5448,5448,5448,5448,5448,5448,5448,5448,5448,5448,5448,5448,5448,5448,5448,5448,5448,5552,5552,5552,5552,5552,5552,5552,5552,5552,5552,5552,5552,5552,5552,5552,5552,5552,5552,5552,5552,5552,5552,5552,5552,5552,5552,5552,5552,5552,5552,5552,5552,5552,5552,5552,5552,5552,5552,5552,5552,5552,5552,5552,5552,5552,5552,5552,5552,5552,5552,5552,5552,5552,5552,5552,5552,5552,5552,5552,5552,5552,5552,5552,5552,5552,5712,5712,5712,5712,5712,5712,5712,5712,5712,5712,5712,5712,5712,5712,5712,5712,5712,5712,5712,5712,5712,5712,5712,5712,5712,5712,5712,5712,5712,5712,5712,5712,5712,5712,5712,5712,5712,5712,5712,5712,5712,5712,5712,5712,5712,5712,5712,5712,5712,5712,5712,5712,5712,5712,5712,5712,5712,5712,5712,5712,5712,5712,5712,5712,5528,5528,5528,5528,5528,5528,5528,5528,5528,5528,5528,5528,5528,5528,5528,5528,5528,5528,5528,5528,5528,5528,5528,5528,5528,5528,5528,5528,5528,5528,5528,5528,5528,5528,5528,5528,5528,5528,5528,5528,5528,5528,5528,5528,5528,5528,5528,5528,5528,5528,5528,5528,5528,5528,5528,5528,5528,5528,5528,5528,5528,5528,5528,5528,5520,5520,5520,5520,5520,5520,5520,5520,5520,5520,5520,5520,5520,5520,5520,5520,5520,5520,5520,5520,5520,5520,5520,5520,5520,5520,5520,5520,5520,5520,5520,5520,5520,5520,5520,5520,5520,5520,5520,5520,5520,5520,5520,5520,5520,5520,5520,5520,5520,5520,5520,5520,5520,5520,5520,5520,5520,5520,5520,5520,5520,5520,5520,5520,5680,5680,5680,5680,5680,5680,5680,5680,5680,5680,5680,5680,5680,5680,5680,5680,5680,5680,5680,5680,5680,5680,5680,5680,5680,5680,5680,5680,5680,5680,5680,5680,5680,5680,5680,5680,5680,5680,5680,5680,5680,5680,5680,5680,5680,5680,5680,5680,5680,5680,5680,5680,5680,5680,5680,5680,5680,5680,5680,5680,5680,5680,5680,5680,5680,5680,5496,5496,5496,5496,5496,5496,5496,5496,5496,5496,5496,5496,5496,5496,5496,5496,5496,5496,5496,5496,5496,5496,5496,5496,5496,5496,5496,5496,5496,5496,5496,5496,5496,5496,5496,5496,5496,5496,5496,5496,5496,5496,5496,5496,5496,5496,5496,5496,5496,5496,5496,5496,5496,5496,5496,5496,5496,5496,5496,5496,5496,5496,5408,5408,5408,5408,5408,5408,5408,5408,5408,5408,5408,5408,5408,5408,5408,5408,5408,5408,5408,5408,5408,5408,5408,5408,5408,5408,5408,5408,5408,5408,5408,5408,5408,5408,5408,5408,5408,5408,5408,5408,5408,5408,5408,5408,5408,5408,5408,5408,5408,5408,5408,5408,5408,5408,5408,5408,5408,5408,5408,5408,5408,5408,5408,5408,5408,5408,5528,5528,5528,5528,5528,5528,5528,5528,5528,5528,5528,5528,5528,5528,5528,5528,5528,5528,5528,5528,5528,5528,5528,5528,5528,5528,5528,5528,5528,5528,5528,5528,5528,5528,5528,5528,5528,5528,5528
0,0,0,0,0,0,0,0,0,0,0,0,0,0,0,0,0,0,0,0,0,0,0,0,0,0,0,0,0,0,0,0,0,0,0,0,0,0,0,0,0,0,0,0,0,0,0,0,0,0,0,0,0,0,0,0,0,5552,5552,5552,5552,5552,5552,5552,5552,5552,5552,5552,5552,5552,5552,5552,5552,5552,5552,5552,5552,5552,5552,5552,5552,5552,5552,5552,5552,5552,5552,5552,5552,5552,5552,5552,5552,5552,5552,5552,5552,5552,5552,5552,5552,5552,5552,5552,5552,5552,5552,5552,5552,5552,5552,5552,5552,5552,5552,5552,5552,5552,5552,5552,5552,5656,5656,5656,5656,5656,5656,5656,5656,5656,5656,5656,5656,5656,5656,5656,5656,5656,5656,5656,5656,5656,5656,5656,5656,5656,5656,5656,5656,5656,5656,5656,5656,5656,5656,5656,5656,5656,5656,5656,5656,5656,5656,5656,5656,5656,5656,5656,5656,5656,5656,5656,5656,5656,5656,5656,5656,5656,5656,5656,5656,5656,5656,5656,5656,5656,5656,5664,5664,5664,5664,5664,5664,5664,5664,5664,5664,5664,5664,5664,5664,5664,5664,5664,5664,5664,5664,5664,5664,5664,5664,5664,5664,5664,5664,5664,5664,5664,5664,5664,5664,5664,5664,5664,5664,5664,5664,5664,5664,5664,5664,5664,5664,5664,5664,5664,5664,5664,5664,5664,5664,5664,5664,5664,5664,5664,5664,5664,5664,5824,5824,5824,5824,5824,5824,5824,5824,5824,5824,5824,5824,5824,5824,5824,5824,5824,5824,5824,5824,5824,5824,5824,5824,5824,5824,5824,5824,5824,5824,5824,5824,5824,5824,5824,5824,5824,5824,5824,5824,5824,5824,5824,5824,5824,5824,5824,5824,5824,5824,5824,5824,5824,5824,5824,5824,5824,5824,5824,5824,5824,5824,5824,5824,5824,5824,5824,5840,5840,5840,5840,5840,5840,5840,5840,5840,5840,5840,5840,5840,5840,5840,5840,5840,5840,5840,5840,5840,5840,5840,5840,5840,5840,5840,5840,5840,5840,5840,5840,5840,5840,5840,5840,5840,5840,5840,5840,5840,5840,5840,5840,5840,5840,5840,5840,5840,5840,5840,5840,5840,5840,5840,5840,5840,5840,5840,5840,5840,5840,5840,5736,5736,5736,5736,5736,5736,5736,5736,5736,5736,5736,5736,5736,5736,5736,5736,5736,5736,5736,5736,5736,5736,5736,5736,5736,5736,5736,5736,5736,5736,5736,5736,5736,5736,5736,5736,5736,5736,5736,5736,5736,5736,5736,5736,5736,5736,5736,5736,5736,5736,5736,5736,5736,5736,5736,5736,5736,5736,5736,5736,5736,5736,5736,5736,5736,5736,5688,5688,5688,5688,5688,5688,5688,5688,5688,5688,5688,5688,5688,5688,5688,5688,5688,5688,5688,5688,5688,5688,5688,5688,5688,5688,5688,5688,5688,5688,5688,5688,5688,5688,5688,5688,5688,5688,5688,5688,5688,5688,5688,5688,5688,5688,5688,5688,5688,5688,5688,5688,5688,5688,5688,5688,5688,5688,5688,5688,5688,5688,5688,5768,5768,5768,5768,5768,5768,5768,5768,5768,5768,5768,5768,5768,5768,5768,5768,5768,5768,5768,5768,5768,5768,5768,5768,5768,5768,5768,5768,5768,5768,5768,5768,5768,5768,5768,5768,5768,5768,5768,5768,5768,5768,5768,5768,5768,5768,5768,5768,5768,5768,5768,5768,5768,5768,5768,5768,5768,5768,5768,5768,5768,5768,5768,5768,5768,5768,5696,5696,5696,5696,5696,5696,5696,5696,5696,5696,5696,5696,5696,5696,5696,5696,5696,5696,5696,5696,5696,5696,5696,5696,5696,5696,5696,5696,5696,5696,5696,5696,5696,5696,5696,5696,5696,5696,5696,5696,5696,5696,5696,5696,5696,5696,5696,5696,5696,5696,5696,5696,5696,5696,5696,5696,5696,5696,5696,5696,5696,5696,5784,5784,5784,5784
0,0,0,0,0,0,0,0,0,0,0,0,0,0,0,0,0,0,0,0,0,0,0,0,0,0,0,0,0,0,0,5680,5680,5680,5680,5680,5680,5680,5680,5680,5680,5680,5680,5680,5680,5680,5680,5680,5680,5680,5680,5680,5680,5680,5680,5680,5680,5680,5680,5680,5680,5680,5680,5680,5680,5680,5680,5680,5680,5680,5680,5680,5680,5680,5680,5680,5680,5680,5680,5680,5680,5680,5680,5680,5680,5680,5680,5680,5680,5680,5680,5680,5680,5688,5688,5688,5688,5688,5688,5688,5688,5688,5688,5688,5688,5688,5688,5688,5688,5688,5688,5688,5688,5688,5688,5688,5688,5688,5688,5688,5688,5688,5688,5688,5688,5688,5688,5688,5688,5688,5688,5688,5688,5688,5688,5688,5688,5688,5688,5688,5688,5688,5688,5688,5688,5688,5688,5688,5688,5688,5688,5688,5688,5688,5688,5688,5688,5688,5688,5688,5760,5760,5760,5760,5760,5760,5760,5760,5760,5760,5760,5760,5760,5760,5760,5760,5760,5760,5760,5760,5760,5760,5760,5760,5760,5760,5760,5760,5760,5760,5760,5760,5760,5760,5760,5760,5760,5760,5760,5760,5760,5760,5760,5760,5760,5760,5760,5760,5760,5760,5760,5760,5760,5760,5760,5760,5760,5760,5760,5760,5760,5760,5760,5760,5728,5728,5728,5728,5728,5728,5728,5728,5728,5728,5728,5728,5728,5728,5728,5728,5728,5728,5728,5728,5728,5728,5728,5728,5728,5728,5728,5728,5728,5728,5728,5728,5728,5728,5728,5728,5728,5728,5728,5728,5728,5728,5728,5728,5728,5728,5728,5728,5728,5728,5728,5728,5728,5728,5728,5728,5728,5728,5728,5728,5728,5728,5728,5728,5728,5728,5568,5568,5568,5568,5568,5568,5568,5568,5568,5568,5568,5568,5568,5568,5568,5568,5568,5568,5568,5568,5568,5568,5568,5568,5568,5568,5568,5568,5568,5568,5568,5568,5568,5568,5568,5568,5568,5568,5568,5568,5568,5568,5568,5568,5568,5568,5568,5568,5568,5568,5568,5568,5568,5568,5568,5568,5568,5568,5568,5600,5600,5600,5600,5600,5600,5600,5600,5600,5600,5600,5600,5600,5600,5600,5600,5600,5600,5600,5600,5600,5600,5600,5600,5600,5600,5600,5600,5600,5600,5600,5600,5600,5600,5600,5600,5600,5600,5600,5600,5600,5600,5600,5600,5600,5600,5600,5600,5600,5600,5600,5600,5600,5600,5600,5600,5600,5600,5600,5600,5600,5600,5600,5600,5600,5600,5600,5600,5600,5656,5656,5656,5656,5656,5656,5656,5656,5656,5656,5656,5656,5656,5656,5656,5656,5656,5656,5656,5656,5656,5656,5656,5656,5656,5656,5656,5656,5656,5656,5656,5656,5656,5656,5656,5656,5656,5656,5656,5656,5656,5656,5656,5656,5656,5656,5656,5656,5656,5656,5656,5656,5656,5656,5656,5656,5656,5656,5656,5656,5656,5656,5656,5656,5752,5752,5752,5752,5752,5752,5752,5752,5752,5752,5752,5752,5752,5752,5752,5752,5752,5752,5752,5752,5752,5752,5752,5752,5752,5752,5752,5752,5752,5752,5752,5752,5752,5752,5752,5752,5752,5752,5752,5752,5752,5752,5752,5752,5752,5752,5752,5752,5752,5752,5752,5752,5752,5752,5752,5752,5752,5752,5752,5752,5752,5752,5752,5752,5752,5752,5768,5768,5768,5768,5768,5768,5768,5768,5768,5768,5768,5768,5768,5768,5768,5768,5768,5768,5768,5768,5768,5768,5768,5768,5768,5768,5768,5768,5768,5768,5768,5768,5768,5768,5768,5768,5768,5768,5768,5768,5768,5768,5768,5768,5768,5768,5768,5768,5768,5768,5768,5768,5768,5768,5768,5768,5768,5768,5768,5768,5768,5768,5768,5688,5688,5688,5688,5688,5688,5688,5688,5688,5688,5688,5688,5688,5688,5688,5688,5688,5688,5688,5688,5688,5688,5688,5688,5688,5688,5688,5688,5688
5824,5824,5824,5824,5824,5824,5824,5824,5824,5824,5824,5824,5824,5824,5824,5824,5824,5824,5824,5824,5824,5824,5824,5824,5824,5824,5824,5824,5824,5824,5824,5824,5824,5824,5824,5824,5824,5824,5824,5824,5824,5824,5824,5824,5824,5824,5824,5824,5824,5824,5824,5824,5824,5824,5824,5824,5824,5824,5824,5824,5824,5824,5824,5824,5824,5848,5848,5848,5848,5848,5848,5848,5848,5848,5848,5848,5848,5848,5848,5848,5848,5848,5848,5848,5848,5848,5848,5848,5848,5848,5848,5848,5848,5848,5848,5848,5848,5848,5848,5848,5848,5848,5848,5848,5848,5848,5848,5848,5848,5848,5848,5848,5848,5848,5848,5848,5848,5848,5848,5848,5848,5848,5848,5848,5848,5848,5848,5848,5848,5832,5832,5832,5832,5832,5832,5832,5832,5832,5832,5832,5832,5832,5832,5832,5832,5832,5832,5832,5832,5832,5832,5832,5832,5832,5832,5832,5832,5832,5832,5832,5832,5832,5832,5832,5832,5832,5832,5832,5832,5832,5832,5832,5832,5832,5832,5832,5832,5832,5832,5832,5832,5832,5832,5832,5832,5832,5832,5832,5832,5848,5848,5848,5848,5848,5848,5848,5848,5848,5848,5848,5848,5848,5848,5848,5848,5848,5848,5848,5848,5848,5848,5848,5848,5848,5848,5848,5848,5848,5848,5848,5848,5848,5848,5848,5848,5848,5848,5848,5848,5848,5848,5848,5848,5848,5848,5848,5848,5848,5848,5848,5848,5848,5848,5848,5848,5848,5848,5848,5848,5848,5848,5848,5848,5848,5848,5848,5848,5848,5824,5824,5824,5824,5824,5824,5824,5824,5824,5824,5824,5824,5824,5824,5824,5824,5824,5824,5824,5824,5824,5824,5824,5824,5824,5824,5824,5824,5824,5824,5824,5824,5824,5824,5824,5824,5824,5824,5824,5824,5824,5824,5824,5824,5824,5824,5824,5824,5824,5824,5824,5824,5824,5824,5824,5824,5824,5824,5824,5824,5824,5824,5824,5824,5824,5824,5824,5824,5824,5824,5824,5824,5824,5824,5824,5824,5824,5824,5824,5824,5824,5824,5824,5824,5824,5824,5824,5824,5824,5824,5824,5824,5824,5824,5824,5824,5824,5824,5824,5824,5824,5824,5824,5824,5824,5824,5824,5824,5824,5824,5824,5824,5824,5824,5824,5824,5824,5824,5824,5824,5824,5824,5824,5824,5824,5824,5824,5824,5824,5840,5840,5840,5840,5840,5840,5840,5840,5840,5840,5840,5840,5840,5840,5840,5840,5840,5840,5840,5840,5840,5840,5840,5840,5840,5840,5840,5840,5840,5840,5840,5840,5840,5840,5840,5840,5840,5840,5840,5840,5840,5840,5840,5840,5840,5840,5840,5840,5840,5840,5840,5840,5840,5840,5840,5840,5840,5840,5840,5840,5840,5840,5840,5840,5840,5864,5864,5864,5864,5864,5864,5864,5864,5864,5864,5864,5864,5864,5864,5864,5864,5864,5864,5864,5864,5864,5864,5864,5864,5864,5864,5864,5864,5864,5864,5864,5864,5864,5864,5864,5864,5864,5864,5864,5864,5864,5864,5864,5864,5864,5864,5864,5864,5864,5864,5864,5864,5864,5864,5864,5864,5864,5864,5864,5864,5872,5872,5872,5872,5872,5872,5872,5872,5872,5872,5872,5872,5872,5872,5872,5872,5872,5872,5872,5872,5872,5872,5872,5872,5872,5872,5872,5872,5872,5872,5872,5872,5872,5872,5872,5872,5872,5872,5872,5872,5872,5872,5872,5872,5872,5872,5872,5872,5872,5872,5872,5872,5872,5872,5872,5872,5872,5872,5872,5872,5872,5872,5872,5872,5872,5872,5872,5856,5856,5856,5856,5856,5856,5856,5856,5856,5856,5856,5856,5856,5856,5856,5856,5856,5856,5856,5856,5856,5856,5856,5856,5856,5856,5856,5856,5856,5856,5856,5856,5856,5856,5856,5856,5856,5856,5856,5856,5856,5856,5856,5856,5856,5856,5856,5856,5856,5856,5856,5856,5856,5856,5856,5856,5856,5856,5856,5856,5856
0,0,0,0,0,0,0,0,0,0,0,0,0,0,0,0,0,0,0,0,0,0,0,0,0,0,0,0,0,0,0,0,0,0,0,0,0,0,0,0,0,0,0,0,0,0,0,0,0,0,0,0,0,0,0,0,5864,5864,5864,5864,5864,5864,5864,5864,5864,5864,5864,5864,5864,5864,5864,5864,5864,5864,5864,5864,5864,5864,5864,5864,5864,5864,5864,5864,5864,5864,5864,5864,5864,5864,5864,5864,5864,5864,5864,5864,5864,5864,5864,5864,5864,5864,5864,5864,5864,5864,5864,5864,5864,5864,5864,5864,5864,5864,5864,5864,5864,5864,5864,5864,5872,5872,5872,5872,5872,5872,5872,5872,5872,5872,5872,5872,5872,5872,5872,5872,5872,5872,5872,5872,5872,5872,5872,5872,5872,5872,5872,5872,5872,5872,5872,5872,5872,5872,5872,5872,5872,5872,5872,5872,5872,5872,5872,5872,5872,5872,5872,5872,5872,5872,5872,5872,5872,5872,5872,5872,5872,5872,5872,5872,5872,5872,5872,5872,5872,5864,5864,5864,5864,5864,5864,5864,5864,5864,5864,5864,5864,5864,5864,5864,5864,5864,5864,5864,5864,5864,5864,5864,5864,5864,5864,5864,5864,5864,5864,5864,5864,5864,5864,5864,5864,5864,5864,5864,5864,5864,5864,5864,5864,5864,5864,5864,5864,5864,5864,5864,5864,5864,5864,5864,5864,5864,5864,5864,5864,5864,5864,5864,5864,5864,5872,5872,5872,5872,5872,5872,5872,5872,5872,5872,5872,5872,5872,5872,5872,5872,5872,5872,5872,5872,5872,5872,5872,5872,5872,5872,5872,5872,5872,5872,5872,5872,5872,5872,5872,5872,5872,5872,5872,5872,5872,5872,5872,5872,5872,5872,5872,5872,5872,5872,5872,5872,5872,5872,5872,5872,5872,5872,5872,5872,5872,5872,5856,5856,5856,5856,5856,5856,5856,5856,5856,5856,5856,5856,5856,5856,5856,5856,5856,5856,5856,5856,5856,5856,5856,5856,5856,5856,5856,5856,5856,5856,5856,5856,5856,5856,5856,5856,5856,5856,5856,5856,5856,5856,5856,5856,5856,5856,5856,5856,5856,5856,5856,5856,5856,5856,5856,5856,5856,5856,5856,5856,5856,5856,5856,5856,5856,5856,5856,5864,5864,5864,5864,5864,5864,5864,5864,5864,5864,5864,5864,5864,5864,5864,5864,5864,5864,5864,5864,5864,5864,5864,5864,5864,5864,5864,5864,5864,5864,5864,5864,5864,5864,5864,5864,5864,5864,5864,5864,5864,5864,5864,5864,5864,5864,5864,5864,5864,5864,5864,5864,5864,5864,5864,5864,5864,5864,5864,5864,5864,5864,5864,5864,5872,5872,5872,5872,5872,5872,5872,5872,5872,5872,5872,5872,5872,5872,5872,5872,5872,5872,5872,5872,5872,5872,5872,5872,5872,5872,5872,5872,5872,5872,5872,5872,5872,5872,5872,5872,5872,5872,5872,5872,5872,5872,5872,5872,5872,5872,5872,5872,5872,5872,5872,5872,5872,5872,5872,5872,5872,5872,5872,5872,5872,5872,5872,5872,5856,5856,5856,5856,5856,5856,5856,5856,5856,5856,5856,5856,5856,5856,5856,5856,5856,5856,5856,5856,5856,5856,5856,5856,5856,5856,5856,5856,5856,5856,5856,5856,5856,5856,5856,5856,5856,5856,5856,5856,5856,5856,5856,5856,5856,5856,5856,5856,5856,5856,5856,5856,5856,5856,5856,5856,5856,5856,5856,5856,5856,5856,5856,5856,5856,5856,5872,5872,5872,5872,5872,5872,5872,5872,5872,5872,5872,5872,5872,5872,5872,5872,5872,5872,5872,5872,5872,5872,5872,5872,5872,5872,5872,5872,5872,5872,5872,5872,5872,5872,5872,5872,5872,5872,5872,5872,5872,5872,5872,5872,5872,5872,5872,5872,5872,5872,5872,5872,5872,5872,5872,5872,5872,5872,5872,5872,5872,5872,5872,5872,5872,5896,5896
0,0,0,0,0,0,0,0,0,0,0,0,0,0,0,0,0,0,0,0,0,5960,5960,5960,5960,5960,5960,5960,5960,5960,5960,5960,5960,5960,5960,5960,5960,5960,5960,5960,5960,5960,5960,5960,5960,5960,5960,5960,5960,5960,5960,5960,5960,5960,5960,5960,5960,5960,5960,5960,5960,5960,5960,5960,5960,5960,5960,5960,5960,5960,5960,5960,5960,5960,5960,5960,5960,5960,5960,5960,5960,5960,5960,5960,5960,5960,5976,5976,5976,5976,5976,5976,5976,5976,5976,5976,5976,5976,5976,5976,5976,5976,5976,5976,5976,5976,5976,5976,5976,5976,5976,5976,5976,5976,5976,5976,5976,5976,5976,5976,5976,5976,5976,5976,5976,5976,5976,5976,5976,5976,5976,5976,5976,5976,5976,5976,5976,5976,5976,5976,5976,5976,5976,5976,5976,5976,5976,5976,5976,5976,5976,5976,5976,5976,5976,5976,5976,5976,5976,5976,5976,5976,5976,5976,5976,5976,5976,5976,5976,5976,5976,5976,5976,5976,5976,5976,5976,5976,5976,5976,5976,5976,5976,5976,5976,5976,5976,5976,5976,5976,5976,5976,5976,5976,5976,5976,5976,5976,5976,5976,5976,5976,5976,5976,5976,5976,5976,5976,5976,5976,5976,5976,5976,5976,5952,5952,5952,5952,5952,5952,5952,5952,5952,5952,5952,5952,5952,5952,5952,5952,5952,5952,5952,5952,5952,5952,5952,5952,5952,5952,5952,5952,5952,5952,5952,5952,5952,5952,5952,5952,5952,5952,5952,5952,5952,5952,5952,5952,5952,5952,5952,5952,5952,5952,5952,5952,5952,5952,5952,5952,5952,5952,5952,5952,5952,5952,5952,5952,5952,5952,5952,5952,5952,5952,5952,5952,5952,5952,5952,5952,5952,5952,5952,5952,5952,5952,5952,5952,5952,5952,5952,5952,5952,5952,5952,5952,5952,5952,5952,5952,5952,5952,5952,5952,5952,5952,5952,5952,5952,5952,5952,5952,5952,5952,5952,5952,5952,5952,5952,5952,5952,5952,5952,5952,5952,5952,5952,5952,5952,5952,5952,5952,5952,5960,5960,5960,5960,5960,5960,5960,5960,5960,5960,5960,5960,5960,5960,5960,5960,5960,5960,5960,5960,5960,5960,5960,5960,5960,5960,5960,5960,5960,5960,5960,5960,5960,5960,5960,5960,5960,5960,5960,5960,5960,5960,5960,5960,5960,5960,5960,5960,5960,5960,5960,5960,5960,5960,5960,5960,5960,5960,5960,5960,5960,5960,5968,5968,5968,5968,5968,5968,5968,5968,5968,5968,5968,5968,5968,5968,5968,5968,5968,5968,5968,5968,5968,5968,5968,5968,5968,5968,5968,5968,5968,5968,5968,5968,5968,5968,5968,5968,5968,5968,5968,5968,5968,5968,5968,5968,5968,5968,5968,5968,5968,5968,5968,5968,5968,5968,5968,5968,5968,5968,5968,5968,5968,5968,5968,5968,5968,5968,5968,5952,5952,5952,5952,5952,5952,5952,5952,5952,5952,5952,5952,5952,5952,5952,5952,5952,5952,5952,5952,5952,5952,5952,5952,5952,5952,5952,5952,5952,5952,5952,5952,5952,5952,5952,5952,5952,5952,5952,5952,5952,5952,5952,5952,5952,5952,5952,5952,5952,5952,5952,5952,5952,5952,5952,5952,5952,5952,5952,5952,5952,5952,5952,5952,5952,5952,5952,5952,5952,5952,5952,5952,5952,5952,5952,5952,5952,5952,5952,5952,5952,5952,5952,5952,5952,5952,5952,5952,5952,5952,5952,5952,5952,5952,5952,5952,5952,5952,5952,5952,5952,5952,5952,5952,5952,5952,5952,5952,5952,5952,5952,5952,5952,5952,5952,5952,5952,5952,5952,5952,5952,5952,5952,5952,5952,5952,5952,5952,5952,5952,5960,5960,5960,5960,5960,5960,5960,5960,5960,5960,5960,5960,5960,5960,5960,5960,5960,5960,5960,5960,5960,5960,5960,5960,5960,5960,5960,5960,5960,5960,5960,5960,5960,5960,5960,5960,5960,5960
0,0,0,0,0,0,0,0,0,0,0,0,0,0,0,0,0,0,0,0,0,0,0,0,0,0,0,0,0,0,0,0,0,0,0,0,0,0,0,0,0,0,0,0,0,0,0,0,0,0,0,0,0,0,0,0,5952,5952,5952,5952,5952,5952,5952,5952,5952,5952,5952,5952,5952,5952,5952,5952,5952,5952,5952,5952,5952,5952,5952,5952,5952,5952,5952,5952,5952,5952,5952,5952,5952,5952,5952,5952,5952,5952,5952,5952,5952,5952,5952,5952,5952,5952,5952,5952,5952,5952,5952,5952,5952,5952,5952,5952,5952,5952,5952,5952,5952,5952,5952,5952,5952,5952,5952,5952,5952,5952,5952,5952,5952,5952,5952,5952,5952,5952,5952,5952,5952,5952,5952,5952,5952,5952,5952,5952,5952,5952,5952,5952,5952,5952,5952,5952,5952,5952,5952,5952,5952,5952,5952,5952,5952,5952,5952,5952,5952,5952,5952,5952,5952,5952,5952,5952,5952,5952,5952,5952,5952,5952,5952,5952,5952,5952,5952,5952,5952,5952,5952,5952,5952,5952,5952,5952,5952,5952,5952,5952,5952,5952,5952,5952,5952,5952,5952,5952,5952,5952,5952,5952,5952,5952,5952,5952,5952,5952,5952,5952,5952,5952,5952,5952,5952,5952,5952,5952,5952,5952,5952,5952,5952,5952,5952,5952,5952,5952,5952,5952,5952,5952,5952,5952,5952,5952,5952,5952,5952,5952,5952,5952,5952,5952,5960,5960,5960,5960,5960,5960,5960,5960,5960,5960,5960,5960,5960,5960,5960,5960,5960,5960,5960,5960,5960,5960,5960,5960,5960,5960,5960,5960,5960,5960,5960,5960,5960,5960,5960,5960,5960,5960,5960,5960,5960,5960,5960,5960,5960,5960,5960,5960,5960,5960,5960,5960,5960,5960,5960,5960,5960,5960,5960,5960,5960,5960,5960,5960,5968,5968,5968,5968,5968,5968,5968,5968,5968,5968,5968,5968,5968,5968,5968,5968,5968,5968,5968,5968,5968,5968,5968,5968,5968,5968,5968,5968,5968,5968,5968,5968,5968,5968,5968,5968,5968,5968,5968,5968,5968,5968,5968,5968,5968,5968,5968,5968,5968,5968,5968,5968,5968,5968,5968,5968,5968,5968,5968,5968,5968,5968,5968,5968,5968,5976,5976,5976,5976,5976,5976,5976,5976,5976,5976,5976,5976,5976,5976,5976,5976,5976,5976,5976,5976,5976,5976,5976,5976,5976,5976,5976,5976,5976,5976,5976,5976,5976,5976,5976,5976,5976,5976,5976,5976,5976,5976,5976,5976,5976,5976,5976,5976,5976,5976,5976,5976,5976,5976,5976,5976,5976,5976,5976,5976,5976,5976,5976,5976,5968,5968,5968,5968,5968,5968,5968,5968,5968,5968,5968,5968,5968,5968,5968,5968,5968,5968,5968,5968,5968,5968,5968,5968,5968,5968,5968,5968,5968,5968,5968,5968,5968,5968,5968,5968,5968,5968,5968,5968,5968,5968,5968,5968,5968,5968,5968,5968,5968,5968,5968,5968,5968,5968,5968,5968,5968,5968,5968,5968,5968,5968,5968,5976,5976,5976,5976,5976,5976,5976,5976,5976,5976,5976,5976,5976,5976,5976,5976,5976,5976,5976,5976,5976,5976,5976,5976,5976,5976,5976,5976,5976,5976,5976,5976,5976,5976,5976,5976,5976,5976,5976,5976,5976,5976,5976,5976,5976,5976,5976,5976,5976,5976,5976,5976,5976,5976,5976,5976,5976,5976,5976,5976,5976,5976,5976,5976,5976,5976,5976,5976,5976,5976,5976,5976,5976,5976,5976,5976,5976,5976,5976,5976,5976,5976,5976,5976,5976,5976,5976,5976,5976,5976,5976,5976,5976,5976,5976,5976,5976,5976,5976,5976,5976,5976,5976,5976,5976,5976,5976,5976,5976,5976,5976,5976,5976,5976,5976,5976,5976,5976,5976,5976,5976,5976,5976,5976,5976,5976,5976,5976,5976,5976,5960,5960,5960,5960
0,0,0,0,0,0,0,0,0,0,0,0,0,0,0,0,0,0,0,0,0,0,0,0,5936,5936,5936,5936,5936,5936,5936,5936,5936,5936,5936,5936,5936,5936,5936,5936,5936,5936,5936,5936,5936,5936,5936,5936,5936,5936,5936,5936,5936,5936,5936,5936,5936,5936,5936,5936,5936,5936,5936,5936,5936,5936,5936,5936,5936,5936,5936,5936,5936,5936,5936,5936,5936,5936,5936,5936,5936,5936,5936,5936,5936,5936,5936,5904,5904,5904,5904,5904,5904,5904,5904,5904,5904,5904,5904,5904,5904,5904,5904,5904,5904,5904,5904,5904,5904,5904,5904,5904,5904,5904,5904,5904,5904,5904,5904,5904,5904,5904,5904,5904,5904,5904,5904,5904,5904,5904,5904,5904,5904,5904,5904,5904,5904,5904,5904,5904,5904,5904,5904,5904,5904,5904,5904,5904,5904,5904,5904,5904,5904,5888,5888,5888,5888,5888,5888,5888,5888,5888,5888,5888,5888,5888,5888,5888,5888,5888,5888,5888,5888,5888,5888,5888,5888,5888,5888,5888,5888,5888,5888,5888,5888,5888,5888,5888,5888,5888,5888,5888,5888,5888,5888,5888,5888,5888,5888,5888,5888,5888,5888,5888,5888,5888,5888,5888,5888,5888,5888,5888,5888,5888,5888,5888,5888,5896,5896,5896,5896,5896,5896,5896,5896,5896,5896,5896,5896,5896,5896,5896,5896,5896,5896,5896,5896,5896,5896,5896,5896,5896,5896,5896,5896,5896,5896,5896,5896,5896,5896,5896,5896,5896,5896,5896,5896,5896,5896,5896,5896,5896,5896,5896,5896,5896,5896,5896,5896,5896,5896,5896,5896,5896,5896,5968,5968,5968,5968,5968,5968,5968,5968,5968,5968,5968,5968,5968,5968,5968,5968,5968,5968,5968,5968,5968,5968,5968,5968,5968,5968,5968,5968,5968,5968,5968,5968,5968,5968,5968,5968,5968,5968,5968,5968,5968,5968,5968,5968,5968,5968,5968,5968,5968,5968,5968,5968,5968,5968,5968,5968,5968,5968,5968,5968,5968,5968,5968,5968,5968,5968,5968,5968,5968,5968,5968,5952,5952,5952,5952,5952,5952,5952,5952,5952,5952,5952,5952,5952,5952,5952,5952,5952,5952,5952,5952,5952,5952,5952,5952,5952,5952,5952,5952,5952,5952,5952,5952,5952,5952,5952,5952,5952,5952,5952,5952,5952,5952,5952,5952,5952,5952,5952,5952,5952,5952,5952,5952,5952,5952,5952,5952,5952,5952,5952,5952,5952,5952,5952,5952,5952,5952,5960,5960,5960,5960,5960,5960,5960,5960,5960,5960,5960,5960,5960,5960,5960,5960,5960,5960,5960,5960,5960,5960,5960,5960,5960,5960,5960,5960,5960,5960,5960,5960,5960,5960,5960,5960,5960,5960,5960,5960,5960,5960,5960,5960,5960,5960,5960,5960,5960,5960,5960,5960,5960,5960,5960,5960,5960,5960,5960,5960,5960,5960,5960,5960,5976,5976,5976,5976,5976,5976,5976,5976,5976,5976,5976,5976,5976,5976,5976,5976,5976,5976,5976,5976,5976,5976,5976,5976,5976,5976,5976,5976,5976,5976,5976,5976,5976,5976,5976,5976,5976,5976,5976,5976,5976,5976,5976,5976,5976,5976,5976,5976,5976,5976,5976,5976,5976,5976,5976,5976,5976,5976,5976,5976,5976,5976,5976,5976,5960,5960,5960,5960,5960,5960,5960,5960,5960,5960,5960,5960,5960,5960,5960,5960,5960,5960,5960,5960,5960,5960,5960,5960,5960,5960,5960,5960,5960,5960,5960,5960,5960,5960,5960,5960,5960,5960,5960,5960,5960,5960,5960,5960,5960,5960,5960,5960,5960,5960,5960,5960,5960,5960,5960,5960,5960,5960,5960,5960,5960,5960,5960,5960,5976,5976,5976,5976,5976,5976,5976,5976,5976,5976,5976,5976,5976,5976,5976,5976,5976,5976,5976,5976,5976,5976,5976,5976,5976,5976,5976,5976,5976,5976,5976,5976,5976,5976,5976,5976
0,0,0,0,0,0,0,0,0,0,0,0,0,0,0,0,0,0,0,0,0,0,0,0,0,0,0,0,0,0,0,0,0,0,0,0,0,0,0,0,0,0,0,0,0,0,0,0,0,0,0,0,0,0,0,0,0,0,0,0,5952,5952,5952,5952,5952,5952,5952,5952,5952,5952,5952,5952,5952,5952,5952,5952,5952,5952,5952,5952,5952,5952,5952,5952,5952,5952,5952,5952,5952,5952,5952,5952,5952,5952,5952,5952,5952,5952,5952,5952,5952,5952,5952,5952,5952,5952,5952,5952,5952,5952,5952,5952,5952,5952,5952,5952,5952,5952,5952,5952,5952,5952,5952,5952,5952,5960,5960,5960,5960,5960,5960,5960,5960,5960,5960,5960,5960,5960,5960,5960,5960,5960,5960,5960,5960,5960,5960,5960,5960,5960,5960,5960,5960,5960,5960,5960,5960,5960,5960,5960,5960,5960,5960,5960,5960,5960,5960,5960,5960,5960,5960,5960,5960,5960,5960,5960,5960,5960,5960,5960,5960,5960,5960,5960,5960,5960,5960,5960,5952,5952,5952,5952,5952,5952,5952,5952,5952,5952,5952,5952,5952,5952,5952,5952,5952,5952,5952,5952,5952,5952,5952,5952,5952,5952,5952,5952,5952,5952,5952,5952,5952,5952,5952,5952,5952,5952,5952,5952,5952,5952,5952,5952,5952,5952,5952,5952,5952,5952,5952,5952,5952,5952,5952,5952,5952,5952,5952,5952,5952,5952,5952,5952,5952,5952,5952,5976,5976,5976,5976,5976,5976,5976,5976,5976,5976,5976,5976,5976,5976,5976,5976,5976,5976,5976,5976,5976,5976,5976,5976,5976,5976,5976,5976,5976,5976,5976,5976,5976,5976,5976,5976,5976,5976,5976,5976,5976,5976,5976,5976,5976,5976,5976,5976,5976,5976,5976,5976,5976,5976,5976,5976,5976,5976,5976,5976,5976,5976,5976,5952,5952,5952,5952,5952,5952,5952,5952,5952,5952,5952,5952,5952,5952,5952,5952,5952,5952,5952,5952,5952,5952,5952,5952,5952,5952,5952,5952,5952,5952,5952,5952,5952,5952,5952,5952,5952,5952,5952,5952,5952,5952,5952,5952,5952,5952,5952,5952,5952,5952,5952,5952,5952,5952,5952,5952,5952,5952,5952,5952,5952,5952,5952,5952,5952,5968,5968,5968,5968,5968,5968,5968,5968,5968,5968,5968,5968,5968,5968,5968,5968,5968,5968,5968,5968,5968,5968,5968,5968,5968,5968,5968,5968,5968,5968,5968,5968,5968,5968,5968,5968,5968,5968,5968,5968,5968,5968,5968,5968,5968,5968,5968,5968,5968,5968,5968,5968,5968,5968,5968,5968,5968,5968,5968,5968,5968,5968,5968,5968,5968,5968,5968,5968,5968,5968,5968,5968,5968,5968,5968,5968,5968,5968,5968,5968,5968,5968,5968,5968,5968,5968,5968,5968,5968,5968,5968,5968,5968,5968,5968,5968,5968,5968,5968,5968,5968,5968,5968,5968,5968,5968,5968,5968,5968,5968,5968,5968,5968,5968,5968,5968,5968,5968,5968,5968,5968,5968,5968,5968,5968,5968,5968,5968,5968,5968,5952,5952,5952,5952,5952,5952,5952,5952,5952,5952,5952,5952,5952,5952,5952,5952,5952,5952,5952,5952,5952,5952,5952,5952,5952,5952,5952,5952,5952,5952,5952,5952,5952,5952,5952,5952,5952,5952,5952,5952,5952,5952,5952,5952,5952,5952,5952,5952,5952,5952,5952,5952,5952,5952,5952,5952,5952,5960,5960,5960,5960,5960,5960,5960,5960,5960,5960,5960,5960,5960,5960,5960,5960,5960,5960,5960,5960,5960,5960,5960,5960,5960,5960,5960,5960,5960,5960,5960,5960,5960,5960,5960,5960,5960,5960,5960,5960,5960,5960,5960,5960,5960,5960,5960,5960,5960,5960,5960,5960,5960,5960,5960,5960,5960,5960,5960,5960,5960,5960,5960,5960,5960,5960,5960,5960,5960,5960
5968,5968,5968,5968,5968,5968,5968,5968,5968,5968,5968,5968,5968,5968,5968,5968,5968,5968,5968,5968,5968,5968,5968,5968,5968,5968,5968,5968,5968,5968,5968,5968,5968,5968,5968,5968,5968,5960,5960,5960,5960,5960,5960,5960,5960,5960,5960,5960,5960,5960,5960,5960,5960,5960,5960,5960,5960,5960,5960,5960,5960,5960,5960,5960,5960,5960,5960,5960,5960,5960,5960,5960,5960,5960,5960,5960,5960,5960,5960,5960,5960,5960,5960,5960,5960,5960,5960,5960,5960,5960,5960,5960,5960,5960,5960,5960,5960,5960,5960,5960,5960,5960,5952,5952,5952,5952,5952,5952,5952,5952,5952,5952,5952,5952,5952,5952,5952,5952,5952,5952,5952,5952,5952,5952,5952,5952,5952,5952,5952,5952,5952,5952,5952,5952,5952,5952,5952,5952,5952,5952,5952,5952,5952,5952,5952,5952,5952,5952,5952,5952,5952,5952,5952,5952,5952,5952,5952,5952,5952,5952,5952,5952,5952,5952,5952,5960,5960,5960,5960,5960,5960,5960,5960,5960,5960,5960,5960,5960,5960,5960,5960,5960,5960,5960,5960,5960,5960,5960,5960,5960,5960,5960,5960,5960,5960,5960,5960,5960,5960,5960,5960,5960,5960,5960,5960,5960,5960,5960,5960,5960,5960,5960,5960,5960,5960,5960,5960,5960,5960,5960,5960,5960,5960,5960,5960,5960,5960,5960,5960,5960,5960,5960,5960,5960,5960,5960,5960,5960,5960,5960,5960,5960,5960,5960,5960,5960,5960,5960,5960,5960,5960,5960,5960,5960,5960,5960,5960,5960,5960,5960,5960,5960,5960,5960,5960,5960,5960,5960,5960,5960,5960,5960,5960,5960,5960,5960,5960,5960,5960,5960,5960,5960,5960,5960,5960,5960,5960,5960,5960,5960,5960,5960,5960,5960,5960,5960,5952,5952,5952,5952,5952,5952,5952,5952,5952,5952,5952,5952,5952,5952,5952,5952,5952,5952,5952,5952,5952,5952,5952,5952,5952,5952,5952,5952,5952,5952,5952,5952,5952,5952,5952,5952,5952,5952,5952,5952,5952,5952,5952,5952,5952,5952,5952,5952,5952,5952,5952,5952,5952,5952,5952,5952,5952,5952,5952,5952,5952,5952,5952,5952,5968,5968,5968,5968,5968,5968,5968,5968,5968,5968,5968,5968,5968,5968,5968,5968,5968,5968,5968,5968,5968,5968,5968,5968,5968,5968,5968,5968,5968,5968,5968,5968,5968,5968,5968,5968,5968,5968,5968,5968,5968,5968,5968,5968,5968,5968,5968,5968,5968,5968,5968,5968,5968,5968,5968,5968,5968,5968,5968,5968,5976,5976,5976,5976,5976,5976,5976,5976,5976,5976,5976,5976,5976,5976,5976,5976,5976,5976,5976,5976,5976,5976,5976,5976,5976,5976,5976,5976,5976,5976,5976,5976,5976,5976,5976,5976,5976,5976,5976,5976,5976,5976,5976,5976,5976,5976,5976,5976,5976,5976,5976,5976,5976,5976,5976,5976,5976,5976,5976,5976,5976,5976,5976,5976,5976,5976,5976,5976,5976,5968,5968,5968,5968,5968,5968,5968,5968,5968,5968,5968,5968,5968,5968,5968,5968,5968,5968,5968,5968,5968,5968,5968,5968,5968,5968,5968,5968,5968,5968,5968,5968,5968,5968,5968,5968,5968,5968,5968,5968,5968,5968,5968,5968,5968,5968,5968,5968,5968,5968,5968,5968,5968,5968,5968,5968,5968,5968,5968,5968,5968,5968,5968,5968,5968,5976,5976,5976,5976,5976,5976,5976,5976,5976,5976,5976,5976,5976,5976,5976,5976,5976,5976,5976,5976,5976,5976,5976,5976,5976,5976,5976,5976,5976,5976,5976,5976,5976,5976,5976,5976,5976,5976,5976,5976,5976,5976,5976,5976,5976,5976,5976,5976,5976,5976,5976,5976,5976,5976,5976,5976,5976,5976,5976,5976,5976,5976,5976,5976,5976,5976,5976,5976,5976,5976,5976,5976,5976,5976,5976,5976,5976,5976,5976,5976,5976,5976,5976,5976,5976,5976
5960,5960,5960,5960,5960,5960,5960,5960,5960,5960,5960,5960,5960,5960,5960,5960,5960,5960,5960,5960,5960,5960,5960,5960,5960,5960,5960,5960,5960,5960,5960,5960,5960,5960,5960,5960,5960,5960,5960,5960,5960,5960,5960,5960,5960,5960,5960,5960,5960,5960,5960,5960,5960,5960,5960,5960,5960,5960,5960,5960,5960,5960,5960,5960,5960,5960,5960,5960,5960,5960,5960,5960,5960,5960,5960,5960,5960,5960,5960,5952,5952,5952,5952,5952,5952,5952,5952,5952,5952,5952,5952,5952,5952,5952,5952,5952,5952,5952,5952,5952,5952,5952,5952,5952,5952,5952,5952,5952,5952,5952,5952,5952,5952,5952,5952,5952,5952,5952,5952,5952,5952,5952,5952,5952,5952,5952,5952,5952,5952,5952,5952,5952,5952,5952,5952,5952,5952,5952,5952,5952,5952,5952,5952,5952,5952,5952,5952,5952,5952,5952,5952,5952,5952,5952,5952,5952,5952,5952,5952,5952,5952,5952,5952,5952,5952,5952,5952,5952,5952,5952,5952,5952,5952,5952,5952,5952,5952,5952,5952,5952,5952,5952,5952,5952,5952,5952,5952,5952,5952,5952,5952,5952,5952,5952,5952,5952,5952,5952,5952,5952,5952,5952,5952,5952,5952,5952,5952,5960,5960,5960,5960,5960,5960,5960,5960,5960,5960,5960,5960,5960,5960,5960,5960,5960,5960,5960,5960,5960,5960,5960,5960,5960,5960,5960,5960,5960,5960,5960,5960,5960,5960,5960,5960,5960,5960,5960,5960,5960,5960,5960,5960,5960,5960,5960,5960,5960,5960,5960,5960,5960,5960,5960,5960,5960,5960,5960,5960,5960,5960,5960,5968,5968,5968,5968,5968,5968,5968,5968,5968,5968,5968,5968,5968,5968,5968,5968,5968,5968,5968,5968,5968,5968,5968,5968,5968,5968,5968,5968,5968,5968,5968,5968,5968,5968,5968,5968,5968,5968,5968,5968,5968,5968,5968,5968,5968,5968,5968,5968,5968,5968,5968,5968,5968,5968,5968,5968,5968,5968,5968,5968,5968,5968,5968,5968,5968,5968,5968,5968,5968,5968,5968,5968,5968,5968,5968,5968,5968,5968,5968,5968,5968,5968,5968,5968,5968,5968,5968,5968,5968,5968,5968,5968,5968,5968,5968,5968,5968,5968,5968,5968,5968,5968,5968,5968,5968,5968,5968,5968,5968,5968,5968,5968,5968,5968,5968,5968,5968,5968,5968,5968,5968,5968,5968,5968,5968,5968,5968,5968,5968,5968,5968,5968,5968,5968,5968,5968,5968,5968,5968,5968,5968,5968,5968,5968,5968,5968,5968,5968,5968,5968,5968,5968,5968,5968,5968,5968,5968,5968,5968,5968,5968,5968,5968,5968,5968,5968,5968,5968,5968,5968,5968,5968,5968,5968,5968,5968,5968,5968,5968,5968,5968,5968,5968,5968,5968,5968,5968,5968,5968,5968,5968,5968,5968,5968,5968,5968,5952,5952,5952,5952,5952,5952,5952,5952,5952,5952,5952,5952,5952,5952,5952,5952,5952,5952,5952,5952,5952,5952,5952,5952,5952,5952,5952,5952,5952,5952,5952,5952,5952,5952,5952,5952,5952,5952,5952,5952,5952,5952,5952,5952,5952,5952,5952,5952,5952,5952,5952,5952,5952,5952,5952,5952,5952,5952,5952,5952,5952,5952,5952,5960,5960,5960,5960,5960,5960,5960,5960,5960,5960,5960,5960,5960,5960,5960,5960,5960,5960,5960,5960,5960,5960,5960,5960,5960,5960,5960,5960,5960,5960,5960,5960,5960,5960,5960,5960,5960,5960,5960,5960,5960,5960,5960,5960,5960,5960,5960,5960,5960,5960,5960,5960,5960,5960,5960,5960,5960,5960,5960,5960,5960,5960,5960,5960,5960,5960,5960,5960,5960,5960,5960,5960,5960,5960,5960,5960,5960,5960,5960,5960,5960,5960,5960,5960,5960,5960,5960,5960,5960,5960,5960,5960,5960,5960,5960,5960,5960,5960,5960,5960,5960,5960,5960,5960,5960,5960,5960,5960,5960,5960,5960
0,0,0,0,0,0,0,0,0,0,0,0,0,0,0,0,0,0,0,0,0,0,0,0,0,0,0,0,0,0,0,0,0,0,0,0,0,0,0,0,0,0,0,0,0,0,5968,5968,5968,5968,5968,5968,5968,5968,5968,5968,5968,5968,5968,5968,5968,5968,5968,5968,5968,5968,5968,5968,5968,5968,5968,5968,5968,5968,5968,5968,5968,5968,5968,5968,5968,5968,5968,5968,5968,5968,5968,5968,5968,5968,5968,5968,5968,5968,5968,5968,5968,5968,5968,5968,5968,5968,5968,5968,5968,5968,5968,5968,5968,5968,5976,5976,5976,5976,5976,5976,5976,5976,5976,5976,5976,5976,5976,5976,5976,5976,5976,5976,5976,5976,5976,5976,5976,5976,5976,5976,5976,5976,5976,5976,5976,5976,5976,5976,5976,5976,5976,5976,5976,5976,5976,5976,5976,5976,5976,5976,5976,5976,5976,5976,5976,5976,5976,5976,5976,5976,5976,5976,5976,5976,5976,5976,5976,5976,5976,5976,5976,5976,5976,5976,5976,5976,5976,5976,5976,5976,5976,5976,5976,5976,5976,5976,5976,5976,5976,5976,5976,5976,5976,5976,5976,5976,5976,5976,5976,5976,5976,5976,5976,5976,5976,5976,5976,5976,5976,5976,5976,5976,5976,5976,5976,5976,5976,5976,5976,5976,5976,5976,5976,5976,5976,5976,5976,5976,5976,5976,5976,5976,5976,5960,5960,5960,5960,5960,5960,5960,5960,5960,5960,5960,5960,5960,5960,5960,5960,5960,5960,5960,5960,5960,5960,5960,5960,5960,5960,5960,5960,5960,5960,5960,5960,5960,5960,5960,5960,5960,5960,5960,5960,5960,5960,5960,5960,5960,5960,5960,5960,5960,5960,5960,5960,5960,5960,5960,5960,5960,5960,5960,5960,5960,5960,5960,5960,5960,5960,5960,5960,5960,5960,5960,5960,5960,5960,5960,5960,5960,5960,5960,5960,5960,5960,5960,5960,5960,5960,5960,5960,5960,5960,5960,5960,5960,5960,5960,5960,5960,5960,5960,5960,5960,5960,5960,5960,5960,5960,5960,5960,5960,5960,5960,5960,5960,5960,5960,5960,5960,5960,5960,5960,5960,5960,5960,5960,5960,5960,5960,5960,5960,5976,5976,5976,5976,5976,5976,5976,5976,5976,5976,5976,5976,5976,5976,5976,5976,5976,5976,5976,5976,5976,5976,5976,5976,5976,5976,5976,5976,5976,5976,5976,5976,5976,5976,5976,5976,5976,5976,5976,5976,5976,5976,5976,5976,5976,5976,5976,5976,5976,5976,5976,5976,5976,5976,5976,5976,5976,5976,5976,5976,5976,5976,5976,5976,5960,5960,5960,5960,5960,5960,5960,5960,5960,5960,5960,5960,5960,5960,5960,5960,5960,5960,5960,5960,5960,5960,5960,5960,5960,5960,5960,5960,5960,5960,5960,5960,5960,5960,5960,5960,5960,5960,5960,5960,5960,5960,5960,5960,5960,5960,5960,5960,5960,5960,5960,5960,5960,5960,5960,5960,5960,5960,5960,5960,5960,5960,5960,5960,5960,5960,5960,5960,5960,5960,5960,5960,5960,5960,5960,5960,5960,5960,5960,5960,5960,5960,5960,5960,5960,5960,5960,5960,5960,5960,5960,5960,5960,5960,5960,5960,5960,5960,5960,5960,5960,5960,5960,5960,5960,5960,5960,5960,5960,5960,5960,5960,5960,5960,5960,5960,5960,5960,5960,5960,5960,5960,5960,5960,5960,5960,5960,5960,5960,5968,5968,5968,5968,5968,5968,5968,5968,5968,5968,5968,5968,5968,5968,5968,5968,5968,5968,5968,5968,5968,5968,5968,5968,5968,5968,5968,5968,5968,5968,5968,5968,5968,5968,5968,5968,5968,5968,5968,5968,5968,5968,5968,5968,5968,5968,5968,5968,5968,5968,5968,5968,5968,5968,5968,5968,5968,5968,5968,5968,5968,5968,5976,5976,5976,5976,5976,5976,5976,5976,5976,5976,5976,5976,5976,5976,5976,5976,5976
0,0,0,0,5960,5960,5960,5960,5960,5960,5960,5960,5960,5960,5960,5960,5960,5960,5960,5960,5960,5960,5960,5960,5960,5960,5960,5960,5960,5960,5960,5960,5960,5960,5960,5960,5960,5960,5960,5960,5960,5960,5960,5960,5960,5960,5960,5960,5960,5960,5960,5960,5960,5960,5960,5960,5960,5960,5960,5960,5960,5960,5960,5960,5960,5960,5960,5960,5968,5968,5968,5968,5968,5968,5968,5968,5968,5968,5968,5968,5968,5968,5968,5968,5968,5968,5968,5968,5968,5968,5968,5968,5968,5968,5968,5968,5968,5968,5968,5968,5968,5968,5968,5968,5968,5968,5968,5968,5968,5968,5968,5968,5968,5968,5968,5968,5968,5968,5968,5968,5968,5968,5968,5968,5968,5968,5968,5968,5968,5968,5968,5968,5968,5968,5976,5976,5976,5976,5976,5976,5976,5976,5976,5976,5976,5976,5976,5976,5976,5976,5976,5976,5976,5976,5976,5976,5976,5976,5976,5976,5976,5976,5976,5976,5976,5976,5976,5976,5976,5976,5976,5976,5976,5976,5976,5976,5976,5976,5976,5976,5976,5976,5976,5976,5976,5976,5976,5976,5976,5976,5976,5976,5976,5976,5976,5976,5976,5976,5960,5960,5960,5960,5960,5960,5960,5960,5960,5960,5960,5960,5960,5960,5960,5960,5960,5960,5960,5960,5960,5960,5960,5960,5960,5960,5960,5960,5960,5960,5960,5960,5960,5960,5960,5960,5960,5960,5960,5960,5960,5960,5960,5960,5960,5960,5960,5960,5960,5960,5960,5960,5960,5960,5960,5960,5960,5960,5960,5960,5960,5960,5960,5960,5960,5968,5968,5968,5968,5968,5968,5968,5968,5968,5968,5968,5968,5968,5968,5968,5968,5968,5968,5968,5968,5968,5968,5968,5968,5968,5968,5968,5968,5968,5968,5968,5968,5968,5968,5968,5968,5968,5968,5968,5968,5968,5968,5968,5968,5968,5968,5968,5968,5968,5968,5968,5968,5968,5968,5968,5968,5968,5968,5968,5968,5968,5968,5968,5968,5976,5976,5976,5976,5976,5976,5976,5976,5976,5976,5976,5976,5976,5976,5976,5976,5976,5976,5976,5976,5976,5976,5976,5976,5976,5976,5976,5976,5976,5976,5976,5976,5976,5976,5976,5976,5976,5976,5976,5976,5976,5976,5976,5976,5976,5976,5976,5976,5976,5976,5976,5976,5976,5976,5976,5976,5976,5976,5976,5976,5976,5976,5976,5976,5976,5952,5952,5952,5952,5952,5952,5952,5952,5952,5952,5952,5952,5952,5952,5952,5952,5952,5952,5952,5952,5952,5952,5952,5952,5952,5952,5952,5952,5952,5952,5952,5952,5952,5952,5952,5952,5952,5952,5952,5952,5952,5952,5952,5952,5952,5952,5952,5952,5952,5952,5952,5952,5952,5952,5952,5952,5952,5952,5952,5952,5952,5952,5952,5952,5952,5952,5952,5952,5952,5952,5952,5952,5952,5952,5952,5952,5952,5952,5952,5952,5952,5952,5952,5952,5952,5952,5952,5952,5952,5952,5952,5952,5952,5952,5952,5952,5952,5952,5952,5952,5952,5952,5952,5952,5952,5952,5952,5952,5952,5952,5952,5952,5952,5952,5952,5952,5952,5952,5952,5952,5952,5952,5952,5952,5952,5952,5952,5952,5952,5976,5976,5976,5976,5976,5976,5976,5976,5976,5976,5976,5976,5976,5976,5976,5976,5976,5976,5976,5976,5976,5976,5976,5976,5976,5976,5976,5976,5976,5976,5976,5976,5976,5976,5976,5976,5976,5976,5976,5976,5976,5976,5976,5976,5976,5976,5976,5976,5976,5976,5976,5976,5976,5976,5976,5976,5976,5976,5976,5976,5976,5976,5976,5976,5976,5976,5976,5976,5976,5976,5976,5976,5976,5976,5976,5976,5976,5976,5976,5976,5976,5976,5976,5976,5976,5976,5976,5976,5976,5976,5976,5976,5976,5976,5976,5976,5976,5976,5976,5976,5976,5976,5976,5976,5976,5976,5976,5976,5976,5976,5976,5976,5976,5976,5976,5976,5976,5976,5976
0,0,0,0,0,0,0,0,0,0,0,0,0,0,0,0,0,0,0,0,0,0,0,0,0,0,0,0,0,0,0,0,0,0,0,5976,5976,5976,5976,5976,5976,5976,5976,5976,5976,5976,5976,5976,5976,5976,5976,5976,5976,5976,5976,5976,5976,5976,5976,5976,5976,5976,5976,5976,5976,5976,5976,5976,5976,5976,5976,5976,5976,5976,5976,5976,5976,5976,5976,5976,5976,5976,5976,5976,5976,5976,5976,5976,5976,5976,5976,5976,5976,5976,5976,5976,5976,5976,5976,5976,5976,5976,5976,5960,5960,5960,5960,5960,5960,5960,5960,5960,5960,5960,5960,5960,5960,5960,5960,5960,5960,5960,5960,5960,5960,5960,5960,5960,5960,5960,5960,5960,5960,5960,5960,5960,5960,5960,5960,5960,5960,5960,5960,5960,5960,5960,5960,5960,5960,5960,5960,5960,5960,5960,5960,5960,5960,5960,5960,5960,5960,5960,5960,5960,5960,5960,5960,5960,5952,5952,5952,5952,5952,5952,5952,5952,5952,5952,5952,5952,5952,5952,5952,5952,5952,5952,5952,5952,5952,5952,5952,5952,5952,5952,5952,5952,5952,5952,5952,5952,5952,5952,5952,5952,5952,5952,5952,5952,5952,5952,5952,5952,5952,5952,5952,5952,5952,5952,5952,5952,5952,5952,5952,5952,5952,5952,5952,5952,5952,5952,5952,5952,5960,5960,5960,5960,5960,5960,5960,5960,5960,5960,5960,5960,5960,5960,5960,5960,5960,5960,5960,5960,5960,5960,5960,5960,5960,5960,5960,5960,5960,5960,5960,5960,5960,5960,5960,5960,5960,5960,5960,5960,5960,5960,5960,5960,5960,5960,5960,5960,5960,5960,5960,5960,5960,5960,5960,5960,5960,5960,5960,5960,5960,5960,5960,5960,5960,5960,5960,5960,5960,5960,5960,5960,5960,5960,5960,5960,5960,5960,5960,5960,5960,5960,5960,5960,5960,5960,5960,5960,5960,5960,5960,5960,5960,5960,5960,5960,5960,5960,5960,5960,5960,5960,5960,5960,5960,5960,5960,5960,5960,5960,5960,5960,5960,5960,5960,5960,5960,5960,5960,5960,5960,5960,5960,5960,5960,5960,5960,5960,5960,5968,5968,5968,5968,5968,5968,5968,5968,5968,5968,5968,5968,5968,5968,5968,5968,5968,5968,5968,5968,5968,5968,5968,5968,5968,5968,5968,5968,5968,5968,5968,5968,5968,5968,5968,5968,5968,5968,5968,5968,5968,5968,5968,5968,5968,5968,5968,5968,5968,5968,5968,5968,5968,5968,5968,5968,5968,5968,5968,5968,5968,5968,5968,5968,5968,5968,5968,5968,5968,5968,5968,5968,5968,5968,5968,5968,5968,5968,5968,5968,5968,5968,5968,5968,5968,5968,5968,5968,5968,5968,5968,5968,5968,5968,5968,5968,5968,5968,5968,5968,5968,5968,5968,5968,5968,5968,5968,5968,5968,5968,5968,5968,5968,5968,5968,5968,5968,5968,5968,5968,5968,5968,5968,5968,5968,5968,5968,5968,5968,5952,5952,5952,5952,5952,5952,5952,5952,5952,5952,5952,5952,5952,5952,5952,5952,5952,5952,5952,5952,5952,5952,5952,5952,5952,5952,5952,5952,5952,5952,5952,5952,5952,5952,5952,5952,5952,5952,5952,5952,5952,5952,5952,5952,5952,5952,5952,5952,5952,5952,5952,5952,5952,5952,5952,5952,5952,5952,5952,5952,5952,5952,5952,5952,5968,5968,5968,5968,5968,5968,5968,5968,5968,5968,5968,5968,5968,5968,5968,5968,5968,5968,5968,5968,5968,5968,5968,5968,5968,5968,5968,5968,5968,5968,5968,5968,5968,5968,5968,5968,5968,5968,5968,5968,5968,5968,5968,5968,5968,5968,5968,5968,5968,5968,5968,5968,5968,5968,5968,5968,5968,5968,5968,5968,5968,5968,5968,5960,5960,5960,5960,5960,5960,5960,5960,5960,5960,5960,5960,5960,5960,5960,5960,5960,5960,5960,5960,5960,5960,5960
0,0,0,0,0,0,5904,5904,5904,5904,5904,5904,5904,5904,5904,5904,5904,5904,5904,5904,5904,5904,5904,5904,5904,5904,5904,5904,5904,5904,5904,5904,5904,5904,5904,5904,5904,5904,5904,5904,5904,5904,5904,5904,5904,5904,5904,5904,5904,5904,5904,5904,5904,5904,5904,5904,5904,5904,5904,5904,5904,5904,5904,5904,5904,5904,5904,5904,5904,5904,5904,5904,5904,5904,5904,5904,5904,5904,5904,5904,5904,5904,5904,5904,5904,5904,5904,5904,5904,5904,5904,5904,5904,5904,5904,5904,5904,5904,5904,5904,5904,5904,5904,5904,5904,5904,5904,5904,5904,5904,5904,5904,5904,5904,5904,5904,5904,5904,5904,5904,5904,5904,5904,5904,5904,5904,5904,5904,5904,5904,5904,5904,5904,5904,5904,5912,5912,5912,5912,5912,5912,5912,5912,5912,5912,5912,5912,5912,5912,5912,5912,5912,5912,5912,5912,5912,5912,5912,5912,5912,5912,5912,5912,5912,5912,5912,5912,5912,5912,5912,5912,5912,5912,5912,5912,5912,5912,5912,5912,5912,5912,5912,5912,5912,5912,5912,5912,5912,5912,5912,5912,5912,5912,5912,5912,5912,5912,5912,5912,5912,5912,5896,5896,5896,5896,5896,5896,5896,5896,5896,5896,5896,5896,5896,5896,5896,5896,5896,5896,5896,5896,5896,5896,5896,5896,5896,5896,5896,5896,5896,5896,5896,5896,5896,5896,5896,5896,5896,5896,5896,5896,5896,5896,5896,5896,5896,5896,5896,5896,5896,5896,5896,5896,5896,5896,5896,5896,5896,5896,5896,5896,5896,5896,5896,5912,5912,5912,5912,5912,5912,5912,5912,5912,5912,5912,5912,5912,5912,5912,5912,5912,5912,5912,5912,5912,5912,5912,5912,5912,5912,5912,5912,5912,5912,5912,5912,5912,5912,5912,5912,5912,5912,5912,5912,5912,5912,5912,5912,5912,5912,5912,5912,5912,5912,5912,5912,5912,5912,5912,5912,5912,5912,5912,5912,5912,5912,5912,5912,5912,5896,5896,5896,5896,5896,5896,5896,5896,5896,5896,5896,5896,5896,5896,5896,5896,5896,5896,5896,5896,5896,5896,5896,5896,5896,5896,5896,5896,5896,5896,5896,5896,5896,5896,5896,5896,5896,5896,5896,5896,5896,5896,5896,5896,5896,5896,5896,5896,5896,5896,5896,5896,5896,5896,5896,5896,5896,5896,5896,5896,5896,5912,5912,5912,5912,5912,5912,5912,5912,5912,5912,5912,5912,5912,5912,5912,5912,5912,5912,5912,5912,5912,5912,5912,5912,5912,5912,5912,5912,5912,5912,5912,5912,5912,5912,5912,5912,5912,5912,5912,5912,5912,5912,5912,5912,5912,5912,5912,5912,5912,5912,5912,5912,5912,5912,5912,5912,5912,5912,5912,5912,5912,5912,5912,5912,5912,5912,5912,5904,5904,5904,5904,5904,5904,5904,5904,5904,5904,5904,5904,5904,5904,5904,5904,5904,5904,5904,5904,5904,5904,5904,5904,5904,5904,5904,5904,5904,5904,5904,5904,5904,5904,5904,5904,5904,5904,5904,5904,5904,5904,5904,5904,5904,5904,5904,5904,5904,5904,5904,5904,5904,5904,5904,5904,5904,5904,5904,5904,5904,5904,5904,5904,5896,5896,5896,5896,5896,5896,5896,5896,5896,5896,5896,5896,5896,5896,5896,5896,5896,5896,5896,5896,5896,5896,5896,5896,5896,5896,5896,5896,5896,5896,5896,5896,5896,5896,5896,5896,5896,5896,5896,5896,5896,5896,5896,5896,5896,5896,5896,5896,5896,5896,5896,5896,5896,5896,5896,5896,5896,5896,5896,5896,5896,5896,5896,5896,5896,5896,5912,5912,5912,5912,5912,5912,5912,5912,5912,5912,5912,5912,5912,5912,5912,5912,5912,5912,5912,5912,5912,5912,5912,5912,5912,5912,5912,5912,5912,5912,5912,5912,5912,5912,5912,5912,5912,5912,5912,5912,5912,5912,5912,5912,5912,5912,5912,5912,5912,5912,5912,5912,5912
0,0,0,0,0,0,0,0,0,0,0,0,0,0,0,0,0,0,0,0,0,0,0,0,0,0,0,0,0,0,0,0,0,0,0,0,0,0,0,0,0,5928,5928,5928,5928,5928,5928,5928,5928,5928,5928,5928,5928,5928,5928,5928,5928,5928,5928,5928,5928,5928,5928,5928,5928,5928,5928,5928,5928,5928,5928,5928,5928,5928,5928,5928,5928,5928,5928,5928,5928,5928,5928,5928,5928,5928,5928,5928,5928,5928,5928,5928,5928,5928,5928,5928,5928,5928,5928,5928,5928,5928,5928,5928,5920,5920,5920,5920,5920,5920,5920,5920,5920,5920,5920,5920,5920,5920,5920,5920,5920,5920,5920,5920,5920,5920,5920,5920,5920,5920,5920,5920,5920,5920,5920,5920,5920,5920,5920,5920,5920,5920,5920,5920,5920,5920,5920,5920,5920,5920,5920,5920,5920,5920,5920,5920,5920,5920,5920,5920,5920,5920,5920,5920,5920,5920,5920,5920,5920,5944,5944,5944,5944,5944,5944,5944,5944,5944,5944,5944,5944,5944,5944,5944,5944,5944,5944,5944,5944,5944,5944,5944,5944,5944,5944,5944,5944,5944,5944,5944,5944,5944,5944,5944,5944,5944,5944,5944,5944,5944,5944,5944,5944,5944,5944,5944,5944,5944,5944,5944,5944,5944,5944,5944,5944,5944,5944,5944,5944,5944,5944,5944,5928,5928,5928,5928,5928,5928,5928,5928,5928,5928,5928,5928,5928,5928,5928,5928,5928,5928,5928,5928,5928,5928,5928,5928,5928,5928,5928,5928,5928,5928,5928,5928,5928,5928,5928,5928,5928,5928,5928,5928,5928,5928,5928,5928,5928,5928,5928,5928,5928,5928,5928,5928,5928,5928,5928,5928,5928,5928,5928,5928,5928,5928,5928,5928,5928,5928,5920,5920,5920,5920,5920,5920,5920,5920,5920,5920,5920,5920,5920,5920,5920,5920,5920,5920,5920,5920,5920,5920,5920,5920,5920,5920,5920,5920,5920,5920,5920,5920,5920,5920,5920,5920,5920,5920,5920,5920,5920,5920,5920,5920,5920,5920,5920,5920,5920,5920,5920,5920,5920,5920,5920,5920,5920,5920,5920,5920,5920,5920,5920,5920,5920,5944,5944,5944,5944,5944,5944,5944,5944,5944,5944,5944,5944,5944,5944,5944,5944,5944,5944,5944,5944,5944,5944,5944,5944,5944,5944,5944,5944,5944,5944,5944,5944,5944,5944,5944,5944,5944,5944,5944,5944,5944,5944,5944,5944,5944,5944,5944,5944,5944,5944,5944,5944,5944,5944,5944,5944,5944,5944,5944,5944,5944,5944,5944,5944,5928,5928,5928,5928,5928,5928,5928,5928,5928,5928,5928,5928,5928,5928,5928,5928,5928,5928,5928,5928,5928,5928,5928,5928,5928,5928,5928,5928,5928,5928,5928,5928,5928,5928,5928,5928,5928,5928,5928,5928,5928,5928,5928,5928,5928,5928,5928,5928,5928,5928,5928,5928,5928,5928,5928,5928,5928,5928,5928,5928,5928,5928,5928,5944,5944,5944,5944,5944,5944,5944,5944,5944,5944,5944,5944,5944,5944,5944,5944,5944,5944,5944,5944,5944,5944,5944,5944,5944,5944,5944,5944,5944,5944,5944,5944,5944,5944,5944,5944,5944,5944,5944,5944,5944,5944,5944,5944,5944,5944,5944,5944,5944,5944,5944,5944,5944,5944,5944,5944,5944,5944,5944,5944,5944,5944,5944,5944,5944,5944,5944,5928,5928,5928,5928,5928,5928,5928,5928,5928,5928,5928,5928,5928,5928,5928,5928,5928,5928,5928,5928,5928,5928,5928,5928,5928,5928,5928,5928,5928,5928,5928,5928,5928,5928,5928,5928,5928,5928,5928,5928,5928,5928,5928,5928,5928,5928,5928,5928,5928,5928,5928,5928,5928,5928,5928,5928,5928,5928,5928,5928,5928,5928,5928,5944,5944,5944,5944,5944,5944,5944,5944,5944,5944,5944,5944,5944,5944,5944,5944,5944,5944,5944,5944
0,0,0,0,0,0,0,0,0,0,0,0,5928,5928,5928,5928,5928,5928,5928,5928,5928,5928,5928,5928,5928,5928,5928,5928,5928,5928,5928,5928,5928,5928,5928,5928,5928,5928,5928,5928,5928,5928,5928,5928,5928,5928,5928,5928,5928,5928,5928,5928,5928,5928,5928,5928,5928,5928,5928,5928,5928,5928,5928,5928,5928,5928,5928,5928,5928,5928,5928,5928,5928,5928,5928,5920,5920,5920,5920,5920,5920,5920,5920,5920,5920,5920,5920,5920,5920,5920,5920,5920,5920,5920,5920,5920,5920,5920,5920,5920,5920,5920,5920,5920,5920,5920,5920,5920,5920,5920,5920,5920,5920,5920,5920,5920,5920,5920,5920,5920,5920,5920,5920,5920,5920,5920,5920,5920,5920,5920,5920,5920,5920,5920,5920,5920,5920,5920,5920,5920,5920,5920,5920,5920,5920,5920,5920,5920,5920,5920,5920,5920,5920,5920,5920,5920,5920,5920,5920,5920,5920,5920,5920,5920,5920,5920,5920,5920,5920,5920,5920,5920,5920,5920,5920,5920,5920,5920,5920,5920,5920,5920,5920,5920,5920,5920,5920,5920,5920,5920,5920,5920,5920,5920,5920,5920,5920,5920,5920,5920,5920,5920,5920,5920,5560,5560,5560,5560,5560,5560,5560,5560,5560,5560,5560,5560,5560,5560,5560,5560,5560,5560,5560,5560,5560,5560,5560,5560,5560,5560,5560,5560,5560,5560,5560,5560,5560,5560,5560,5560,5560,5560,5560,5560,5560,5560,5560,5560,5560,5560,5560,5560,5560,5560,5560,5560,5560,5560,5560,5560,5560,5560,5560,5560,5560,5560,5560,5560,5536,5536,5536,5536,5536,5536,5536,5536,5536,5536,5536,5536,5536,5536,5536,5536,5536,5536,5536,5536,5536,5536,5536,5536,5536,5536,5536,5536,5536,5536,5536,5536,5536,5536,5536,5536,5536,5536,5536,5536,5536,5536,5536,5536,5536,5536,5536,5536,5536,5536,5536,5536,5536,5536,5536,5536,5536,5536,5536,5536,5536,5536,5536,5536,5536,5536,5544,5544,5544,5544,5544,5544,5544,5544,5544,5544,5544,5544,5544,5544,5544,5544,5544,5544,5544,5544,5544,5544,5544,5544,5544,5544,5544,5544,5544,5544,5544,5544,5544,5544,5544,5544,5544,5544,5544,5544,5544,5544,5544,5544,5544,5544,5544,5544,5544,5544,5544,5544,5544,5544,5544,5544,5544,5544,5544,5544,5544,5544,5544,5544,5672,5672,5672,5672,5672,5672,5672,5672,5672,5672,5672,5672,5672,5672,5672,5672,5672,5672,5672,5672,5672,5672,5672,5672,5672,5672,5672,5672,5672,5672,5672,5672,5672,5672,5672,5672,5672,5672,5672,5672,5672,5672,5672,5672,5672,5672,5672,5672,5672,5672,5672,5672,5672,5672,5672,5672,5672,5672,5672,5672,5672,5672,5672,5672,5680,5680,5680,5680,5680,5680,5680,5680,5680,5680,5680,5680,5680,5680,5680,5680,5680,5680,5680,5680,5680,5680,5680,5680,5680,5680,5680,5680,5680,5680,5680,5680,5680,5680,5680,5680,5680,5680,5680,5680,5680,5680,5680,5680,5680,5680,5680,5680,5680,5680,5680,5680,5680,5680,5680,5680,5680,5680,5680,5680,5680,5680,5848,5848,5848,5848,5848,5848,5848,5848,5848,5848,5848,5848,5848,5848,5848,5848,5848,5848,5848,5848,5848,5848,5848,5848,5848,5848,5848,5848,5848,5848,5848,5848,5848,5848,5848,5848,5848,5848,5848,5848,5848,5848,5848,5848,5848,5848,5848,5848,5848,5848,5848,5848,5848,5848,5848,5848,5848,5848,5848,5848,5848,5848,5848,5848,5848,5848,5848,5840,5840,5840,5840,5840,5840,5840,5840,5840,5840,5840,5840,5840,5840,5840,5840,5840,5840,5840,5840,5840,5840,5840,5840,5840,5840,5840,5840,5840,5840,5840,5840,5840,5840,5840,5840,5840,5840,5840,5840,5840,5840,5840,5840,5840,5840,5840,5840,5840
