0,0,0,0,0,0,0,0,0,0,0,0,0,0,0,0,0,0,0,0,0,0,0,0,0,0,0,0,0,0,0,0,0,0,0,0,0,0,0,0,0,0,0,0,0,0,0,0,0,0,0,0,0,0,0,0,0,0,0,0,0,0,5864,5864,5864,5864,5864,5864,5864,5864,5864,5864,5864,5864,5864,5864,5864,5864,5864,5864,5864,5864,5864,5864,5864,5864,5864,5864,5864,5864,5864,5864,5864,5864,5864,5864,5864,5864,5864,5864,5864,5864,5864,5864,5864,5864,5864,5864,5864,5864,5864,5864,5864,5864,5864,5864,5864,5864,5864,5864,5864,5864,5864,5864,5864,5864,5816,5816,5816,5816,5816,5816,5816,5816,5816,5816,5816,5816,5816,5816,5816,5816,5816,5816,5816,5816,5816,5816,5816,5816,5816,5816,5816,5816,5816,5816,5816,5816,5816,5816,5816,5816,5816,5816,5816,5816,5816,5816,5816,5816,5816,5816,5816,5816,5816,5816,5816,5816,5816,5816,5816,5816,5816,5816,5816,5816,5816,5816,5816,5816,5816,5792,5792,5792,5792,5792,5792,5792,5792,5792,5792,5792,5792,5792,5792,5792,5792,5792,5792,5792,5792,5792,5792,5792,5792,5792,5792,5792,5792,5792,5792,5792,5792,5792,5792,5792,5792,5792,5792,5792,5792,5792,5792,5792,5792,5792,5792,5792,5792,5792,5792,5792,5792,5792,5792,5792,5792,5792,5792,5792,5792,5792,5792,5792,5792,5792,5840,5840,5840,5840,5840,5840,5840,5840,5840,5840,5840,5840,5840,5840,5840,5840,5840,5840,5840,5840,5840,5840,5840,5840,5840,5840,5840,5840,5840,5840,5840,5840,5840,5840,5840,5840,5840,5840,5840,5840,5840,5840,5840,5840,5840,5840,5840,5840,5840,5840,5840,5840,5840,5840,5840,5840,5840,5840,5840,5840,5840,5840,5840,5840,5840,5840,5840,5840,5840,5840,5840,5840,5840,5840,5840,5840,5840,5840,5840,5840,5840,5840,5840,5840,5840,5840,5840,5840,5840,5840,5840,5840,5840,5840,5840,5840,5840,5840,5840,5840,5840,5840,5840,5840,5840,5840,5840,5840,5840,5840,5840,5840,5840,5840,5840,5840,5840,5840,5840,5840,5840,5840,5840,5840,5840,5840,5840,5840,5840,5840,5840,5840,5840,5840,5840,5840,5840,5840,5840,5840,5840,5840,5840,5840,5840,5840,5840,5840,5840,5840,5840,5840,5840,5840,5840,5840,5840,5840,5840,5840,5840,5840,5840,5840,5840,5840,5840,5840,5840,5840,5840,5840,5840,5840,5840,5840,5840,5840,5840,5840,5840,5840,5840,5840,5840,5840,5840,5840,5840,5840,5840,5840,5840,5840,5840,5840,5840,5840,5840,5840,5840,5840,5840,5840,5840,5840,5840,5840,5840,5840,5840,5840,5840,5840,5840,5840,5840,5840,5840,5840,5840,5840,5840,5840,5840,5840,5840,5840,5840,5840,5840,5840,5840,5840,5840,5840,5840,5840,5840,5840,5840,5840,5840,5840,5840,5840,5840,5840,5840,5840,5840,5840,5840,5840,5840,5840,5840,5840,5840,5840,5840,5840,5840,5840,5840,5840,5840,5840,5840,5840,5840,5840,5840,5840,5840,5840,5840,5840,5840,5840,5840,5840,5840,5840,5840,5840,5840,5840,5840,5840,5840,5840,5840,5840,5840,5840,5840,5840,5840,5840,5840,5840,5840,5840,5840,5840,5840,5840,5840,5840,5840,5840,5840,5840,5840,5840,5840,5840,5840,5840,5840,5840,5840,5840,5840,5840,5840,5840,5840,5840,5840,5840,5840,5840,5840,5840,5840,5840,5840,5840,5840,5840,5840,5840,5840,5840,5840,5840,5840,5840,5840,5840,5840,5840,5840,5840,5840,5840,5840,5840,5840,5840,5840,5840,5840,5840,5840,5840,5840,5840,5840,5840,5840,5840,5840,5840,5840,5840,5840,5840,5840,5840,5840,5840
0,0,0,0,0,0,0,0,0,0,0,0,0,0,0,0,0,0,0,0,0,0,0,0,0,0,0,0,0,0,5872,5872,5872,5872,5872,5872,5872,5872,5872,5872,5872,5872,5872,5872,5872,5872,5872,5872,5872,5872,5872,5872,5872,5872,5872,5872,5872,5872,5872,5872,5872,5872,5872,5872,5872,5872,5872,5872,5872,5872,5872,5872,5872,5872,5872,5872,5872,5872,5872,5872,5872,5872,5872,5872,5872,5872,5872,5872,5872,5872,5872,5872,5872,5880,5880,5880,5880,5880,5880,5880,5880,5880,5880,5880,5880,5880,5880,5880,5880,5880,5880,5880,5880,5880,5880,5880,5880,5880,5880,5880,5880,5880,5880,5880,5880,5880,5880,5880,5880,5880,5880,5880,5880,5880,5880,5880,5880,5880,5880,5880,5880,5880,5880,5880,5880,5880,5880,5880,5880,5880,5880,5880,5880,5880,5880,5880,5880,5880,5880,5880,5872,5872,5872,5872,5872,5872,5872,5872,5872,5872,5872,5872,5872,5872,5872,5872,5872,5872,5872,5872,5872,5872,5872,5872,5872,5872,5872,5872,5872,5872,5872,5872,5872,5872,5872,5872,5872,5872,5872,5872,5872,5872,5872,5872,5872,5872,5872,5872,5872,5872,5872,5872,5872,5872,5872,5872,5872,5872,5872,5872,5872,5872,5872,5872,5896,5896,5896,5896,5896,5896,5896,5896,5896,5896,5896,5896,5896,5896,5896,5896,5896,5896,5896,5896,5896,5896,5896,5896,5896,5896,5896,5896,5896,5896,5896,5896,5896,5896,5896,5896,5896,5896,5896,5896,5896,5896,5896,5896,5896,5896,5896,5896,5896,5896,5896,5896,5896,5896,5896,5896,5896,5896,5896,5896,5896,5896,5896,5896,5896,5904,5904,5904,5904,5904,5904,5904,5904,5904,5904,5904,5904,5904,5904,5904,5904,5904,5904,5904,5904,5904,5904,5904,5904,5904,5904,5904,5904,5904,5904,5904,5904,5904,5904,5904,5904,5904,5904,5904,5904,5904,5904,5904,5904,5904,5904,5904,5904,5904,5904,5904,5904,5904,5904,5904,5904,5904,5904,5904,5904,5904,5904,5904,5904,5896,5896,5896,5896,5896,5896,5896,5896,5896,5896,5896,5896,5896,5896,5896,5896,5896,5896,5896,5896,5896,5896,5896,5896,5896,5896,5896,5896,5896,5896,5896,5896,5896,5896,5896,5896,5896,5896,5896,5896,5896,5896,5896,5896,5896,5896,5896,5896,5896,5896,5896,5896,5896,5896,5896,5896,5896,5896,5896,5896,5896,5896,5896,5896,5896,5904,5904,5904,5904,5904,5904,5904,5904,5904,5904,5904,5904,5904,5904,5904,5904,5904,5904,5904,5904,5904,5904,5904,5904,5904,5904,5904,5904,5904,5904,5904,5904,5904,5904,5904,5904,5904,5904,5904,5904,5904,5904,5904,5904,5904,5904,5904,5904,5904,5904,5904,5904,5904,5904,5904,5904,5904,5904,5904,5904,5904,5904,5904,5896,5896,5896,5896,5896,5896,5896,5896,5896,5896,5896,5896,5896,5896,5896,5896,5896,5896,5896,5896,5896,5896,5896,5896,5896,5896,5896,5896,5896,5896,5896,5896,5896,5896,5896,5896,5896,5896,5896,5896,5896,5896,5896,5896,5896,5896,5896,5896,5896,5896,5896,5896,5896,5896,5896,5896,5896,5896,5896,5896,5896,5896,5896,5896,5912,5912,5912,5912,5912,5912,5912,5912,5912,5912,5912,5912,5912,5912,5912,5912,5912,5912,5912,5912,5912,5912,5912,5912,5912,5912,5912,5912,5912,5912,5912,5912,5912,5912,5912,5912,5912,5912,5912,5912,5912,5912,5912,5912,5912,5912,5912,5912,5912,5912,5912,5912,5912,5912,5912,5912,5912,5912,5912,5912,5912,5912,5912,5912,5912,5912,5896,5896,5896,5896,5896,5896,5896,5896,5896,5896,5896,5896,5896,5896,5896,5896,5896,5896,5896,5896,5896,5896,5896,5896,5896,5896,5896,5896,5896
0,0,0,0,5864,5864,5864,5864,5864,5864,5864,5864,5864,5864,5864,5864,5864,5864,5864,5864,5864,5864,5864,5864,5864,5864,5864,5864,5864,5864,5864,5864,5864,5864,5864,5864,5864,5864,5864,5864,5864,5864,5864,5864,5864,5864,5864,5864,5864,5864,5864,5864,5864,5864,5864,5864,5864,5864,5864,5864,5864,5864,5864,5864,5864,5864,5864,5864,5864,5864,5864,5864,5864,5864,5864,5864,5864,5864,5864,5864,5864,5864,5864,5864,5864,5864,5864,5864,5864,5864,5864,5864,5864,5864,5864,5864,5864,5864,5864,5864,5864,5864,5864,5864,5864,5864,5864,5864,5864,5864,5864,5864,5864,5864,5864,5864,5864,5864,5864,5864,5864,5864,5864,5864,5864,5864,5864,5864,5864,5864,5864,5864,5880,5880,5880,5880,5880,5880,5880,5880,5880,5880,5880,5880,5880,5880,5880,5880,5880,5880,5880,5880,5880,5880,5880,5880,5880,5880,5880,5880,5880,5880,5880,5880,5880,5880,5880,5880,5880,5880,5880,5880,5880,5880,5880,5880,5880,5880,5880,5880,5880,5880,5880,5880,5880,5880,5880,5880,5880,5880,5880,5880,5880,5880,5880,5880,5880,5872,5872,5872,5872,5872,5872,5872,5872,5872,5872,5872,5872,5872,5872,5872,5872,5872,5872,5872,5872,5872,5872,5872,5872,5872,5872,5872,5872,5872,5872,5872,5872,5872,5872,5872,5872,5872,5872,5872,5872,5872,5872,5872,5872,5872,5872,5872,5872,5872,5872,5872,5872,5872,5872,5872,5872,5872,5872,5872,5872,5872,5872,5872,5872,5872,5928,5928,5928,5928,5928,5928,5928,5928,5928,5928,5928,5928,5928,5928,5928,5928,5928,5928,5928,5928,5928,5928,5928,5928,5928,5928,5928,5928,5928,5928,5928,5928,5928,5928,5928,5928,5928,5928,5928,5928,5928,5928,5928,5928,5928,5928,5928,5928,5928,5928,5928,5928,5928,5928,5928,5928,5928,5928,5928,5928,5928,5928,5928,5928,5920,5920,5920,5920,5920,5920,5920,5920,5920,5920,5920,5920,5920,5920,5920,5920,5920,5920,5920,5920,5920,5920,5920,5920,5920,5920,5920,5920,5920,5920,5920,5920,5920,5920,5920,5920,5920,5920,5920,5920,5920,5920,5920,5920,5920,5920,5920,5920,5920,5920,5920,5920,5920,5920,5920,5920,5920,5920,5920,5920,5920,5920,5920,5920,5920,5928,5928,5928,5928,5928,5928,5928,5928,5928,5928,5928,5928,5928,5928,5928,5928,5928,5928,5928,5928,5928,5928,5928,5928,5928,5928,5928,5928,5928,5928,5928,5928,5928,5928,5928,5928,5928,5928,5928,5928,5928,5928,5928,5928,5928,5928,5928,5928,5928,5928,5928,5928,5928,5928,5928,5928,5928,5928,5928,5928,5928,5928,5928,5928,5928,5944,5944,5944,5944,5944,5944,5944,5944,5944,5944,5944,5944,5944,5944,5944,5944,5944,5944,5944,5944,5944,5944,5944,5944,5944,5944,5944,5944,5944,5944,5944,5944,5944,5944,5944,5944,5944,5944,5944,5944,5944,5944,5944,5944,5944,5944,5944,5944,5944,5944,5944,5944,5944,5944,5944,5944,5944,5944,5944,5944,5944,5944,5944,5944,5944,5928,5928,5928,5928,5928,5928,5928,5928,5928,5928,5928,5928,5928,5928,5928,5928,5928,5928,5928,5928,5928,5928,5928,5928,5928,5928,5928,5928,5928,5928,5928,5928,5928,5928,5928,5928,5928,5928,5928,5928,5928,5928,5928,5928,5928,5928,5928,5928,5928,5928,5928,5928,5928,5928,5928,5928,5928,5928,5928,5928,5928,5928,5928,5928,5944,5944,5944,5944,5944,5944,5944,5944,5944,5944,5944,5944,5944,5944,5944,5944,5944,5944,5944,5944,5944,5944,5944,5944,5944,5944,5944,5944,5944,5944,5944,5944,5944,5944,5944,5944,5944,5944,5944,5944,5944,5944,5944,5944,5944,5944,5944,5944,5944,5944,5944,5944,5944,5944,5944
0,0,0,0,0,0,0,0,0,0,0,0,0,0,0,0,0,0,0,0,0,0,0,0,0,0,0,0,0,0,0,0,0,0,0,0,0,0,0,0,0,5976,5976,5976,5976,5976,5976,5976,5976,5976,5976,5976,5976,5976,5976,5976,5976,5976,5976,5976,5976,5976,5976,5976,5976,5976,5976,5976,5976,5976,5976,5976,5976,5976,5976,5976,5976,5976,5976,5976,5976,5976,5976,5976,5976,5976,5976,5976,5976,5976,5976,5976,5976,5976,5976,5976,5976,5976,5976,5976,5976,5976,5976,5976,5976,5976,5976,5968,5968,5968,5968,5968,5968,5968,5968,5968,5968,5968,5968,5968,5968,5968,5968,5968,5968,5968,5968,5968,5968,5968,5968,5968,5968,5968,5968,5968,5968,5968,5968,5968,5968,5968,5968,5968,5968,5968,5968,5968,5968,5968,5968,5968,5968,5968,5968,5968,5968,5968,5968,5968,5968,5968,5968,5968,5968,5968,5968,5968,5968,5952,5952,5952,5952,5952,5952,5952,5952,5952,5952,5952,5952,5952,5952,5952,5952,5952,5952,5952,5952,5952,5952,5952,5952,5952,5952,5952,5952,5952,5952,5952,5952,5952,5952,5952,5952,5952,5952,5952,5952,5952,5952,5952,5952,5952,5952,5952,5952,5952,5952,5952,5952,5952,5952,5952,5952,5952,5952,5952,5952,5952,5952,5952,5952,5952,5952,5960,5960,5960,5960,5960,5960,5960,5960,5960,5960,5960,5960,5960,5960,5960,5960,5960,5960,5960,5960,5960,5960,5960,5960,5960,5960,5960,5960,5960,5960,5960,5960,5960,5960,5960,5960,5960,5960,5960,5960,5960,5960,5960,5960,5960,5960,5960,5960,5960,5960,5960,5960,5960,5960,5960,5960,5960,5960,5960,5960,5960,5960,5960,5960,5960,5960,5960,5960,5960,5960,5960,5960,5960,5960,5960,5960,5960,5960,5960,5960,5960,5960,5960,5960,5960,5960,5960,5960,5960,5960,5960,5960,5960,5960,5960,5960,5960,5960,5960,5960,5960,5960,5960,5960,5960,5960,5960,5960,5960,5960,5960,5960,5960,5960,5960,5960,5960,5960,5960,5960,5960,5960,5960,5960,5960,5960,5960,5960,5968,5968,5968,5968,5968,5968,5968,5968,5968,5968,5968,5968,5968,5968,5968,5968,5968,5968,5968,5968,5968,5968,5968,5968,5968,5968,5968,5968,5968,5968,5968,5968,5968,5968,5968,5968,5968,5968,5968,5968,5968,5968,5968,5968,5968,5968,5968,5968,5968,5968,5968,5968,5968,5968,5968,5968,5968,5968,5968,5968,5968,5968,5968,5968,5968,5960,5960,5960,5960,5960,5960,5960,5960,5960,5960,5960,5960,5960,5960,5960,5960,5960,5960,5960,5960,5960,5960,5960,5960,5960,5960,5960,5960,5960,5960,5960,5960,5960,5960,5960,5960,5960,5960,5960,5960,5960,5960,5960,5960,5960,5960,5960,5960,5960,5960,5960,5960,5960,5960,5960,5960,5960,5960,5960,5960,5960,5960,5960,5960,5960,5952,5952,5952,5952,5952,5952,5952,5952,5952,5952,5952,5952,5952,5952,5952,5952,5952,5952,5952,5952,5952,5952,5952,5952,5952,5952,5952,5952,5952,5952,5952,5952,5952,5952,5952,5952,5952,5952,5952,5952,5952,5952,5952,5952,5952,5952,5952,5952,5952,5952,5952,5952,5952,5952,5952,5952,5952,5952,5952,5952,5952,5952,5952,5952,5976,5976,5976,5976,5976,5976,5976,5976,5976,5976,5976,5976,5976,5976,5976,5976,5976,5976,5976,5976,5976,5976,5976,5976,5976,5976,5976,5976,5976,5976,5976,5976,5976,5976,5976,5976,5976,5976,5976,5976,5976,5976,5976,5976,5976,5976,5976,5976,5976,5976,5976,5976,5976,5976,5976,5976,5976,5976,5976,5976,5976,5976,5976,5976,5976,5976,5968,5968,5968,5968,5968,5968,5968,5968,5968,5968,5968,5968,5968,5968,5968,5968,5968
0,0,0,0,5992,5992,5992,5992,5992,5992,5992,5992,5992,5992,5992,5992,5992,5992,5992,5992,5992,5992,5992,5992,5992,5992,5992,5992,5992,5992,5992,5992,5992,5992,5992,5992,5992,5992,5992,5992,5992,5992,5992,5992,5992,5992,5992,5992,5992,5992,5992,5992,5992,5992,5992,5992,5992,5992,5992,5992,5992,5992,5992,5992,5992,5992,5992,5992,5992,6008,6008,6008,6008,6008,6008,6008,6008,6008,6008,6008,6008,6008,6008,6008,6008,6008,6008,6008,6008,6008,6008,6008,6008,6008,6008,6008,6008,6008,6008,6008,6008,6008,6008,6008,6008,6008,6008,6008,6008,6008,6008,6008,6008,6008,6008,6008,6008,6008,6008,6008,6008,6008,6008,6008,6008,6008,6008,6008,6008,6008,6008,6008,6008,6008,6008,6008,6008,6008,6008,6008,6008,6008,6008,6008,6008,6008,6008,6008,6008,6008,6008,6008,6008,6008,6008,6008,6008,6008,6008,6008,6008,6008,6008,6008,6008,6008,6008,6008,6008,6008,6008,6008,6008,6008,6008,6008,6008,6008,6008,6008,6008,6008,6008,6008,6008,6008,6008,6008,6008,6008,6008,6008,6008,6008,6008,6008,6008,6008,5992,5992,5992,5992,5992,5992,5992,5992,5992,5992,5992,5992,5992,5992,5992,5992,5992,5992,5992,5992,5992,5992,5992,5992,5992,5992,5992,5992,5992,5992,5992,5992,5992,5992,5992,5992,5992,5992,5992,5992,5992,5992,5992,5992,5992,5992,5992,5992,5992,5992,5992,5992,5992,5992,5992,5992,5992,5992,5992,5992,5992,5992,5992,5992,5984,5984,5984,5984,5984,5984,5984,5984,5984,5984,5984,5984,5984,5984,5984,5984,5984,5984,5984,5984,5984,5984,5984,5984,5984,5984,5984,5984,5984,5984,5984,5984,5984,5984,5984,5984,5984,5984,5984,5984,5984,5984,5984,5984,5984,5984,5984,5984,5984,5984,5984,5984,5984,5984,5984,5984,5984,5984,5984,5984,5984,5984,5984,5984,5984,5984,5984,5984,5984,5984,5984,5984,5984,5984,5984,5984,5984,5984,5984,5984,5984,5984,5984,5984,5984,5984,5984,5984,5984,5984,5984,5984,5984,5984,5984,5984,5984,5984,5984,5984,5984,5984,5984,5984,5984,5984,5984,5984,5984,5984,5984,5984,5984,5984,5984,5984,5984,5984,5984,5984,5984,5984,5984,5984,5984,5984,5984,5984,5984,5984,5984,5992,5992,5992,5992,5992,5992,5992,5992,5992,5992,5992,5992,5992,5992,5992,5992,5992,5992,5992,5992,5992,5992,5992,5992,5992,5992,5992,5992,5992,5992,5992,5992,5992,5992,5992,5992,5992,5992,5992,5992,5992,5992,5992,5992,5992,5992,5992,5992,5992,5992,5992,5992,5992,5992,5992,5992,5992,5992,5992,6000,6000,6000,6000,6000,6000,6000,6000,6000,6000,6000,6000,6000,6000,6000,6000,6000,6000,6000,6000,6000,6000,6000,6000,6000,6000,6000,6000,6000,6000,6000,6000,6000,6000,6000,6000,6000,6000,6000,6000,6000,6000,6000,6000,6000,6000,6000,6000,6000,6000,6000,6000,6000,6000,6000,6000,6000,6000,6000,6000,6000,6000,6000,6000,6000,6000,6000,6000,6000,6000,6000,6000,6000,6000,6000,6000,6000,6000,6000,6000,6000,6000,6000,6000,6000,6000,6000,6000,6000,6000,6000,6000,6000,6000,6000,6000,6000,6000,6000,6000,6000,6000,6000,6000,6000,6000,6000,6000,6000,6000,6000,6000,6000,6000,6000,6000,6000,6000,6000,6000,6000,6000,6000,6000,6000,6000,6000,6000,6000,6000,6000,6000,6000,6000,5992,5992,5992,5992,5992,5992,5992,5992,5992,5992,5992,5992,5992,5992,5992,5992,5992,5992,5992,5992,5992,5992,5992,5992,5992,5992,5992,5992,5992,5992,5992,5992,5992,5992,5992,5992,5992,5992,5992,5992,5992,5992,5992,5992,5992,5992,5992,5992,5992,5992,5992,5992,5992,5992
0,0,0,0,0,0,0,0,0,0,0,0,0,0,0,0,0,0,0,0,0,0,0,0,0,0,0,0,0,0,0,0,0,0,0,5976,5976,5976,5976,5976,5976,5976,5976,5976,5976,5976,5976,5976,5976,5976,5976,5976,5976,5976,5976,5976,5976,5976,5976,5976,5976,5976,5976,5976,5976,5976,5976,5976,5976,5976,5976,5976,5976,5976,5976,5976,5976,5976,5976,5976,5976,5976,5976,5976,5976,5976,5976,5976,5976,5976,5976,5976,5976,5976,5976,5976,5976,5976,5976,5976,5976,5968,5968,5968,5968,5968,5968,5968,5968,5968,5968,5968,5968,5968,5968,5968,5968,5968,5968,5968,5968,5968,5968,5968,5968,5968,5968,5968,5968,5968,5968,5968,5968,5968,5968,5968,5968,5968,5968,5968,5968,5968,5968,5968,5968,5968,5968,5968,5968,5968,5968,5968,5968,5968,5968,5968,5968,5968,5968,5968,5968,5968,5968,5968,5968,5968,5968,6008,6008,6008,6008,6008,6008,6008,6008,6008,6008,6008,6008,6008,6008,6008,6008,6008,6008,6008,6008,6008,6008,6008,6008,6008,6008,6008,6008,6008,6008,6008,6008,6008,6008,6008,6008,6008,6008,6008,6008,6008,6008,6008,6008,6008,6008,6008,6008,6008,6008,6008,6008,6008,6008,6008,6008,6008,6008,6008,6008,6008,6008,6008,6008,5984,5984,5984,5984,5984,5984,5984,5984,5984,5984,5984,5984,5984,5984,5984,5984,5984,5984,5984,5984,5984,5984,5984,5984,5984,5984,5984,5984,5984,5984,5984,5984,5984,5984,5984,5984,5984,5984,5984,5984,5984,5984,5984,5984,5984,5984,5984,5984,5984,5984,5984,5984,5984,5984,5984,5984,5984,5984,5984,5984,5984,5984,5984,5984,5984,5984,5984,5984,5984,5984,5984,5984,5984,5984,5984,5984,5984,5984,5984,5984,5984,5984,5984,5984,5984,5984,5984,5984,5984,5984,5984,5984,5984,5984,5984,5984,5984,5984,5984,5984,5984,5984,5984,5984,5984,5984,5984,5984,5984,5984,5984,5984,5984,5984,5984,5984,5984,5984,5984,5984,5984,5984,5984,5984,5984,5984,5984,5984,6008,6008,6008,6008,6008,6008,6008,6008,6008,6008,6008,6008,6008,6008,6008,6008,6008,6008,6008,6008,6008,6008,6008,6008,6008,6008,6008,6008,6008,6008,6008,6008,6008,6008,6008,6008,6008,6008,6008,6008,6008,6008,6008,6008,6008,6008,6008,6008,6008,6008,6008,6008,6008,6008,6008,6008,6008,6008,6008,6008,6008,6008,6008,6008,6008,5992,5992,5992,5992,5992,5992,5992,5992,5992,5992,5992,5992,5992,5992,5992,5992,5992,5992,5992,5992,5992,5992,5992,5992,5992,5992,5992,5992,5992,5992,5992,5992,5992,5992,5992,5992,5992,5992,5992,5992,5992,5992,5992,5992,5992,5992,5992,5992,5992,5992,5992,5992,5992,5992,5992,5992,5992,5992,5992,5992,5992,5992,5992,5992,5992,6008,6008,6008,6008,6008,6008,6008,6008,6008,6008,6008,6008,6008,6008,6008,6008,6008,6008,6008,6008,6008,6008,6008,6008,6008,6008,6008,6008,6008,6008,6008,6008,6008,6008,6008,6008,6008,6008,6008,6008,6008,6008,6008,6008,6008,6008,6008,6008,6008,6008,6008,6008,6008,6008,6008,6008,6008,6008,6008,6008,6008,6008,6008,6000,6000,6000,6000,6000,6000,6000,6000,6000,6000,6000,6000,6000,6000,6000,6000,6000,6000,6000,6000,6000,6000,6000,6000,6000,6000,6000,6000,6000,6000,6000,6000,6000,6000,6000,6000,6000,6000,6000,6000,6000,6000,6000,6000,6000,6000,6000,6000,6000,6000,6000,6000,6000,6000,6000,6000,6000,6000,6000,6000,6000,6000,6000,6000,6000,5992,5992,5992,5992,5992,5992,5992,5992,5992,5992,5992,5992,5992,5992,5992,5992,5992,5992,5992,5992,5992,5992,5992
6008,6008,6008,6008,6008,6008,6008,6008,6008,6008,6008,6008,6008,6008,6008,6008,6008,6008,6008,6008,6008,6008,6008,6008,6008,6008,6008,6008,6008,6008,6008,6008,6008,6008,6008,6008,6008,6008,6008,6008,6008,6008,6008,6008,6008,6008,6008,6008,6008,6008,6008,6008,6008,6008,6008,6008,6008,6008,6008,6008,6008,6008,6008,6008,5984,5984,5984,5984,5984,5984,5984,5984,5984,5984,5984,5984,5984,5984,5984,5984,5984,5984,5984,5984,5984,5984,5984,5984,5984,5984,5984,5984,5984,5984,5984,5984,5984,5984,5984,5984,5984,5984,5984,5984,5984,5984,5984,5984,5984,5984,5984,5984,5984,5984,5984,5984,5984,5984,5984,5984,5984,5984,5984,5984,5984,5984,5984,5984,5984,5984,6000,6000,6000,6000,6000,6000,6000,6000,6000,6000,6000,6000,6000,6000,6000,6000,6000,6000,6000,6000,6000,6000,6000,6000,6000,6000,6000,6000,6000,6000,6000,6000,6000,6000,6000,6000,6000,6000,6000,6000,6000,6000,6000,6000,6000,6000,6000,6000,6000,6000,6000,6000,6000,6000,6000,6000,6000,6000,6000,6000,6000,6000,6000,5992,5992,5992,5992,5992,5992,5992,5992,5992,5992,5992,5992,5992,5992,5992,5992,5992,5992,5992,5992,5992,5992,5992,5992,5992,5992,5992,5992,5992,5992,5992,5992,5992,5992,5992,5992,5992,5992,5992,5992,5992,5992,5992,5992,5992,5992,5992,5992,5992,5992,5992,5992,5992,5992,5992,5992,5992,5992,5992,5992,5992,5992,5992,5992,5992,6000,6000,6000,6000,6000,6000,6000,6000,6000,6000,6000,6000,6000,6000,6000,6000,6000,6000,6000,6000,6000,6000,6000,6000,6000,6000,6000,6000,6000,6000,6000,6000,6000,6000,6000,6000,6000,6000,6000,6000,6000,6000,6000,6000,6000,6000,6000,6000,6000,6000,6000,6000,6000,6000,6000,6000,6000,6000,6000,6000,6000,6000,6000,6000,5992,5992,5992,5992,5992,5992,5992,5992,5992,5992,5992,5992,5992,5992,5992,5992,5992,5992,5992,5992,5992,5992,5992,5992,5992,5992,5992,5992,5992,5992,5992,5992,5992,5992,5992,5992,5992,5992,5992,5992,5992,5992,5992,5992,5992,5992,5992,5992,5992,5992,5992,5992,5992,5992,5992,5992,5992,5992,5992,5992,5992,5992,5992,5992,5992,6008,6008,6008,6008,6008,6008,6008,6008,6008,6008,6008,6008,6008,6008,6008,6008,6008,6008,6008,6008,6008,6008,6008,6008,6008,6008,6008,6008,6008,6008,6008,6008,6008,6008,6008,6008,6008,6008,6008,6008,6008,6008,6008,6008,6008,6008,6008,6008,6008,6008,6008,6008,6008,6008,6008,6008,6008,6008,6008,6008,6008,6008,6008,6008,6008,6008,6008,6008,6008,6008,6008,6008,6008,6008,6008,6008,6008,6008,6008,6008,6008,6008,6008,6008,6008,6008,6008,6008,6008,6008,6008,6008,6008,6008,6008,6008,6008,6008,6008,6008,6008,6008,6008,6008,6008,6008,6008,6008,6008,6008,6008,6008,6008,6008,6008,6008,6008,6008,6008,6008,6008,6008,6008,6008,6008,6008,6008,6008,6008,6008,6008,6008,6008,6008,6008,6008,6008,6008,6008,6008,6008,6008,6008,6008,6008,6008,6008,6008,6008,6008,6008,6008,6008,6008,6008,6008,6008,6008,6008,6008,6008,6008,6008,6008,6008,6008,6008,6008,6008,6008,6008,6008,6008,6008,6008,6008,6008,6008,6008,6008,6008,6008,6008,6008,6008,6008,6008,6008,6008,6008,6008,6008,6008,6008,6008,6008,6008,6008,6008,6008,6008,6008,6008,6008,6008,6008,6008,6008,6008,6008,6008,6008,6008,6008,6008,6008,6008,6008,6008,6008,6008,6008,6008,6008,6008,6008,6008,6008,6008,6008,6008,6008,6008,6008,6008,6008,6008,6008,6008,6008,6008,6008,6008,6008,6008,6008,6008,6008,6008,6008,6008,6008,6008
0,0,0,0,0,0,0,0,0,0,0,0,0,0,0,0,0,0,0,0,0,0,0,0,0,0,0,0,0,0,0,0,0,6000,6000,6000,6000,6000,6000,6000,6000,6000,6000,6000,6000,6000,6000,6000,6000,6000,6000,6000,6000,6000,6000,6000,6000,6000,6000,6000,6000,6000,6000,6000,6000,6000,6000,6000,6000,6000,6000,6000,6000,6000,6000,6000,6000,6000,6000,6000,6000,6000,6000,6000,6000,6000,6000,6000,6000,6000,6000,6000,6000,6000,6000,6000,6000,6000,6008,6008,6008,6008,6008,6008,6008,6008,6008,6008,6008,6008,6008,6008,6008,6008,6008,6008,6008,6008,6008,6008,6008,6008,6008,6008,6008,6008,6008,6008,6008,6008,6008,6008,6008,6008,6008,6008,6008,6008,6008,6008,6008,6008,6008,6008,6008,6008,6008,6008,6008,6008,6008,6008,6008,6008,6008,6008,6008,6008,6008,6008,6008,6008,5992,5992,5992,5992,5992,5992,5992,5992,5992,5992,5992,5992,5992,5992,5992,5992,5992,5992,5992,5992,5992,5992,5992,5992,5992,5992,5992,5992,5992,5992,5992,5992,5992,5992,5992,5992,5992,5992,5992,5992,5992,5992,5992,5992,5992,5992,5992,5992,5992,5992,5992,5992,5992,5992,5992,5992,5992,5992,5992,5992,5992,5992,5992,5992,5992,5984,5984,5984,5984,5984,5984,5984,5984,5984,5984,5984,5984,5984,5984,5984,5984,5984,5984,5984,5984,5984,5984,5984,5984,5984,5984,5984,5984,5984,5984,5984,5984,5984,5984,5984,5984,5984,5984,5984,5984,5984,5984,5984,5984,5984,5984,5984,5984,5984,5984,5984,5984,5984,5984,5984,5984,5984,5984,5984,5984,5984,5984,5984,5984,5992,5992,5992,5992,5992,5992,5992,5992,5992,5992,5992,5992,5992,5992,5992,5992,5992,5992,5992,5992,5992,5992,5992,5992,5992,5992,5992,5992,5992,5992,5992,5992,5992,5992,5992,5992,5992,5992,5992,5992,5992,5992,5992,5992,5992,5992,5992,5992,5992,5992,5992,5992,5992,5992,5992,5992,5992,5992,5992,5992,5992,5992,5992,5992,5992,5992,5992,5992,5992,5992,5992,5992,5992,5992,5992,5992,5992,5992,5992,5992,5992,5992,5992,5992,5992,5992,5992,5992,5992,5992,5992,5992,5992,5992,5992,5992,5992,5992,5992,5992,5992,5992,5992,5992,5992,5992,5992,5992,5992,5992,5992,5992,5992,5992,5992,5992,5992,5992,5992,5992,5992,5992,5992,5992,5992,5992,5992,5992,5992,6000,6000,6000,6000,6000,6000,6000,6000,6000,6000,6000,6000,6000,6000,6000,6000,6000,6000,6000,6000,6000,6000,6000,6000,6000,6000,6000,6000,6000,6000,6000,6000,6000,6000,6000,6000,6000,6000,6000,6000,6000,6000,6000,6000,6000,6000,6000,6000,6000,6000,6000,6000,6000,6000,6000,6000,6000,6000,6000,6000,6000,6000,6000,6000,6000,6008,6008,6008,6008,6008,6008,6008,6008,6008,6008,6008,6008,6008,6008,6008,6008,6008,6008,6008,6008,6008,6008,6008,6008,6008,6008,6008,6008,6008,6008,6008,6008,6008,6008,6008,6008,6008,6008,6008,6008,6008,6008,6008,6008,6008,6008,6008,6008,6008,6008,6008,6008,6008,6008,6008,6008,6008,6008,6008,6008,6008,6008,6008,6008,6008,6000,6000,6000,6000,6000,6000,6000,6000,6000,6000,6000,6000,6000,6000,6000,6000,6000,6000,6000,6000,6000,6000,6000,6000,6000,6000,6000,6000,6000,6000,6000,6000,6000,6000,6000,6000,6000,6000,6000,6000,6000,6000,6000,6000,6000,6000,6000,6000,6000,6000,6000,6000,6000,6000,6000,6000,6000,6000,6000,6000,6000,6000,6000,6000,6008,6008,6008,6008,6008,6008,6008,6008,6008,6008,6008,6008,6008,6008,6008,6008,6008,6008,6008,6008,6008,6008,6008,6008,6008,6008
0,0,0,0,0,0,0,5960,5960,5960,5960,5960,5960,5960,5960,5960,5960,5960,5960,5960,5960,5960,5960,5960,5960,5960,5960,5960,5960,5960,5960,5960,5960,5960,5960,5960,5960,5960,5960,5960,5960,5960,5960,5960,5960,5960,5960,5960,5960,5960,5960,5960,5960,5960,5960,5960,5960,5960,5960,5960,5960,5960,5960,5960,5960,5960,5960,5960,5960,5960,5960,5960,5960,5960,5960,5960,5960,5960,5960,5960,5960,5960,5960,5960,5960,5960,5960,5960,5960,5960,5960,5960,5960,5960,5960,5960,5960,5960,5960,5960,5960,5960,5960,5960,5960,5960,5960,5960,5960,5960,5960,5960,5960,5960,5960,5960,5960,5960,5960,5960,5960,5960,5960,5960,5960,5960,5960,5960,5960,5960,5960,5960,5960,5960,5960,5960,5952,5952,5952,5952,5952,5952,5952,5952,5952,5952,5952,5952,5952,5952,5952,5952,5952,5952,5952,5952,5952,5952,5952,5952,5952,5952,5952,5952,5952,5952,5952,5952,5952,5952,5952,5952,5952,5952,5952,5952,5952,5952,5952,5952,5952,5952,5952,5952,5952,5952,5952,5952,5952,5952,5952,5952,5952,5952,5952,5952,5952,5952,5952,5952,5952,5952,5968,5968,5968,5968,5968,5968,5968,5968,5968,5968,5968,5968,5968,5968,5968,5968,5968,5968,5968,5968,5968,5968,5968,5968,5968,5968,5968,5968,5968,5968,5968,5968,5968,5968,5968,5968,5968,5968,5968,5968,5968,5968,5968,5968,5968,5968,5968,5968,5968,5968,5968,5968,5968,5968,5968,5968,5968,5968,5968,5968,5968,5968,5968,5968,5968,5968,5968,5968,5968,5968,5968,5968,5968,5968,5968,5968,5968,5968,5968,5968,5968,5968,5968,5968,5968,5968,5968,5968,5968,5968,5968,5968,5968,5968,5968,5968,5968,5968,5968,5968,5968,5968,5968,5968,5968,5968,5968,5968,5968,5968,5968,5968,5968,5968,5968,5968,5968,5968,5968,5968,5968,5968,5968,5968,5968,5968,5968,5968,5968,5968,5968,5968,5968,5968,5968,5968,5968,5968,5968,5968,5968,5968,5968,5968,5968,5968,5968,5968,5968,5968,5968,5968,5968,5968,5968,5968,5968,5968,5968,5968,5968,5968,5968,5968,5968,5968,5968,5968,5968,5968,5968,5968,5968,5968,5968,5968,5968,5968,5968,5968,5968,5968,5968,5968,5968,5968,5968,5968,5968,5968,5968,5968,5952,5952,5952,5952,5952,5952,5952,5952,5952,5952,5952,5952,5952,5952,5952,5952,5952,5952,5952,5952,5952,5952,5952,5952,5952,5952,5952,5952,5952,5952,5952,5952,5952,5952,5952,5952,5952,5952,5952,5952,5952,5952,5952,5952,5952,5952,5952,5952,5952,5952,5952,5952,5952,5952,5952,5952,5952,5952,5952,5952,5952,5952,5952,5952,5952,5976,5976,5976,5976,5976,5976,5976,5976,5976,5976,5976,5976,5976,5976,5976,5976,5976,5976,5976,5976,5976,5976,5976,5976,5976,5976,5976,5976,5976,5976,5976,5976,5976,5976,5976,5976,5976,5976,5976,5976,5976,5976,5976,5976,5976,5976,5976,5976,5976,5976,5976,5976,5976,5976,5976,5976,5976,5976,5976,5976,5976,5976,5976,5976,5976,5976,5976,5976,5976,5976,5976,5976,5976,5976,5976,5976,5976,5976,5976,5976,5976,5976,5976,5976,5976,5976,5976,5976,5976,5976,5976,5976,5976,5976,5976,5976,5976,5976,5976,5976,5976,5976,5976,5976,5976,5976,5976,5976,5976,5976,5976,5976,5976,5976,5976,5976,5976,5976,5976,5976,5976,5976,5976,5976,5976,5976,5976,5976,5976,5976,5968,5968,5968,5968,5968,5968,5968,5968,5968,5968,5968,5968,5968,5968,5968,5968,5968,5968,5968,5968,5968,5968,5968,5968,5968,5968,5968,5968,5968,5968,5968,5968,5968,5968,5968,5968,5968,5968,5968,5968,5968,5968,5968,5968,5968,5968,5968,5968,5968,5968,5968
0,0,0,0,0,0,0,0,0,0,0,0,0,0,0,0,0,0,0,0,0,0,0,0,0,0,0,0,0,0,0,0,0,0,0,0,0,0,0,0,0,5976,5976,5976,5976,5976,5976,5976,5976,5976,5976,5976,5976,5976,5976,5976,5976,5976,5976,5976,5976,5976,5976,5976,5976,5976,5976,5976,5976,5976,5976,5976,5976,5976,5976,5976,5976,5976,5976,5976,5976,5976,5976,5976,5976,5976,5976,5976,5976,5976,5976,5976,5976,5976,5976,5976,5976,5976,5976,5976,5976,5976,5976,5976,5976,5976,5976,5976,5976,5976,5976,5976,5976,5976,5976,5976,5976,5976,5976,5976,5976,5976,5976,5976,5976,5976,5976,5976,5976,5976,5976,5976,5976,5976,5976,5976,5976,5976,5976,5976,5976,5976,5976,5976,5976,5976,5976,5976,5976,5976,5976,5976,5976,5976,5976,5976,5976,5976,5976,5976,5976,5976,5976,5976,5976,5976,5976,5976,5976,5976,5976,5968,5968,5968,5968,5968,5968,5968,5968,5968,5968,5968,5968,5968,5968,5968,5968,5968,5968,5968,5968,5968,5968,5968,5968,5968,5968,5968,5968,5968,5968,5968,5968,5968,5968,5968,5968,5968,5968,5968,5968,5968,5968,5968,5968,5968,5968,5968,5968,5968,5968,5968,5968,5968,5968,5968,5968,5968,5968,5968,5968,5968,5968,5968,5968,5952,5952,5952,5952,5952,5952,5952,5952,5952,5952,5952,5952,5952,5952,5952,5952,5952,5952,5952,5952,5952,5952,5952,5952,5952,5952,5952,5952,5952,5952,5952,5952,5952,5952,5952,5952,5952,5952,5952,5952,5952,5952,5952,5952,5952,5952,5952,5952,5952,5952,5952,5952,5952,5952,5952,5952,5952,5952,5952,5952,5952,5952,5952,5952,5952,5952,5960,5960,5960,5960,5960,5960,5960,5960,5960,5960,5960,5960,5960,5960,5960,5960,5960,5960,5960,5960,5960,5960,5960,5960,5960,5960,5960,5960,5960,5960,5960,5960,5960,5960,5960,5960,5960,5960,5960,5960,5960,5960,5960,5960,5960,5960,5960,5960,5960,5960,5960,5960,5960,5960,5960,5960,5960,5960,5960,5960,5960,5960,5960,5976,5976,5976,5976,5976,5976,5976,5976,5976,5976,5976,5976,5976,5976,5976,5976,5976,5976,5976,5976,5976,5976,5976,5976,5976,5976,5976,5976,5976,5976,5976,5976,5976,5976,5976,5976,5976,5976,5976,5976,5976,5976,5976,5976,5976,5976,5976,5976,5976,5976,5976,5976,5976,5976,5976,5976,5976,5976,5976,5976,5976,5976,5976,5976,5976,5976,5952,5952,5952,5952,5952,5952,5952,5952,5952,5952,5952,5952,5952,5952,5952,5952,5952,5952,5952,5952,5952,5952,5952,5952,5952,5952,5952,5952,5952,5952,5952,5952,5952,5952,5952,5952,5952,5952,5952,5952,5952,5952,5952,5952,5952,5952,5952,5952,5952,5952,5952,5952,5952,5952,5952,5952,5952,5952,5968,5968,5968,5968,5968,5968,5968,5968,5968,5968,5968,5968,5968,5968,5968,5968,5968,5968,5968,5968,5968,5968,5968,5968,5968,5968,5968,5968,5968,5968,5968,5968,5968,5968,5968,5968,5968,5968,5968,5968,5968,5968,5968,5968,5968,5968,5968,5968,5968,5968,5968,5968,5968,5968,5968,5968,5968,5968,5968,5968,5968,5968,5968,5968,5968,5968,5968,5968,5968,5968,5968,5952,5952,5952,5952,5952,5952,5952,5952,5952,5952,5952,5952,5952,5952,5952,5952,5952,5952,5952,5952,5952,5952,5952,5952,5952,5952,5952,5952,5952,5952,5952,5952,5952,5952,5952,5952,5952,5952,5952,5952,5952,5952,5952,5952,5952,5952,5952,5952,5952,5952,5952,5952,5952,5952,5952,5952,5952,5952,5952,5952,5952,5952,5952,5960,5960,5960,5960,5960,5960,5960,5960,5960,5960,5960,5960,5960,5960,5960,5960,5960,5960
0,0,0,6032,6032,6032,6032,6032,6032,6032,6032,6032,6032,6032,6032,6032,6032,6032,6032,6032,6032,6032,6032,6032,6032,6032,6032,6032,6032,6032,6032,6032,6032,6032,6032,6032,6032,6032,6032,6032,6032,6032,6032,6032,6032,6032,6032,6032,6032,6032,6032,6032,6032,6032,6032,6032,6032,6032,6032,6032,6032,6032,6032,6032,6032,6032,6032,6032,6032,6032,6032,6032,6032,6032,6032,6024,6024,6024,6024,6024,6024,6024,6024,6024,6024,6024,6024,6024,6024,6024,6024,6024,6024,6024,6024,6024,6024,6024,6024,6024,6024,6024,6024,6024,6024,6024,6024,6024,6024,6024,6024,6024,6024,6024,6024,6024,6024,6024,6024,6024,6024,6024,6024,6024,6024,6024,6024,6024,6024,6024,6024,6024,6024,6024,6024,6024,6024,6024,6024,6024,6024,6024,6024,6024,6024,6024,6024,6024,6024,6024,6024,6024,6024,6024,6024,6024,6024,6024,6024,6024,6024,6024,6024,6024,6024,6024,6024,6024,6024,6024,6024,6024,6024,6024,6024,6024,6024,6024,6024,6024,6024,6024,6024,6024,6024,6024,6024,6024,6024,6024,6024,6024,6024,6024,6024,6024,6024,6024,6024,6024,6024,6024,6024,6024,6040,6040,6040,6040,6040,6040,6040,6040,6040,6040,6040,6040,6040,6040,6040,6040,6040,6040,6040,6040,6040,6040,6040,6040,6040,6040,6040,6040,6040,6040,6040,6040,6040,6040,6040,6040,6040,6040,6040,6040,6040,6040,6040,6040,6040,6040,6040,6040,6040,6040,6040,6040,6040,6040,6040,6040,6040,6040,6040,6040,6040,6040,6040,6040,6040,6040,6040,6040,6040,6040,6040,6040,6040,6040,6040,6040,6040,6040,6040,6040,6040,6040,6040,6040,6040,6040,6040,6040,6040,6040,6040,6040,6040,6040,6040,6040,6040,6040,6040,6040,6040,6040,6040,6040,6040,6040,6040,6040,6040,6040,6040,6040,6040,6040,6040,6040,6040,6040,6040,6040,6040,6040,6040,6040,6040,6040,6040,6032,6032,6032,6032,6032,6032,6032,6032,6032,6032,6032,6032,6032,6032,6032,6032,6032,6032,6032,6032,6032,6032,6032,6032,6032,6032,6032,6032,6032,6032,6032,6032,6032,6032,6032,6032,6032,6032,6032,6032,6032,6032,6032,6032,6032,6032,6032,6032,6032,6032,6032,6032,6032,6032,6032,6032,6032,6032,6032,6032,6032,6032,6032,6032,6032,6032,6040,6040,6040,6040,6040,6040,6040,6040,6040,6040,6040,6040,6040,6040,6040,6040,6040,6040,6040,6040,6040,6040,6040,6040,6040,6040,6040,6040,6040,6040,6040,6040,6040,6040,6040,6040,6040,6040,6040,6040,6040,6040,6040,6040,6040,6040,6040,6040,6040,6040,6040,6040,6040,6040,6040,6040,6040,6040,6040,6040,6040,6040,6040,6040,6016,6016,6016,6016,6016,6016,6016,6016,6016,6016,6016,6016,6016,6016,6016,6016,6016,6016,6016,6016,6016,6016,6016,6016,6016,6016,6016,6016,6016,6016,6016,6016,6016,6016,6016,6016,6016,6016,6016,6016,6016,6016,6016,6016,6016,6016,6016,6016,6016,6016,6016,6016,6016,6016,6016,6016,6016,6016,6016,6016,6016,6016,6016,6016,6016,6040,6040,6040,6040,6040,6040,6040,6040,6040,6040,6040,6040,6040,6040,6040,6040,6040,6040,6040,6040,6040,6040,6040,6040,6040,6040,6040,6040,6040,6040,6040,6040,6040,6040,6040,6040,6040,6040,6040,6040,6040,6040,6040,6040,6040,6040,6040,6040,6040,6040,6040,6040,6040,6040,6016,6016,6016,6016,6016,6016,6016,6016,6016,6016,6016,6016,6016,6016,6016,6016,6016,6016,6016,6016,6016,6016,6016,6016,6016,6016,6016,6016,6016,6016,6016,6016,6016,6016,6016,6016,6016,6016,6016,6016,6016,6016,6016,6016,6016,6016,6016,6016,6016,6016,6016,6016,6016,6016,6016,6016,6016,6016,6016,6016
0,0,0,0,0,0,0,0,0,0,0,0,0,0,0,0,0,0,0,0,0,0,0,0,0,0,0,0,0,0,0,0,0,0,0,0,0,0,0,0,0,0,0,0,0,0,5992,5992,5992,5992,5992,5992,5992,5992,5992,5992,5992,5992,5992,5992,5992,5992,5992,5992,5992,5992,5992,5992,5992,5992,5992,5992,5992,5992,5992,5992,5992,5992,5992,5992,5992,5992,5992,5992,5992,5992,5992,5992,5992,5992,5992,5992,5992,5992,5992,5992,5992,5992,5992,5992,5992,5992,5992,5992,5992,5992,5992,5992,5992,5992,6000,6000,6000,6000,6000,6000,6000,6000,6000,6000,6000,6000,6000,6000,6000,6000,6000,6000,6000,6000,6000,6000,6000,6000,6000,6000,6000,6000,6000,6000,6000,6000,6000,6000,6000,6000,6000,6000,6000,6000,6000,6000,6000,6000,6000,6000,6000,6000,6000,6000,6000,6000,6000,6000,6000,6000,6000,6000,6000,6000,6000,6000,6000,6000,6000,6008,6008,6008,6008,6008,6008,6008,6008,6008,6008,6008,6008,6008,6008,6008,6008,6008,6008,6008,6008,6008,6008,6008,6008,6008,6008,6008,6008,6008,6008,6008,6008,6008,6008,6008,6008,6008,6008,6008,6008,6008,6008,6008,6008,6008,6008,6008,6008,6008,6008,6008,6008,6008,6008,6008,6008,6008,6008,6008,6008,6008,6008,6008,6008,6008,6008,5992,5992,5992,5992,5992,5992,5992,5992,5992,5992,5992,5992,5992,5992,5992,5992,5992,5992,5992,5992,5992,5992,5992,5992,5992,5992,5992,5992,5992,5992,5992,5992,5992,5992,5992,5992,5992,5992,5992,5992,5992,5992,5992,5992,5992,5992,5992,5992,5992,5992,5992,5992,5992,5992,5992,5992,5992,5992,5992,5992,5992,5992,6000,6000,6000,6000,6000,6000,6000,6000,6000,6000,6000,6000,6000,6000,6000,6000,6000,6000,6000,6000,6000,6000,6000,6000,6000,6000,6000,6000,6000,6000,6000,6000,6000,6000,6000,6000,6000,6000,6000,6000,6000,6000,6000,6000,6000,6000,6000,6000,6000,6000,6000,6000,6000,6000,6000,6000,6000,6000,6000,6000,6000,6000,6000,6000,6000,6000,6000,6000,6000,6000,6000,6000,6000,6000,6000,6000,6000,6000,6000,6000,6000,6000,6000,6000,6000,6000,6000,6000,6000,6000,6000,6000,6000,6000,6000,6000,6000,6000,6000,6000,6000,6000,6000,6000,6000,6000,6000,6000,6000,6000,6000,6000,6000,6000,6000,6000,6000,6000,6000,6000,6000,6000,6000,6000,6000,6000,6000,6000,6000,6000,6032,6032,6032,6032,6032,6032,6032,6032,6032,6032,6032,6032,6032,6032,6032,6032,6032,6032,6032,6032,6032,6032,6032,6032,6032,6032,6032,6032,6032,6032,6032,6032,6032,6032,6032,6032,6032,6032,6032,6032,6032,6032,6032,6032,6032,6032,6032,6032,6032,6032,6032,6032,6032,6032,6032,6032,6032,6032,6032,6032,6032,6032,6032,6032,6032,6040,6040,6040,6040,6040,6040,6040,6040,6040,6040,6040,6040,6040,6040,6040,6040,6040,6040,6040,6040,6040,6040,6040,6040,6040,6040,6040,6040,6040,6040,6040,6040,6040,6040,6040,6040,6040,6040,6040,6040,6040,6040,6040,6040,6040,6040,6040,6040,6040,6040,6040,6040,6040,6040,6040,6040,6040,6040,6040,6040,6040,6040,6040,6040,6040,6016,6016,6016,6016,6016,6016,6016,6016,6016,6016,6016,6016,6016,6016,6016,6016,6016,6016,6016,6016,6016,6016,6016,6016,6016,6016,6016,6016,6016,6016,6016,6016,6016,6016,6016,6016,6016,6016,6016,6016,6016,6016,6016,6016,6016,6016,6016,6016,6016,6016,6016,6016,6016,6016,6016,6016,6016,6016,6016,6016,6016,6016,6016,6016,6016,6032,6032,6032,6032,6032,6032,6032,6032,6032,6032,6032,6032
0,0,0,0,0,0,0,0,0,0,0,0,0,0,0,0,0,0,0,0,0,0,0,0,0,0,0,0,0,0,0,0,0,0,6032,6032,6032,6032,6032,6032,6032,6032,6032,6032,6032,6032,6032,6032,6032,6032,6032,6032,6032,6032,6032,6032,6032,6032,6032,6032,6032,6032,6032,6032,6032,6032,6032,6032,6032,6032,6032,6032,6032,6032,6032,6032,6032,6032,6032,6032,6032,6032,6032,6032,6032,6032,6032,6032,6032,6032,6032,6032,6032,6032,6032,6032,6032,6032,6032,6024,6024,6024,6024,6024,6024,6024,6024,6024,6024,6024,6024,6024,6024,6024,6024,6024,6024,6024,6024,6024,6024,6024,6024,6024,6024,6024,6024,6024,6024,6024,6024,6024,6024,6024,6024,6024,6024,6024,6024,6024,6024,6024,6024,6024,6024,6024,6024,6024,6024,6024,6024,6024,6024,6024,6024,6024,6024,6024,6024,6024,6024,6024,6024,6040,6040,6040,6040,6040,6040,6040,6040,6040,6040,6040,6040,6040,6040,6040,6040,6040,6040,6040,6040,6040,6040,6040,6040,6040,6040,6040,6040,6040,6040,6040,6040,6040,6040,6040,6040,6040,6040,6040,6040,6040,6040,6040,6040,6040,6040,6040,6040,6040,6040,6040,6040,6040,6040,6040,6040,6040,6040,6040,6040,6040,6040,6040,6040,6040,6040,6112,6112,6112,6112,6112,6112,6112,6112,6112,6112,6112,6112,6112,6112,6112,6112,6112,6112,6112,6112,6112,6112,6112,6112,6112,6112,6112,6112,6112,6112,6112,6112,6112,6112,6112,6112,6112,6112,6112,6112,6112,6112,6112,6112,6112,6112,6112,6112,6112,6112,6112,6112,6112,6112,6112,6112,6112,6112,6112,6112,6112,6112,6112,6120,6120,6120,6120,6120,6120,6120,6120,6120,6120,6120,6120,6120,6120,6120,6120,6120,6120,6120,6120,6120,6120,6120,6120,6120,6120,6120,6120,6120,6120,6120,6120,6120,6120,6120,6120,6120,6120,6120,6120,6120,6120,6120,6120,6120,6120,6120,6120,6120,6120,6120,6120,6120,6120,6120,6120,6120,6120,6120,6120,6120,6120,6120,6120,6120,6120,5984,5984,5984,5984,5984,5984,5984,5984,5984,5984,5984,5984,5984,5984,5984,5984,5984,5984,5984,5984,5984,5984,5984,5984,5984,5984,5984,5984,5984,5984,5984,5984,5984,5984,5984,5984,5984,5984,5984,5984,5984,5984,5984,5984,5984,5984,5984,5984,5984,5984,5984,5984,5984,5984,5984,5984,5984,5984,5984,5984,5984,5984,5984,5984,5968,5968,5968,5968,5968,5968,5968,5968,5968,5968,5968,5968,5968,5968,5968,5968,5968,5968,5968,5968,5968,5968,5968,5968,5968,5968,5968,5968,5968,5968,5968,5968,5968,5968,5968,5968,5968,5968,5968,5968,5968,5968,5968,5968,5968,5968,5968,5968,5968,5968,5968,5968,5968,5968,5968,5968,5968,5968,5968,5968,5968,5968,5968,5968,5976,5976,5976,5976,5976,5976,5976,5976,5976,5976,5976,5976,5976,5976,5976,5976,5976,5976,5976,5976,5976,5976,5976,5976,5976,5976,5976,5976,5976,5976,5976,5976,5976,5976,5976,5976,5976,5976,5976,5976,5976,5976,5976,5976,5976,5976,5976,5976,5976,5976,5976,5976,5976,5976,5976,5976,5976,5976,5976,5976,5976,5976,5976,5976,5976,5976,5976,5976,5976,5976,5976,5976,5976,5976,5976,5976,5976,5976,5976,5976,5976,5976,5976,5976,5976,5976,5976,5976,5976,5976,5976,5976,5976,5976,5976,5976,5976,5976,5976,5976,5976,5976,5976,5976,5976,5976,5976,5976,5976,5976,5976,5976,5976,5976,5976,5976,5976,5976,5976,5976,5976,5976,5976,5976,5976,5976,5976,5976,5976,5952,5952,5952,5952,5952,5952,5952,5952,5952,5952,5952,5952,5952,5952,5952,5952,5952,5952,5952,5952,5952,5952,5952,5952,5952
0,0,0,0,0,0,0,0,0,0,0,0,0,0,0,0,0,0,0,0,0,0,0,0,0,0,0,0,0,0,0,0,0,0,0,0,0,0,0,0,0,0,0,0,0,0,0,0,0,0,0,0,0,0,0,0,0,0,0,0,0,0,0,0,0,6008,6008,6008,6008,6008,6008,6008,6008,6008,6008,6008,6008,6008,6008,6008,6008,6008,6008,6008,6008,6008,6008,6008,6008,6008,6008,6008,6008,6008,6008,6008,6008,6008,6008,6008,6008,6008,6008,6008,6008,6008,6008,6008,6008,6008,6008,6008,6008,6008,6008,6008,6008,6008,6008,6008,6008,6008,6008,6008,6008,6008,6008,6008,6008,6008,6008,6008,6008,6008,6008,6008,6008,6008,6008,6008,6008,6008,6008,6008,6008,6008,6008,6008,6008,6008,6008,6008,6008,6008,6008,6008,6008,6008,6008,6008,6008,6008,6008,6008,6008,6008,6008,6008,6008,6008,6008,6008,6008,6008,6008,6008,6008,6008,6008,6008,6008,6008,6008,6008,6008,6008,6008,6008,6008,6008,6008,6008,6008,6008,6008,6008,6008,6008,6008,6008,6008,6008,6008,6008,6008,6008,6008,6008,6008,6008,6008,6008,6008,6008,6008,6008,6008,6008,6008,6008,6008,6008,6008,6008,6008,6008,6008,6008,6008,6008,6008,6008,6008,6008,6008,6008,6008,6008,6008,6008,6008,6008,6008,6008,6008,6008,6008,6008,6008,6008,6008,6008,6008,6008,6008,6008,5984,5984,5984,5984,5984,5984,5984,5984,5984,5984,5984,5984,5984,5984,5984,5984,5984,5984,5984,5984,5984,5984,5984,5984,5984,5984,5984,5984,5984,5984,5984,5984,5984,5984,5984,5984,5984,5984,5984,5984,5984,5984,5984,5984,5984,5984,5984,5984,5984,5984,5984,5984,5984,5984,5984,5984,5984,5984,5984,5984,5984,5984,5984,5984,5984,5984,5984,5984,5984,5984,5984,5984,5984,5984,5984,5984,5984,5984,5984,5984,5984,5984,5984,5984,5984,5984,5984,5984,5984,5984,5984,5984,5984,5984,5984,5984,5984,5984,5984,5984,5984,5984,5984,5984,5984,5984,5984,5984,5984,5984,5984,5984,5984,5984,5984,5984,5984,5984,5984,5984,5984,5984,5984,5984,5984,5984,5984,5984,5984,5984,6000,6000,6000,6000,6000,6000,6000,6000,6000,6000,6000,6000,6000,6000,6000,6000,6000,6000,6000,6000,6000,6000,6000,6000,6000,6000,6000,6000,6000,6000,6000,6000,6000,6000,6000,6000,6000,6000,6000,6000,6000,6000,6000,6000,6000,6000,6000,6000,6000,6000,6000,6000,6000,6000,6000,6000,6000,6000,6000,6000,6000,6000,6000,6000,6000,6000,6008,6008,6008,6008,6008,6008,6008,6008,6008,6008,6008,6008,6008,6008,6008,6008,6008,6008,6008,6008,6008,6008,6008,6008,6008,6008,6008,6008,6008,6008,6008,6008,6008,6008,6008,6008,6008,6008,6008,6008,6008,6008,6008,6008,6008,6008,6008,6008,6008,6008,6008,6008,6008,6008,6008,6008,6008,6008,6008,6008,6008,6008,6008,6008,6008,6008,6008,6008,6008,6008,6008,6008,6008,6008,6008,6008,6008,6008,6008,6008,6008,6008,6008,6008,6008,6008,6008,6008,6008,6008,6008,6008,6008,6008,6008,6008,6008,6008,6008,6008,6008,6008,6008,6008,6008,6008,6008,6008,6008,6008,6008,6008,6008,6008,6008,6008,6008,6008,6008,6008,6008,6008,6008,6008,6008,6008,6008,6008,6008,6008,6008,6008,6008,6008,6008,6008,6008,6008,6008,6008,6008,6008,6008,6008,6008,6008,6008,6008,6008,6008,6008,6008,6008,6008,6008,6008,6008,6008,6008,6008,6008,6008,6008,6008,6008,6008,6008,6008,6008,6008,6008,6008,6008,6008,6008,6008,6008,6008,6008,6008,6008,6008,6008,6008,6008,6008,6008,6008
0,0,0,0,0,0,0,0,0,0,0,0,0,0,0,0,0,0,0,0,0,0,0,0,0,0,0,0,0,0,0,0,5984,5984,5984,5984,5984,5984,5984,5984,5984,5984,5984,5984,5984,5984,5984,5984,5984,5984,5984,5984,5984,5984,5984,5984,5984,5984,5984,5984,5984,5984,5984,5984,5984,5984,5984,5984,5984,5984,5984,5984,5984,5984,5984,5984,5984,5984,5984,5984,5984,5984,5984,5984,5984,5984,5984,5984,5984,5984,5984,5984,5984,5984,5984,5984,5984,5984,5984,5984,5984,5984,5984,5984,5984,5984,5984,5984,5984,5984,5984,5984,5984,5984,5984,5984,5984,5984,5984,5984,5984,5984,5984,5984,5984,5984,5984,5984,5984,5984,5984,5984,5984,5984,5984,5984,5984,5984,5984,5984,5984,5984,5984,5984,5984,5984,5984,5984,5984,5984,5984,5984,5984,5984,5984,5984,5984,5984,5984,5984,5984,5984,5992,5992,5992,5992,5992,5992,5992,5992,5992,5992,5992,5992,5992,5992,5992,5992,5992,5992,5992,5992,5992,5992,5992,5992,5992,5992,5992,5992,5992,5992,5992,5992,5992,5992,5992,5992,5992,5992,5992,5992,5992,5992,5992,5992,5992,5992,5992,5992,5992,5992,5992,5992,5992,5992,5992,5992,5992,5992,5992,5992,5992,5992,5992,5992,5992,5992,5992,5992,5992,5992,5992,5992,5992,5992,5992,5992,5992,5992,5992,5992,5992,5992,5992,5992,5992,5992,5992,5992,5992,5992,5992,5992,5992,5992,5992,5992,5992,5992,5992,5992,5992,5992,5992,5992,5992,5992,5992,5992,5992,5992,5992,5992,5992,5992,5992,5992,5992,5992,5992,5992,5992,5992,5992,5992,5992,5992,5992,5992,5984,5984,5984,5984,5984,5984,5984,5984,5984,5984,5984,5984,5984,5984,5984,5984,5984,5984,5984,5984,5984,5984,5984,5984,5984,5984,5984,5984,5984,5984,5984,5984,5984,5984,5984,5984,5984,5984,5984,5984,5984,5984,5984,5984,5984,5984,5984,5984,5984,5984,5984,5984,5984,5984,5984,5984,5984,5984,5984,5984,5984,5984,5984,5984,5984,5984,5984,5984,5984,5984,5984,5984,5984,5984,5984,5984,5984,5984,5984,5984,5984,5984,5984,5984,5984,5984,5984,5984,5984,5984,5984,5984,5984,5984,5984,5984,5984,5984,5984,5984,5984,5984,5984,5984,5984,5984,5984,5984,5984,5984,5984,5984,5984,5984,5984,5984,5984,5984,5984,5984,5984,5984,5984,5984,5984,5984,5984,5984,6000,6000,6000,6000,6000,6000,6000,6000,6000,6000,6000,6000,6000,6000,6000,6000,6000,6000,6000,6000,6000,6000,6000,6000,6000,6000,6000,6000,6000,6000,6000,6000,6000,6000,6000,6000,6000,6000,6000,6000,6000,6000,6000,6000,6000,6000,6000,6000,6000,6000,6000,6000,6000,6000,6000,6000,6000,6000,6000,6000,6000,6000,6000,6000,6000,6000,6008,6008,6008,6008,6008,6008,6008,6008,6008,6008,6008,6008,6008,6008,6008,6008,6008,6008,6008,6008,6008,6008,6008,6008,6008,6008,6008,6008,6008,6008,6008,6008,6008,6008,6008,6008,6008,6008,6008,6008,6008,6008,6008,6008,6008,6008,6008,6008,6008,6008,6008,6008,6008,6008,6008,6008,6008,6008,6008,6008,6008,6008,6008,6008,5984,5984,5984,5984,5984,5984,5984,5984,5984,5984,5984,5984,5984,5984,5984,5984,5984,5984,5984,5984,5984,5984,5984,5984,5984,5984,5984,5984,5984,5984,5984,5984,5984,5984,5984,5984,5984,5984,5984,5984,5984,5984,5984,5984,5984,5984,5984,5984,5984,5984,5984,5984,5984,5984,5984,5984,5984,5984,5984,5984,5984,5984,5984,5984,5984,5984,5984,5984,5984,5984,5984,5984,5984,5984,5984,5984,5984,5984,5984,5984,5984,5984,5984,5984,5984,5984,5984,5984,5984,5984,5984,5984
0,6008,6008,6008,6008,6008,6008,6008,6008,6008,6008,6008,6008,6008,6008,6008,6008,6008,6008,6008,6008,6008,6008,6008,6008,6008,6008,6008,6008,6008,6008,6008,6008,6008,6008,6008,6008,6008,6008,6008,6008,6008,6008,6008,6008,6008,6008,6008,6008,6008,6008,6008,6008,6008,6008,6008,6008,6008,6008,6008,6008,6008,6008,6008,6008,6008,6000,6000,6000,6000,6000,6000,6000,6000,6000,6000,6000,6000,6000,6000,6000,6000,6000,6000,6000,6000,6000,6000,6000,6000,6000,6000,6000,6000,6000,6000,6000,6000,6000,6000,6000,6000,6000,6000,6000,6000,6000,6000,6000,6000,6000,6000,6000,6000,6000,6000,6000,6000,6000,6000,6000,6000,6000,6000,6000,6000,6000,6000,6000,6000,6000,6000,6000,6000,6000,6000,6000,6000,6000,6000,6000,6000,6000,6000,6000,6000,6000,6000,6000,6000,6000,6000,6000,6000,6000,6000,6000,6000,6000,6000,6000,6000,6000,6000,6000,6000,6000,6000,6000,6000,6000,6000,6000,6000,6000,6000,6000,6000,6000,6000,6000,6000,6000,6000,6000,6000,6000,6000,6000,6000,6000,6000,6000,6000,6032,6032,6032,6032,6032,6032,6032,6032,6032,6032,6032,6032,6032,6032,6032,6032,6032,6032,6032,6032,6032,6032,6032,6032,6032,6032,6032,6032,6032,6032,6032,6032,6032,6032,6032,6032,6032,6032,6032,6032,6032,6032,6032,6032,6032,6032,6032,6032,6032,6032,6032,6032,6032,6032,6032,6032,6032,6032,6032,6032,6032,6032,6032,6032,6032,6024,6024,6024,6024,6024,6024,6024,6024,6024,6024,6024,6024,6024,6024,6024,6024,6024,6024,6024,6024,6024,6024,6024,6024,6024,6024,6024,6024,6024,6024,6024,6024,6024,6024,6024,6024,6024,6024,6024,6024,6024,6024,6024,6024,6024,6024,6024,6024,6024,6024,6024,6024,6024,6024,6024,6024,6024,6024,6024,6024,6024,6024,6024,6024,6032,6032,6032,6032,6032,6032,6032,6032,6032,6032,6032,6032,6032,6032,6032,6032,6032,6032,6032,6032,6032,6032,6032,6032,6032,6032,6032,6032,6032,6032,6032,6032,6032,6032,6032,6032,6032,6032,6032,6032,6032,6032,6032,6032,6032,6032,6032,6032,6032,6032,6032,6032,6032,6032,6032,6032,6032,6032,6032,6032,6032,6032,6032,6032,6032,6024,6024,6024,6024,6024,6024,6024,6024,6024,6024,6024,6024,6024,6024,6024,6024,6024,6024,6024,6024,6024,6024,6024,6024,6024,6024,6024,6024,6024,6024,6024,6024,6024,6024,6024,6024,6024,6024,6024,6024,6024,6024,6024,6024,6024,6024,6024,6024,6024,6024,6024,6024,6024,6024,6024,6024,6024,6024,6024,6024,6024,6024,6024,6024,6024,6040,6040,6040,6040,6040,6040,6040,6040,6040,6040,6040,6040,6040,6040,6040,6040,6040,6040,6040,6040,6040,6040,6040,6040,6040,6040,6040,6040,6040,6040,6040,6040,6040,6040,6040,6040,6040,6040,6040,6040,6040,6040,6040,6040,6040,6040,6040,6040,6040,6040,6040,6040,6040,6040,6040,6040,6040,6040,6040,6040,6040,6040,6040,6040,6040,6016,6016,6016,6016,6016,6016,6016,6016,6016,6016,6016,6016,6016,6016,6016,6016,6016,6016,6016,6016,6016,6016,6016,6016,6016,6016,6016,6016,6016,6016,6016,6016,6016,6016,6016,6016,6016,6016,6016,6016,6016,6016,6016,6016,6016,6016,6016,6016,6016,6016,6016,6016,6016,6016,6016,6016,6016,6016,6016,6016,6016,6016,6016,6016,6016,6016,6016,6016,6016,6016,6016,6016,6016,6016,6016,6016,6016,6016,6016,6016,6016,6016,6016,6016,6016,6016,6016,6016,6016,6016,6016,6016,6016,6016,6016,6016,6016,6016,6016,6016,6016,6016,6016,6016,6016,6016,6016,6016,6016,6016,6016,6016,6016,6016,6016,6016,6016,6016,6016,6016,6016,6016
0,0,0,0,0,0,0,0,0,0,0,0,0,0,0,0,0,0,0,0,0,0,0,0,0,0,0,0,0,0,0,0,6072,6072,6072,6072,6072,6072,6072,6072,6072,6072,6072,6072,6072,6072,6072,6072,6072,6072,6072,6072,6072,6072,6072,6072,6072,6072,6072,6072,6072,6072,6072,6072,6072,6072,6072,6072,6072,6072,6072,6072,6072,6072,6072,6072,6072,6072,6072,6072,6072,6072,6072,6072,6072,6072,6072,6072,6072,6072,6072,6072,6072,6072,6072,6072,6048,6048,6048,6048,6048,6048,6048,6048,6048,6048,6048,6048,6048,6048,6048,6048,6048,6048,6048,6048,6048,6048,6048,6048,6048,6048,6048,6048,6048,6048,6048,6048,6048,6048,6048,6048,6048,6048,6048,6048,6048,6048,6048,6048,6048,6048,6048,6048,6048,6048,6048,6048,6048,6048,6048,6048,6048,6048,6048,6048,6048,6048,6048,6056,6056,6056,6056,6056,6056,6056,6056,6056,6056,6056,6056,6056,6056,6056,6056,6056,6056,6056,6056,6056,6056,6056,6056,6056,6056,6056,6056,6056,6056,6056,6056,6056,6056,6056,6056,6056,6056,6056,6056,6056,6056,6056,6056,6056,6056,6056,6056,6056,6056,6056,6056,6056,6056,6056,6056,6056,6056,6056,6056,6056,6056,6056,6056,6056,6056,6056,6072,6072,6072,6072,6072,6072,6072,6072,6072,6072,6072,6072,6072,6072,6072,6072,6072,6072,6072,6072,6072,6072,6072,6072,6072,6072,6072,6072,6072,6072,6072,6072,6072,6072,6072,6072,6072,6072,6072,6072,6072,6072,6072,6072,6072,6072,6072,6072,6072,6072,6072,6072,6072,6072,6072,6072,6072,6072,6072,6072,6072,6072,6056,6056,6056,6056,6056,6056,6056,6056,6056,6056,6056,6056,6056,6056,6056,6056,6056,6056,6056,6056,6056,6056,6056,6056,6056,6056,6056,6056,6056,6056,6056,6056,6056,6056,6056,6056,6056,6056,6056,6056,6056,6056,6056,6056,6056,6056,6056,6056,6056,6056,6056,6056,6056,6056,6056,6056,6056,6056,6056,6056,6056,6056,6056,6056,6056,6056,6056,6056,6056,6056,6056,6056,6056,6056,6056,6056,6056,6056,6056,6056,6056,6056,6056,6056,6056,6056,6056,6056,6056,6056,6056,6056,6056,6056,6056,6056,6056,6056,6056,6056,6056,6056,6056,6056,6056,6056,6056,6056,6056,6056,6056,6056,6056,6056,6056,6056,6056,6056,6056,6056,6056,6056,6056,6056,6056,6056,6056,6056,6056,6056,6056,6072,6072,6072,6072,6072,6072,6072,6072,6072,6072,6072,6072,6072,6072,6072,6072,6072,6072,6072,6072,6072,6072,6072,6072,6072,6072,6072,6072,6072,6072,6072,6072,6072,6072,6072,6072,6072,6072,6072,6072,6072,6072,6072,6072,6072,6072,6072,6072,6072,6072,6072,6072,6072,6072,6072,6072,6072,6072,6072,6072,6072,6072,6072,6072,6072,6064,6064,6064,6064,6064,6064,6064,6064,6064,6064,6064,6064,6064,6064,6064,6064,6064,6064,6064,6064,6064,6064,6064,6064,6064,6064,6064,6064,6064,6064,6064,6064,6064,6064,6064,6064,6064,6064,6064,6064,6064,6064,6064,6064,6064,6064,6064,6064,6064,6064,6064,6064,6064,6064,6064,6064,6064,6064,6064,6064,6064,6064,6064,6064,6064,6064,6064,6064,6064,6064,6064,6064,6064,6064,6064,6064,6064,6064,6064,6064,6064,6064,6064,6064,6064,6064,6064,6064,6064,6064,6064,6064,6064,6064,6064,6064,6064,6064,6064,6064,6064,6064,6064,6064,6064,6064,6064,6064,6064,6064,6064,6064,6064,6064,6064,6064,6064,6064,6064,6064,6064,6064,6064,6064,6064,6064,6064,6064,6056,6056,6056,6056,6056,6056,6056,6056,6056,6056,6056,6056,6056,6056,6056,6056,6056,6056,6056,6056,6056,6056,6056,6056,6056,6056,6056,6056
0,0,0,0,0,0,0,0,0,0,0,0,0,0,0,0,0,0,0,0,0,0,0,0,0,0,0,0,0,0,0,0,0,0,0,0,0,0,0,0,0,0,0,0,0,0,0,0,0,0,0,0,0,0,0,0,0,0,0,0,0,0,6072,6072,6072,6072,6072,6072,6072,6072,6072,6072,6072,6072,6072,6072,6072,6072,6072,6072,6072,6072,6072,6072,6072,6072,6072,6072,6072,6072,6072,6072,6072,6072,6072,6072,6072,6072,6072,6072,6072,6072,6072,6072,6072,6072,6072,6072,6072,6072,6072,6072,6072,6072,6072,6072,6072,6072,6072,6072,6072,6072,6072,6072,6072,6072,6072,6072,6072,6072,6072,6072,6072,6072,6072,6072,6072,6072,6072,6072,6072,6072,6072,6072,6072,6072,6072,6072,6072,6072,6072,6072,6072,6072,6072,6072,6072,6072,6072,6072,6072,6072,6072,6072,6072,6072,6072,6072,6072,6072,6072,6072,6072,6072,6072,6072,6072,6072,6072,6072,6072,6072,6072,6072,6072,6072,6072,6072,6072,6072,6072,6072,6056,6056,6056,6056,6056,6056,6056,6056,6056,6056,6056,6056,6056,6056,6056,6056,6056,6056,6056,6056,6056,6056,6056,6056,6056,6056,6056,6056,6056,6056,6056,6056,6056,6056,6056,6056,6056,6056,6056,6056,6056,6056,6056,6056,6056,6056,6056,6056,6056,6056,6056,6056,6056,6056,6056,6056,6056,6056,6056,6056,6056,6056,6056,6048,6048,6048,6048,6048,6048,6048,6048,6048,6048,6048,6048,6048,6048,6048,6048,6048,6048,6048,6048,6048,6048,6048,6048,6048,6048,6048,6048,6048,6048,6048,6048,6048,6048,6048,6048,6048,6048,6048,6048,6048,6048,6048,6048,6048,6048,6048,6048,6048,6048,6048,6048,6048,6048,6048,6048,6048,6048,6048,6048,6048,6048,6048,6048,6048,6056,6056,6056,6056,6056,6056,6056,6056,6056,6056,6056,6056,6056,6056,6056,6056,6056,6056,6056,6056,6056,6056,6056,6056,6056,6056,6056,6056,6056,6056,6056,6056,6056,6056,6056,6056,6056,6056,6056,6056,6056,6056,6056,6056,6056,6056,6056,6056,6056,6056,6056,6056,6056,6056,6056,6056,6056,6056,6056,6056,6056,6056,6056,6056,6056,6056,6056,6056,6056,6056,6056,6056,6056,6056,6056,6056,6056,6056,6056,6056,6056,6056,6056,6056,6056,6056,6056,6056,6056,6056,6056,6056,6056,6056,6056,6056,6056,6056,6056,6056,6056,6056,6056,6056,6056,6056,6056,6056,6056,6056,6056,6056,6056,6056,6056,6056,6056,6056,6056,6056,6056,6056,6056,6056,6056,6056,6056,6056,6056,6048,6048,6048,6048,6048,6048,6048,6048,6048,6048,6048,6048,6048,6048,6048,6048,6048,6048,6048,6048,6048,6048,6048,6048,6048,6048,6048,6048,6048,6048,6048,6048,6048,6048,6048,6048,6048,6048,6048,6048,6048,6048,6048,6048,6048,6048,6048,6048,6048,6048,6048,6048,6048,6048,6048,6048,6048,6048,6048,6048,6048,6048,6048,6048,6048,6048,6048,6048,6048,6048,6048,6048,6048,6048,6048,6048,6048,6048,6048,6048,6048,6048,6048,6048,6048,6048,6048,6048,6048,6048,6048,6048,6048,6048,6048,6048,6048,6048,6048,6048,6048,6048,6048,6048,6048,6048,6048,6048,6048,6048,6048,6048,6048,6048,6048,6048,6048,6048,6048,6048,6048,6048,6048,6048,6048,6048,6048,6048,6048,6064,6064,6064,6064,6064,6064,6064,6064,6064,6064,6064,6064,6064,6064,6064,6064,6064,6064,6064,6064,6064,6064,6064,6064,6064,6064,6064,6064,6064,6064,6064,6064,6064,6064,6064,6064,6064,6064,6064,6064,6064,6064,6064,6064,6064,6064,6064,6064,6064,6064,6064,6064,6064,6064,6064,6064,6064,6064,6064,6064,6064,6064
0,0,0,0,0,0,0,0,0,0,0,0,0,0,0,0,0,0,0,0,0,0,0,0,0,0,0,0,0,0,0,0,0,0,0,0,0,0,6048,6048,6048,6048,6048,6048,6048,6048,6048,6048,6048,6048,6048,6048,6048,6048,6048,6048,6048,6048,6048,6048,6048,6048,6048,6048,6048,6048,6048,6048,6048,6048,6048,6048,6048,6048,6048,6048,6048,6048,6048,6048,6048,6048,6048,6048,6048,6048,6048,6048,6048,6048,6048,6048,6048,6048,6048,6048,6048,6048,6048,6048,6048,6048,6048,6056,6056,6056,6056,6056,6056,6056,6056,6056,6056,6056,6056,6056,6056,6056,6056,6056,6056,6056,6056,6056,6056,6056,6056,6056,6056,6056,6056,6056,6056,6056,6056,6056,6056,6056,6056,6056,6056,6056,6056,6056,6056,6056,6056,6056,6056,6056,6056,6056,6056,6056,6056,6056,6056,6056,6056,6056,6056,6056,6056,6056,6056,6056,6056,6056,6072,6072,6072,6072,6072,6072,6072,6072,6072,6072,6072,6072,6072,6072,6072,6072,6072,6072,6072,6072,6072,6072,6072,6072,6072,6072,6072,6072,6072,6072,6072,6072,6072,6072,6072,6072,6072,6072,6072,6072,6072,6072,6072,6072,6072,6072,6072,6072,6072,6072,6072,6072,6072,6072,6072,6072,6072,6072,6072,6072,6072,6072,6072,6072,6200,6200,6200,6200,6200,6200,6200,6200,6200,6200,6200,6200,6200,6200,6200,6200,6200,6200,6200,6200,6200,6200,6200,6200,6200,6200,6200,6200,6200,6200,6200,6200,6200,6200,6200,6200,6200,6200,6200,6200,6200,6200,6200,6200,6200,6200,6200,6200,6200,6200,6200,6200,6200,6200,6200,6200,6200,6200,6200,6200,6200,6200,6200,6200,6200,6200,6104,6104,6104,6104,6104,6104,6104,6104,6104,6104,6104,6104,6104,6104,6104,6104,6104,6104,6104,6104,6104,6104,6104,6104,6104,6104,6104,6104,6104,6104,6104,6104,6104,6104,6104,6104,6104,6104,6104,6104,6104,6104,6104,6104,6104,6104,6104,6104,6104,6104,6104,6104,6104,6104,6104,6104,6104,6104,6104,6104,6104,6104,6104,6104,6096,6096,6096,6096,6096,6096,6096,6096,6096,6096,6096,6096,6096,6096,6096,6096,6096,6096,6096,6096,6096,6096,6096,6096,6096,6096,6096,6096,6096,6096,6096,6096,6096,6096,6096,6096,6096,6096,6096,6096,6096,6096,6096,6096,6096,6096,6096,6096,6096,6096,6096,6096,6096,6096,6096,6096,6096,6096,6096,6096,6096,6096,6096,6096,6096,6096,6096,6096,6096,6096,6096,6096,6096,6096,6096,6096,6096,6096,6096,6096,6096,6096,6096,6096,6096,6096,6096,6096,6096,6096,6096,6096,6096,6096,6096,6096,6096,6096,6096,6096,6096,6096,6096,6096,6096,6096,6096,6096,6096,6096,6096,6096,6096,6096,6096,6096,6096,6096,6096,6096,6096,6096,6096,6096,6096,6096,6096,6096,6096,5984,5984,5984,5984,5984,5984,5984,5984,5984,5984,5984,5984,5984,5984,5984,5984,5984,5984,5984,5984,5984,5984,5984,5984,5984,5984,5984,5984,5984,5984,5984,5984,5984,5984,5984,5984,5984,5984,5984,5984,5984,5984,5984,5984,5984,5984,5984,5984,5984,5984,5984,5984,5984,5984,5984,5984,5984,5984,5984,5984,5984,5984,5984,5984,6000,6000,6000,6000,6000,6000,6000,6000,6000,6000,6000,6000,6000,6000,6000,6000,6000,6000,6000,6000,6000,6000,6000,6000,6000,6000,6000,6000,6000,6000,6000,6000,6000,6000,6000,6000,6000,6000,6000,6000,6000,6000,6000,6000,6000,6000,6000,6000,6000,6000,6000,6000,6000,6000,6000,6000,6000,6000,6000,6000,6000,6000,6000,6000,5992,5992,5992,5992,5992,5992,5992,5992,5992,5992,5992,5992,5992,5992,5992,5992,5992,5992,5992,5992,5992
0,0,0,0,0,0,0,0,0,6032,6032,6032,6032,6032,6032,6032,6032,6032,6032,6032,6032,6032,6032,6032,6032,6032,6032,6032,6032,6032,6032,6032,6032,6032,6032,6032,6032,6032,6032,6032,6032,6032,6032,6032,6032,6032,6032,6032,6032,6032,6032,6032,6032,6032,6032,6032,6032,6032,6032,6032,6032,6032,6032,6032,6032,6032,6032,6032,6032,6032,6032,6032,6032,6032,6032,6032,6032,6032,6032,6032,6032,6032,6032,6032,6032,6032,6032,6032,6032,6032,6032,6032,6032,6032,6032,6032,6032,6032,6032,6032,6032,6032,6032,6032,6032,6032,6032,6032,6032,6032,6032,6032,6032,6032,6032,6032,6032,6032,6032,6032,6032,6032,6032,6032,6032,6032,6032,6032,6032,6032,6032,6032,6032,6032,6032,6032,6032,6032,6016,6016,6016,6016,6016,6016,6016,6016,6016,6016,6016,6016,6016,6016,6016,6016,6016,6016,6016,6016,6016,6016,6016,6016,6016,6016,6016,6016,6016,6016,6016,6016,6016,6016,6016,6016,6016,6016,6016,6016,6016,6016,6016,6016,6016,6016,6016,6016,6016,6016,6016,6016,6016,6016,6016,6016,6016,6016,6016,6016,6016,6016,6016,6016,6024,6024,6024,6024,6024,6024,6024,6024,6024,6024,6024,6024,6024,6024,6024,6024,6024,6024,6024,6024,6024,6024,6024,6024,6024,6024,6024,6024,6024,6024,6024,6024,6024,6024,6024,6024,6024,6024,6024,6024,6024,6024,6024,6024,6024,6024,6024,6024,6024,6024,6024,6024,6024,6024,6024,6024,6024,6024,6024,6024,6024,6024,6024,5992,5992,5992,5992,5992,5992,5992,5992,5992,5992,5992,5992,5992,5992,5992,5992,5992,5992,5992,5992,5992,5992,5992,5992,5992,5992,5992,5992,5992,5992,5992,5992,5992,5992,5992,5992,5992,5992,5992,5992,5992,5992,5992,5992,5992,5992,5992,5992,5992,5992,5992,5992,5992,5992,5992,5992,5992,5992,5992,5992,5992,5992,5992,5992,5992,5992,6000,6000,6000,6000,6000,6000,6000,6000,6000,6000,6000,6000,6000,6000,6000,6000,6000,6000,6000,6000,6000,6000,6000,6000,6000,6000,6000,6000,6000,6000,6000,6000,6000,6000,6000,6000,6000,6000,6000,6000,6000,6000,6000,6000,6000,6000,6000,6000,6000,6000,6000,6000,6000,6000,6000,6000,6000,6000,6000,6000,6000,6000,6000,6000,6000,6016,6016,6016,6016,6016,6016,6016,6016,6016,6016,6016,6016,6016,6016,6016,6016,6016,6016,6016,6016,6016,6016,6016,6016,6016,6016,6016,6016,6016,6016,6016,6016,6016,6016,6016,6016,6016,6016,6016,6016,6016,6016,6016,6016,6016,6016,6016,6016,6016,6016,6016,6016,6016,6016,6016,6016,6016,6016,6016,6016,6016,6016,6016,6016,6032,6032,6032,6032,6032,6032,6032,6032,6032,6032,6032,6032,6032,6032,6032,6032,6032,6032,6032,6032,6032,6032,6032,6032,6032,6032,6032,6032,6032,6032,6032,6032,6032,6032,6032,6032,6032,6032,6032,6032,6032,6032,6032,6032,6032,6032,6032,6032,6032,6032,6032,6032,6032,6032,6032,6032,6032,6032,6032,6032,6032,6032,6032,6032,6032,6032,6032,6032,6032,6032,6032,6032,6032,6032,6032,6032,6032,6032,6032,6032,6032,6032,6032,6032,6032,6032,6032,6032,6032,6032,6032,6032,6032,6032,6032,6032,6032,6032,6032,6032,6032,6032,6032,6032,6032,6032,6032,6032,6032,6032,6032,6032,6032,6032,6032,6032,6032,6032,6032,6032,6032,6032,6032,6032,6032,6032,6032,6032,6032,6032,6032,6032,6032,6032,6032,6032,6032,6032,6032,6032,6032,6032,6032,6032,6032,6032,6032,6032,6032,6032,6032,6032,6032,6032,6032,6032,6032,6032,6032,6032,6032,6032,6032,6032,6032,6032,6032,6032,6032,6032,6032,6032,6032,6032,6032,6032,6032,6032,6032,6032
0,0,0,0,0,0,0,0,0,0,0,0,0,0,0,0,0,0,0,0,0,0,0,0,0,0,0,0,0,0,0,0,0,0,0,0,0,0,0,0,0,0,0,0,6024,6024,6024,6024,6024,6024,6024,6024,6024,6024,6024,6024,6024,6024,6024,6024,6024,6024,6024,6024,6024,6024,6024,6024,6024,6024,6024,6024,6024,6024,6024,6024,6024,6024,6024,6024,6024,6024,6024,6024,6024,6024,6024,6024,6024,6024,6024,6024,6024,6024,6024,6024,6024,6024,6024,6024,6024,6024,6024,6024,6024,6024,6024,6024,6024,6024,6024,6024,6024,6024,6024,6024,6024,6024,6024,6024,6024,6024,6024,6024,6024,6024,6024,6024,6024,6024,6024,6024,6024,6024,6024,6024,6024,6024,6024,6024,6024,6024,6024,6024,6024,6024,6024,6024,6024,6024,6024,6024,6024,6024,6024,6024,6024,6024,6024,6024,6024,6024,6024,6024,6024,6024,6024,6024,6024,6024,6024,6024,6024,6040,6040,6040,6040,6040,6040,6040,6040,6040,6040,6040,6040,6040,6040,6040,6040,6040,6040,6040,6040,6040,6040,6040,6040,6040,6040,6040,6040,6040,6040,6040,6040,6040,6040,6040,6040,6040,6040,6040,6040,6040,6040,6040,6040,6040,6040,6040,6040,6040,6040,6040,6040,6040,6040,6040,6040,6040,6040,6040,6040,6040,6040,6040,6040,6024,6024,6024,6024,6024,6024,6024,6024,6024,6024,6024,6024,6024,6024,6024,6024,6024,6024,6024,6024,6024,6024,6024,6024,6024,6024,6024,6024,6024,6024,6024,6024,6024,6024,6024,6024,6024,6024,6024,6024,6024,6024,6024,6024,6024,6024,6024,6024,6024,6024,6024,6024,6024,6024,6024,6024,6024,6024,6024,6024,6024,6024,6024,6024,6024,6016,6016,6016,6016,6016,6016,6016,6016,6016,6016,6016,6016,6016,6016,6016,6016,6016,6016,6016,6016,6016,6016,6016,6016,6016,6016,6016,6016,6016,6016,6016,6016,6016,6016,6016,6016,6016,6016,6016,6016,6016,6016,6016,6016,6016,6016,6016,6016,6016,6016,6016,6016,6016,6016,6016,6016,6016,6016,6016,6016,6016,6016,6016,6016,6016,6016,6016,6016,6016,6016,6016,6016,6016,6016,6016,6016,6016,6016,6016,6016,6016,6016,6016,6016,6016,6016,6016,6016,6016,6016,6016,6016,6016,6016,6016,6016,6016,6016,6016,6016,6016,6016,6016,6016,6016,6016,6016,6016,6016,6016,6016,6016,6016,6016,6016,6016,6016,6016,6016,6016,6016,6016,6016,6016,6016,6016,6016,6016,6016,6024,6024,6024,6024,6024,6024,6024,6024,6024,6024,6024,6024,6024,6024,6024,6024,6024,6024,6024,6024,6024,6024,6024,6024,6024,6024,6024,6024,6024,6024,6024,6024,6024,6024,6024,6024,6024,6024,6024,6024,6024,6024,6024,6024,6024,6024,6024,6024,6024,6024,6024,6024,6024,6024,6024,6024,6024,6024,6024,6024,6024,6024,6024,6024,6016,6016,6016,6016,6016,6016,6016,6016,6016,6016,6016,6016,6016,6016,6016,6016,6016,6016,6016,6016,6016,6016,6016,6016,6016,6016,6016,6016,6016,6016,6016,6016,6016,6016,6016,6016,6016,6016,6016,6016,6016,6016,6016,6016,6016,6016,6016,6016,6016,6016,6016,6016,6016,6016,6016,6016,6016,6016,6016,6016,6016,6016,6016,6016,6016,6016,6040,6040,6040,6040,6040,6040,6040,6040,6040,6040,6040,6040,6040,6040,6040,6040,6040,6040,6040,6040,6040,6040,6040,6040,6040,6040,6040,6040,6040,6040,6040,6040,6040,6040,6040,6040,6040,6040,6040,6040,6040,6040,6040,6040,6040,6040,6040,6040,6040,6040,6040,6040,6040,6040,6040,6040,6040,6040,6040,6040,6040,6040,6040,6040,6040,6016,6016,6016,6016,6016,6016,6016,6016,6016,6016,6016,6016,6016,6016
0,0,0,0,0,0,0,0,0,0,0,0,0,0,0,0,0,6064,6064,6064,6064,6064,6064,6064,6064,6064,6064,6064,6064,6064,6064,6064,6064,6064,6064,6064,6064,6064,6064,6064,6064,6064,6064,6064,6064,6064,6064,6064,6064,6064,6064,6064,6064,6064,6064,6064,6064,6064,6064,6064,6064,6064,6064,6064,6064,6064,6064,6064,6064,6064,6064,6064,6064,6064,6064,6064,6064,6064,6064,6064,6064,6064,6048,6048,6048,6048,6048,6048,6048,6048,6048,6048,6048,6048,6048,6048,6048,6048,6048,6048,6048,6048,6048,6048,6048,6048,6048,6048,6048,6048,6048,6048,6048,6048,6048,6048,6048,6048,6048,6048,6048,6048,6048,6048,6048,6048,6048,6048,6048,6048,6048,6048,6048,6048,6048,6048,6048,6048,6048,6048,6048,6048,6048,6048,6048,6048,6048,6048,6048,6048,6048,6048,6048,6048,6048,6048,6048,6048,6048,6048,6048,6048,6048,6048,6048,6048,6048,6048,6048,6048,6048,6048,6048,6048,6048,6048,6048,6048,6048,6048,6048,6048,6048,6048,6048,6048,6048,6048,6048,6048,6048,6048,6048,6048,6048,6048,6048,6048,6048,6048,6048,6048,6048,6048,6048,6048,6048,6024,6024,6024,6024,6024,6024,6024,6024,6024,6024,6024,6024,6024,6024,6024,6024,6024,6024,6024,6024,6024,6024,6024,6024,6024,6024,6024,6024,6024,6024,6024,6024,6024,6024,6024,6024,6024,6024,6024,6024,6024,6024,6024,6024,6024,6024,6024,6024,6024,6024,6024,6024,6024,6024,6024,6024,6024,6024,6024,6024,6024,6024,6024,6024,6024,6024,6024,6024,6032,6032,6032,6032,6032,6032,6032,6032,6032,6032,6032,6032,6032,6032,6032,6032,6032,6032,6032,6032,6032,6032,6032,6032,6032,6032,6032,6032,6032,6032,6032,6032,6032,6032,6032,6032,6032,6032,6032,6032,6032,6032,6032,6032,6032,6032,6032,6032,6032,6032,6032,6032,6032,6032,6032,6032,6032,6032,6032,6032,6032,6032,6032,6032,6032,6040,6040,6040,6040,6040,6040,6040,6040,6040,6040,6040,6040,6040,6040,6040,6040,6040,6040,6040,6040,6040,6040,6040,6040,6040,6040,6040,6040,6040,6040,6040,6040,6040,6040,6040,6040,6040,6040,6040,6040,6040,6040,6040,6040,6040,6040,6040,6040,6040,6040,6040,6040,6040,6040,6040,6040,6040,6040,6040,6040,6040,6040,6040,6040,6040,6040,6040,6040,6040,6040,6040,6040,6040,6040,6040,6040,6040,6040,6040,6040,6040,6040,6040,6040,6040,6040,6040,6040,6040,6040,6040,6040,6040,6040,6040,6040,6040,6040,6040,6040,6040,6040,6040,6040,6040,6040,6040,6040,6040,6040,6040,6040,6040,6040,6040,6040,6040,6040,6040,6040,6040,6040,6040,6040,6040,6040,6040,6040,6040,6016,6016,6016,6016,6016,6016,6016,6016,6016,6016,6016,6016,6016,6016,6016,6016,6016,6016,6016,6016,6016,6016,6016,6016,6016,6016,6016,6016,6016,6016,6016,6016,6016,6016,6016,6016,6016,6016,6016,6016,6016,6016,6016,6016,6016,6016,6016,6016,6016,6016,6016,6016,6016,6016,6016,6016,6016,6016,6016,6016,6016,6016,6016,6016,6016,6024,6024,6024,6024,6024,6024,6024,6024,6024,6024,6024,6024,6024,6024,6024,6024,6024,6024,6024,6024,6024,6024,6024,6024,6024,6024,6024,6024,6024,6024,6024,6024,6024,6024,6024,6024,6024,6024,6024,6024,6024,6024,6024,6024,6024,6024,6024,6024,6024,6024,6024,6024,6024,6024,6024,6024,6024,6024,6024,6024,6024,6024,6024,6024,6024,6040,6040,6040,6040,6040,6040,6040,6040,6040,6040,6040,6040,6040,6040,6040,6040,6040,6040,6040,6040,6040,6040,6040,6040,6040,6040,6040,6040,6040,6040,6040,6040,6040,6040,6040,6040,6040,6040,6040,6040,6040
0,0,0,0,0,0,0,0,0,0,0,0,0,0,0,0,0,0,0,0,0,0,0,0,0,0,0,0,0,0,0,0,0,0,0,0,0,0,0,0,0,0,0,0,0,0,0,0,0,6040,6040,6040,6040,6040,6040,6040,6040,6040,6040,6040,6040,6040,6040,6040,6040,6040,6040,6040,6040,6040,6040,6040,6040,6040,6040,6040,6040,6040,6040,6040,6040,6040,6040,6040,6040,6040,6040,6040,6040,6040,6040,6040,6040,6040,6040,6040,6040,6040,6040,6040,6040,6040,6040,6040,6040,6040,6040,6040,6040,6040,6040,6040,6040,6040,6016,6016,6016,6016,6016,6016,6016,6016,6016,6016,6016,6016,6016,6016,6016,6016,6016,6016,6016,6016,6016,6016,6016,6016,6016,6016,6016,6016,6016,6016,6016,6016,6016,6016,6016,6016,6016,6016,6016,6016,6016,6016,6016,6016,6016,6016,6016,6016,6016,6016,6016,6016,6016,6016,6016,6016,6016,6016,6016,6016,6016,6016,6016,6016,6032,6032,6032,6032,6032,6032,6032,6032,6032,6032,6032,6032,6032,6032,6032,6032,6032,6032,6032,6032,6032,6032,6032,6032,6032,6032,6032,6032,6032,6032,6032,6032,6032,6032,6032,6032,6032,6032,6032,6032,6032,6032,6032,6032,6032,6032,6032,6032,6032,6032,6032,6032,6032,6032,6032,6032,6032,6032,6032,6032,6032,6032,6032,6040,6040,6040,6040,6040,6040,6040,6040,6040,6040,6040,6040,6040,6040,6040,6040,6040,6040,6040,6040,6040,6040,6040,6040,6040,6040,6040,6040,6040,6040,6040,6040,6040,6040,6040,6040,6040,6040,6040,6040,6040,6040,6040,6040,6040,6040,6040,6040,6040,6040,6040,6040,6040,6040,6040,6040,6040,6040,6040,6040,6040,6040,6040,6040,6040,6040,6040,6040,6040,6040,6040,6040,6040,6040,6040,6040,6040,6040,6040,6040,6040,6040,6040,6040,6040,6040,6040,6040,6040,6040,6040,6040,6040,6040,6040,6040,6040,6040,6040,6040,6040,6040,6040,6040,6040,6040,6040,6040,6040,6040,6040,6040,6040,6040,6040,6040,6040,6040,6040,6040,6040,6040,6040,6040,6040,6040,6040,6040,6040,6040,6024,6024,6024,6024,6024,6024,6024,6024,6024,6024,6024,6024,6024,6024,6024,6024,6024,6024,6024,6024,6024,6024,6024,6024,6024,6024,6024,6024,6024,6024,6024,6024,6024,6024,6024,6024,6024,6024,6024,6024,6024,6024,6024,6024,6024,6024,6024,6024,6024,6024,6024,6024,6024,6024,6024,6024,6024,6024,6024,6024,6024,6024,6024,6024,6024,6032,6032,6032,6032,6032,6032,6032,6032,6032,6032,6032,6032,6032,6032,6032,6032,6032,6032,6032,6032,6032,6032,6032,6032,6032,6032,6032,6032,6032,6032,6032,6032,6032,6032,6032,6032,6032,6032,6032,6032,6032,6032,6032,6032,6032,6032,6032,6032,6032,6032,6032,6032,6032,6032,6032,6032,6032,6032,6032,6032,6032,6032,6032,6032,6016,6016,6016,6016,6016,6016,6016,6016,6016,6016,6016,6016,6016,6016,6016,6016,6016,6016,6016,6016,6016,6016,6016,6016,6016,6016,6016,6016,6016,6016,6016,6016,6016,6016,6016,6016,6016,6016,6016,6016,6016,6016,6016,6016,6016,6016,6016,6016,6016,6016,6016,6016,6016,6016,6016,6016,6016,6016,6016,6016,6016,6016,6016,6016,6016,6024,6024,6024,6024,6024,6024,6024,6024,6024,6024,6024,6024,6024,6024,6024,6024,6024,6024,6024,6024,6024,6024,6024,6024,6024,6024,6024,6024,6024,6024,6024,6024,6024,6024,6024,6024,6024,6024,6024,6024,6024,6024,6024,6024,6024,6024,6024,6024,6024,6024,6024,6024,6024,6024,6024,6024,6024,6024,6024,6024,6024,6024,6024,6024,6032,6032,6032,6032,6032,6032,6032,6032,6032,6032,6032
0,0,0,0,0,0,0,0,0,0,0,0,0,0,0,0,6024,6024,6024,6024,6024,6024,6024,6024,6024,6024,6024,6024,6024,6024,6024,6024,6024,6024,6024,6024,6024,6024,6024,6024,6024,6024,6024,6024,6024,6024,6024,6024,6024,6024,6024,6024,6024,6024,6024,6024,6024,6024,6024,6024,6024,6024,6024,6024,6024,6024,6024,6024,6024,6024,6024,6024,6024,6024,6024,6024,6024,6024,6024,6024,6040,6040,6040,6040,6040,6040,6040,6040,6040,6040,6040,6040,6040,6040,6040,6040,6040,6040,6040,6040,6040,6040,6040,6040,6040,6040,6040,6040,6040,6040,6040,6040,6040,6040,6040,6040,6040,6040,6040,6040,6040,6040,6040,6040,6040,6040,6040,6040,6040,6040,6040,6040,6040,6040,6040,6040,6040,6040,6040,6040,6040,6040,6040,6040,6016,6016,6016,6016,6016,6016,6016,6016,6016,6016,6016,6016,6016,6016,6016,6016,6016,6016,6016,6016,6016,6016,6016,6016,6016,6016,6016,6016,6016,6016,6016,6016,6016,6016,6016,6016,6016,6016,6016,6016,6016,6016,6016,6016,6016,6016,6016,6016,6016,6016,6016,6016,6016,6016,6016,6016,6016,6016,6016,6016,6016,6016,6016,6016,6016,6016,6016,6016,6016,6016,6016,6016,6016,6016,6016,6016,6016,6016,6016,6016,6016,6016,6016,6016,6016,6016,6016,6016,6016,6016,6016,6016,6016,6016,6016,6016,6016,6016,6016,6016,6016,6016,6016,6016,6016,6016,6016,6016,6016,6016,6016,6016,6016,6016,6016,6016,6016,6016,6016,6016,6016,6016,6016,6016,6016,6016,6016,6016,6016,6032,6032,6032,6032,6032,6032,6032,6032,6032,6032,6032,6032,6032,6032,6032,6032,6032,6032,6032,6032,6032,6032,6032,6032,6032,6032,6032,6032,6032,6032,6032,6032,6032,6032,6032,6032,6032,6032,6032,6032,6032,6032,6032,6032,6032,6032,6032,6032,6032,6032,6032,6032,6032,6032,6032,6032,6032,6032,6032,6032,6032,6032,6032,6032,6032,6032,6032,6032,6032,6032,6032,6032,6032,6032,6032,6032,6032,6032,6032,6032,6032,6032,6032,6032,6032,6032,6032,6032,6032,6032,6032,6032,6032,6032,6032,6032,6032,6032,6032,6032,6032,6032,6032,6032,6032,6032,6032,6032,6032,6032,6032,6032,6032,6032,6032,6032,6032,6032,6032,6032,6032,6032,6032,6032,6032,6032,6032,6032,6032,6032,6040,6040,6040,6040,6040,6040,6040,6040,6040,6040,6040,6040,6040,6040,6040,6040,6040,6040,6040,6040,6040,6040,6040,6040,6040,6040,6040,6040,6040,6040,6040,6040,6040,6040,6040,6040,6040,6040,6040,6040,6040,6040,6040,6040,6040,6040,6040,6040,6040,6040,6040,6040,6040,6040,6040,6040,6040,6040,6040,6040,6040,6040,6040,6040,6032,6032,6032,6032,6032,6032,6032,6032,6032,6032,6032,6032,6032,6032,6032,6032,6032,6032,6032,6032,6032,6032,6032,6032,6032,6032,6032,6032,6032,6032,6032,6032,6032,6032,6032,6032,6032,6032,6032,6032,6032,6032,6032,6032,6032,6032,6032,6032,6032,6032,6032,6032,6032,6032,6032,6032,6032,6032,6032,6032,6032,6032,6032,6032,6032,6016,6016,6016,6016,6016,6016,6016,6016,6016,6016,6016,6016,6016,6016,6016,6016,6016,6016,6016,6016,6016,6016,6016,6016,6016,6016,6016,6016,6016,6016,6016,6016,6016,6016,6016,6016,6016,6016,6016,6016,6016,6016,6016,6016,6016,6016,6016,6016,6016,6016,6016,6016,6016,6016,6016,6016,6016,6016,6016,6016,6016,6016,6016,6016,6024,6024,6024,6024,6024,6024,6024,6024,6024,6024,6024,6024,6024,6024,6024,6024,6024,6024,6024,6024,6024,6024,6024,6024,6024,6024,6024,6024,6024,6024,6024,6024,6024,6024,6024,6024,6024,6024,6024,6024,6024,6024,6024,6024
0,0,0,0,0,0,0,0,0,0,0,0,0,0,0,0,0,0,0,0,0,0,0,0,0,0,0,0,0,0,0,0,0,0,0,0,0,0,0,0,0,0,0,0,0,0,0,6024,6024,6024,6024,6024,6024,6024,6024,6024,6024,6024,6024,6024,6024,6024,6024,6024,6024,6024,6024,6024,6024,6024,6024,6024,6024,6024,6024,6024,6024,6024,6024,6024,6024,6024,6024,6024,6024,6024,6024,6024,6024,6024,6024,6024,6024,6024,6024,6024,6024,6024,6024,6024,6024,6024,6024,6024,6024,6024,6024,6024,6024,6024,6024,6024,6024,6024,6024,6024,6024,6024,6024,6024,6024,6024,6024,6024,6024,6024,6024,6024,6024,6024,6024,6024,6024,6024,6024,6024,6024,6024,6024,6024,6024,6024,6024,6024,6024,6024,6024,6024,6024,6024,6024,6024,6024,6024,6024,6024,6024,6024,6024,6024,6024,6024,6024,6024,6024,6024,6024,6024,6024,6024,6024,6024,6024,6024,6024,6024,6024,6024,6024,6024,6024,6024,6024,6024,6024,6024,6024,6024,6024,6024,6024,6024,6024,6024,6024,6024,6024,6024,6024,6024,6024,6024,6024,6024,6024,6024,6024,6024,6024,6024,6024,6024,6024,6024,6024,6024,6024,6024,6024,6024,6024,6024,6024,6024,6024,6024,6024,6024,6024,6024,6024,6024,6024,6024,6024,6024,6024,6024,6024,6024,6024,6040,6040,6040,6040,6040,6040,6040,6040,6040,6040,6040,6040,6040,6040,6040,6040,6040,6040,6040,6040,6040,6040,6040,6040,6040,6040,6040,6040,6040,6040,6040,6040,6040,6040,6040,6040,6040,6040,6040,6040,6040,6040,6040,6040,6040,6040,6040,6040,6040,6040,6040,6040,6040,6040,6040,6040,6040,6040,6040,6040,6040,6040,6040,6040,6016,6016,6016,6016,6016,6016,6016,6016,6016,6016,6016,6016,6016,6016,6016,6016,6016,6016,6016,6016,6016,6016,6016,6016,6016,6016,6016,6016,6016,6016,6016,6016,6016,6016,6016,6016,6016,6016,6016,6016,6016,6016,6016,6016,6016,6016,6016,6016,6016,6016,6016,6016,6016,6016,6016,6016,6016,6016,6016,6016,6016,6016,6016,6016,6016,6040,6040,6040,6040,6040,6040,6040,6040,6040,6040,6040,6040,6040,6040,6040,6040,6040,6040,6040,6040,6040,6040,6040,6040,6040,6040,6040,6040,6040,6040,6040,6040,6040,6040,6040,6040,6040,6040,6040,6040,6040,6040,6040,6040,6040,6040,6040,6040,6040,6040,6040,6040,6040,6040,6040,6040,6040,6040,6040,6040,6032,6032,6032,6032,6032,6032,6032,6032,6032,6032,6032,6032,6032,6032,6032,6032,6032,6032,6032,6032,6032,6032,6032,6032,6032,6032,6032,6032,6032,6032,6032,6032,6032,6032,6032,6032,6032,6032,6032,6032,6032,6032,6032,6032,6032,6032,6032,6032,6032,6032,6032,6032,6032,6032,6032,6032,6032,6032,6032,6032,6032,6032,6032,6032,6032,6032,6032,6032,6032,6024,6024,6024,6024,6024,6024,6024,6024,6024,6024,6024,6024,6024,6024,6024,6024,6024,6024,6024,6024,6024,6024,6024,6024,6024,6024,6024,6024,6024,6024,6024,6024,6024,6024,6024,6024,6024,6024,6024,6024,6024,6024,6024,6024,6024,6024,6024,6024,6024,6024,6024,6024,6024,6024,6024,6024,6024,6024,6024,6024,6024,6024,6024,6024,6024,6072,6072,6072,6072,6072,6072,6072,6072,6072,6072,6072,6072,6072,6072,6072,6072,6072,6072,6072,6072,6072,6072,6072,6072,6072,6072,6072,6072,6072,6072,6072,6072,6072,6072,6072,6072,6072,6072,6072,6072,6072,6072,6072,6072,6072,6072,6072,6072,6072,6072,6072,6072,6072,6072,6072,6072,6072,6072,6072,6072,6072,6072,6072,6072,6072,6032,6032,6032,6032,6032,6032,6032,6032,6032,6032,6032
