0,0,0,0,0,0,0,0,0,0,0,0,0,0,0,0,0,0,0,0,0,0,0,0,0,0,0,0,0,6160,6160,6160,6160,6160,6160,6160,6160,6160,6160,6160,6160,6160,6160,6160,6160,6160,6160,6160,6160,6160,6160,6160,6160,6160,6160,6160,6160,6160,6160,6160,6160,6160,6160,6160,6160,6160,6160,6160,6160,6160,6160,6160,6160,6160,6160,6160,6160,6160,6160,6160,6160,6160,6160,6160,6160,6160,6160,6160,6160,6160,6160,6160,6160,6160,5568,5568,5568,5568,5568,5568,5568,5568,5568,5568,5568,5568,5568,5568,5568,5568,5568,5568,5568,5568,5568,5568,5568,5568,5568,5568,5568,5568,5568,5568,5568,5568,5568,5568,5568,5568,5568,5568,5568,5568,5568,5568,5568,5568,5568,5568,5568,5568,5568,5568,5568,5568,5568,5568,5568,5568,5568,5568,5568,5568,5568,5568,5568,5568,5824,5824,5824,5824,5824,5824,5824,5824,5824,5824,5824,5824,5824,5824,5824,5824,5824,5824,5824,5824,5824,5824,5824,5824,5824,5824,5824,5824,5824,5824,5824,5824,5824,5824,5824,5824,5824,5824,5824,5824,5824,5824,5824,5824,5824,5824,5824,5824,5824,5824,5824,5824,5824,5824,5824,5824,5824,5824,5824,5824,5824,5824,5824,5824,5824,5904,5904,5904,5904,5904,5904,5904,5904,5904,5904,5904,5904,5904,5904,5904,5904,5904,5904,5904,5904,5904,5904,5904,5904,5904,5904,5904,5904,5904,5904,5904,5904,5904,5904,5904,5904,5904,5904,5904,5904,5904,5904,5904,5904,5904,5904,5904,5904,5904,5904,5904,5904,5904,5904,5904,5904,5904,5904,5904,5904,5904,5904,5904,5904,5928,5928,5928,5928,5928,5928,5928,5928,5928,5928,5928,5928,5928,5928,5928,5928,5928,5928,5928,5928,5928,5928,5928,5928,5928,5928,5928,5928,5928,5928,5928,5928,5928,5928,5928,5928,5928,5928,5928,5928,5928,5928,5928,5928,5928,5928,5928,5928,5928,5928,5928,5928,5928,5928,5928,5928,5928,5928,5928,5928,5928,5928,5928,5928,5928,5928,5984,5984,5984,5984,5984,5984,5984,5984,5984,5984,5984,5984,5984,5984,5984,5984,5984,5984,5984,5984,5984,5984,5984,5984,5984,5984,5984,5984,5984,5984,5984,5984,5984,5984,5984,5984,5984,5984,5984,5984,5984,5984,5984,5984,5984,5984,5984,5984,5984,5984,5984,5984,5984,5984,5984,5984,5984,5984,5984,5984,5984,5984,5984,6000,6000,6000,6000,6000,6000,6000,6000,6000,6000,6000,6000,6000,6000,6000,6000,6000,6000,6000,6000,6000,6000,6000,6000,6000,6000,6000,6000,6000,6000,6000,6000,6000,6000,6000,6000,6000,6000,6000,6000,6000,6000,6000,6000,6000,6000,6000,6000,6000,6000,6000,6000,6000,6000,6000,6000,6000,6000,6000,6000,6000,6008,6008,6008,6008,6008,6008,6008,6008,6008,6008,6008,6008,6008,6008,6008,6008,6008,6008,6008,6008,6008,6008,6008,6008,6008,6008,6008,6008,6008,6008,6008,6008,6008,6008,6008,6008,6008,6008,6008,6008,6008,6008,6008,6008,6008,6008,6008,6008,6008,6008,6008,6008,6008,6008,6008,6008,6008,6008,6008,6008,6008,6008,6008,6008,6008,6008,6008,6008,6008,6008,6008,6008,6008,6008,6008,6008,6008,6008,6008,6008,6008,6008,6008,6008,6008,6008,6008,6008,6008,6008,6008,6008,6008,6008,6008,6008,6008,6008,6008,6008,6008,6008,6008,6008,6008,6008,6008,6008,6008,6008,6008,6008,6008,6008,6008,6008,6008,6008,6008,6008,6008,6008,6008,6008,6008,6008,6008,6008,6008,6008,6008,6008,6008,6000,6000,6000,6000,6000,6000,6000,6000,6000,6000,6000,6000,6000,6000,6000,6000,6000,6000,6000,6000,6000,6000,6000,6000,6000,6000,6000,6000,6000,6000
0,0,0,0,0,0,0,0,0,0,0,0,0,0,0,0,0,0,0,0,0,0,0,0,0,0,0,0,0,0,0,0,0,0,0,0,0,0,0,0,0,0,0,0,0,0,0,0,0,0,0,0,0,0,0,0,0,0,0,0,0,0,0,6064,6064,6064,6064,6064,6064,6064,6064,6064,6064,6064,6064,6064,6064,6064,6064,6064,6064,6064,6064,6064,6064,6064,6064,6064,6064,6064,6064,6064,6064,6064,6064,6064,6064,6064,6064,6064,6064,6064,6064,6064,6064,6064,6064,6064,6064,6064,6064,6064,6064,6064,6064,6064,6064,6064,6064,6064,6064,6064,6064,6064,6064,6064,6064,6064,6064,6064,6064,6064,6064,6064,6064,6064,6064,6064,6064,6064,6064,6064,6064,6064,6064,6064,6064,6064,6064,6064,6064,6064,6064,6064,6064,6064,6064,6064,6064,6064,6064,6064,6064,6064,6064,6064,6064,6064,6064,6064,6064,6064,6064,6064,6064,6064,6064,6064,6064,6064,6064,6064,6064,6064,6064,6064,6064,6064,6064,6064,6064,6064,6056,6056,6056,6056,6056,6056,6056,6056,6056,6056,6056,6056,6056,6056,6056,6056,6056,6056,6056,6056,6056,6056,6056,6056,6056,6056,6056,6056,6056,6056,6056,6056,6056,6056,6056,6056,6056,6056,6056,6056,6056,6056,6056,6056,6056,6056,6056,6056,6056,6056,6056,6056,6056,6056,6056,6056,6056,6056,6056,6056,6056,6056,6056,6056,6064,6064,6064,6064,6064,6064,6064,6064,6064,6064,6064,6064,6064,6064,6064,6064,6064,6064,6064,6064,6064,6064,6064,6064,6064,6064,6064,6064,6064,6064,6064,6064,6064,6064,6064,6064,6064,6064,6064,6064,6064,6064,6064,6064,6064,6064,6064,6064,6064,6064,6064,6064,6064,6064,6064,6064,6064,6064,6064,6064,6064,6064,6064,6064,6064,6064,6056,6056,6056,6056,6056,6056,6056,6056,6056,6056,6056,6056,6056,6056,6056,6056,6056,6056,6056,6056,6056,6056,6056,6056,6056,6056,6056,6056,6056,6056,6056,6056,6056,6056,6056,6056,6056,6056,6056,6056,6056,6056,6056,6056,6056,6056,6056,6056,6056,6056,6056,6056,6056,6056,6056,6056,6056,6056,6056,6056,6056,6056,6056,6072,6072,6072,6072,6072,6072,6072,6072,6072,6072,6072,6072,6072,6072,6072,6072,6072,6072,6072,6072,6072,6072,6072,6072,6072,6072,6072,6072,6072,6072,6072,6072,6072,6072,6072,6072,6072,6072,6072,6072,6072,6072,6072,6072,6072,6072,6072,6072,6072,6072,6072,6072,6072,6072,6072,6072,6072,6072,6072,6072,6072,6072,6072,6072,6064,6064,6064,6064,6064,6064,6064,6064,6064,6064,6064,6064,6064,6064,6064,6064,6064,6064,6064,6064,6064,6064,6064,6064,6064,6064,6064,6064,6064,6064,6064,6064,6064,6064,6064,6064,6064,6064,6064,6064,6064,6064,6064,6064,6064,6064,6064,6064,6064,6064,6064,6064,6064,6064,6064,6064,6064,6064,6064,6064,6064,6064,6064,6064,6064,6064,6064,6064,6064,6064,6064,6064,6064,6064,6064,6064,6064,6064,6064,6064,6064,6064,6064,6064,6064,6064,6064,6064,6064,6064,6064,6064,6064,6064,6064,6064,6064,6064,6064,6064,6064,6064,6064,6064,6064,6064,6064,6064,6064,6064,6064,6064,6064,6064,6064,6064,6064,6064,6064,6064,6064,6064,6064,6064,6064,6064,6064,6064,6064,6064,6064,6048,6048,6048,6048,6048,6048,6048,6048,6048,6048,6048,6048,6048,6048,6048,6048,6048,6048,6048,6048,6048,6048,6048,6048,6048,6048,6048,6048,6048,6048,6048,6048,6048,6048,6048,6048,6048,6048,6048,6048,6048,6048,6048,6048,6048,6048,6048,6048,6048,6048,6048,6048,6048,6048,6048,6048,6048,6048,6048,6048
0,0,0,0,0,0,0,0,0,0,0,0,0,0,0,0,0,0,0,0,0,0,0,0,0,0,0,0,0,0,0,0,6096,6096,6096,6096,6096,6096,6096,6096,6096,6096,6096,6096,6096,6096,6096,6096,6096,6096,6096,6096,6096,6096,6096,6096,6096,6096,6096,6096,6096,6096,6096,6096,6096,6096,6096,6096,6096,6096,6096,6096,6096,6096,6096,6096,6096,6096,6096,6096,6096,6096,6096,6096,6096,6096,6096,6096,6096,6096,6096,6096,6096,6096,6096,6096,6104,6104,6104,6104,6104,6104,6104,6104,6104,6104,6104,6104,6104,6104,6104,6104,6104,6104,6104,6104,6104,6104,6104,6104,6104,6104,6104,6104,6104,6104,6104,6104,6104,6104,6104,6104,6104,6104,6104,6104,6104,6104,6104,6104,6104,6104,6104,6104,6104,6104,6104,6104,6104,6104,6104,6104,6104,6104,6104,6104,6104,6104,6080,6080,6080,6080,6080,6080,6080,6080,6080,6080,6080,6080,6080,6080,6080,6080,6080,6080,6080,6080,6080,6080,6080,6080,6080,6080,6080,6080,6080,6080,6080,6080,6080,6080,6080,6080,6080,6080,6080,6080,6080,6080,6080,6080,6080,6080,6080,6080,6080,6080,6080,6080,6080,6080,6080,6080,6080,6080,6080,6080,6080,6080,6080,6080,6080,6080,6080,6104,6104,6104,6104,6104,6104,6104,6104,6104,6104,6104,6104,6104,6104,6104,6104,6104,6104,6104,6104,6104,6104,6104,6104,6104,6104,6104,6104,6104,6104,6104,6104,6104,6104,6104,6104,6104,6104,6104,6104,6104,6104,6104,6104,6104,6104,6104,6104,6104,6104,6104,6104,6104,6104,6104,6104,6104,6104,6104,6104,6104,6104,6104,6104,6104,6104,6096,6096,6096,6096,6096,6096,6096,6096,6096,6096,6096,6096,6096,6096,6096,6096,6096,6096,6096,6096,6096,6096,6096,6096,6096,6096,6096,6096,6096,6096,6096,6096,6096,6096,6096,6096,6096,6096,6096,6096,6096,6096,6096,6096,6096,6096,6096,6096,6096,6096,6096,6096,6096,6096,6096,6096,6088,6088,6088,6088,6088,6088,6088,6088,6088,6088,6088,6088,6088,6088,6088,6088,6088,6088,6088,6088,6088,6088,6088,6088,6088,6088,6088,6088,6088,6088,6088,6088,6088,6088,6088,6088,6088,6088,6088,6088,6088,6088,6088,6088,6088,6088,6088,6088,6088,6088,6088,6088,6088,6088,6088,6088,6088,6088,6088,6088,6088,6088,6088,6088,6088,6088,6088,6088,6088,6088,6088,6088,6096,6096,6096,6096,6096,6096,6096,6096,6096,6096,6096,6096,6096,6096,6096,6096,6096,6096,6096,6096,6096,6096,6096,6096,6096,6096,6096,6096,6096,6096,6096,6096,6096,6096,6096,6096,6096,6096,6096,6096,6096,6096,6096,6096,6096,6096,6096,6096,6096,6096,6096,6096,6096,6096,6096,6096,6096,6096,6096,6096,6096,6096,6096,6096,6096,6096,6096,6096,6096,6096,6096,6096,6096,6096,6096,6096,6096,6096,6096,6096,6096,6096,6096,6096,6096,6096,6096,6096,6096,6096,6096,6096,6096,6096,6096,6096,6096,6096,6096,6096,6096,6096,6096,6096,6096,6096,6096,6096,6096,6096,6096,6096,6096,6096,6096,6096,6096,6096,6096,6096,6096,6096,6096,6096,6096,6096,6096,6096,6080,6080,6080,6080,6080,6080,6080,6080,6080,6080,6080,6080,6080,6080,6080,6080,6080,6080,6080,6080,6080,6080,6080,6080,6080,6080,6080,6080,6080,6080,6080,6080,6080,6080,6080,6080,6080,6080,6080,6080,6080,6080,6080,6080,6080,6080,6080,6080,6080,6080,6080,6080,6080,6080,6080,6080,6080,6080,6080,6080,6080,6080,6080,6080,6080,6080,6080,6080,6080,6080,6080,6080,6080,6080,6080,6080,6080,6080,6080,6080,6080,6080,6080,6080,6080,6080,6080,6080,6080,6080,6080,6080,6080
6104,6104,6104,6104,6104,6104,6104,6104,6104,6104,6104,6104,6104,6104,6104,6104,6104,6104,6104,6104,6104,6104,6104,6104,6104,6104,6104,6104,6104,6104,6104,6104,6104,6104,6104,6104,6104,6104,6104,6104,6104,6104,6104,6104,6104,6104,6104,6104,6104,6104,6104,6104,6104,6104,6104,6104,6104,6104,6104,6104,6104,6104,6104,6104,6104,6104,6104,6104,6104,6104,6104,6104,6104,6104,6104,6104,6104,6104,6104,6104,6104,6104,6104,6104,6104,6104,6104,6104,6104,6104,6104,6104,6104,6104,6104,6104,6104,6104,6104,6104,6104,6104,6104,6104,6104,6104,6104,6104,6104,6104,6104,6104,6104,6104,6104,6104,6104,6104,6104,6104,6104,6104,6104,6104,6104,6104,6104,6104,6104,6104,6104,6088,6088,6088,6088,6088,6088,6088,6088,6088,6088,6088,6088,6088,6088,6088,6088,6088,6088,6088,6088,6088,6088,6088,6088,6088,6088,6088,6088,6088,6088,6088,6088,6088,6088,6088,6088,6088,6088,6088,6088,6088,6088,6088,6088,6088,6088,6088,6088,6088,6088,6088,6088,6088,6088,6088,6088,6088,6088,6088,6088,6088,6088,6088,6088,6088,6088,6088,6088,6088,6088,6088,6088,6088,6088,6088,6088,6088,6088,6088,6088,6088,6088,6088,6088,6088,6088,6088,6088,6088,6088,6088,6088,6088,6088,6088,6088,6088,6088,6088,6088,6088,6088,6088,6088,6088,6088,6088,6088,6088,6088,6088,6088,6088,6088,6088,6088,6088,6088,6088,6088,6088,6088,6088,6088,6088,6088,6088,6088,6104,6104,6104,6104,6104,6104,6104,6104,6104,6104,6104,6104,6104,6104,6104,6104,6104,6104,6104,6104,6104,6104,6104,6104,6104,6104,6104,6104,6104,6104,6104,6104,6104,6104,6104,6104,6104,6104,6104,6104,6104,6104,6104,6104,6104,6104,6104,6104,6104,6104,6104,6104,6104,6104,6104,6104,6104,6104,6104,6104,6104,6088,6088,6088,6088,6088,6088,6088,6088,6088,6088,6088,6088,6088,6088,6088,6088,6088,6088,6088,6088,6088,6088,6088,6088,6088,6088,6088,6088,6088,6088,6088,6088,6088,6088,6088,6088,6088,6088,6088,6088,6088,6088,6088,6088,6088,6088,6088,6088,6088,6088,6088,6088,6088,6088,6088,6088,6088,6088,6088,6088,6088,6088,6088,6088,6088,6088,6088,6088,6088,6088,6088,6088,6088,6088,6088,6088,6088,6088,6088,6088,6088,6088,6088,6088,6088,6088,6088,6088,6088,6088,6088,6088,6088,6088,6088,6088,6088,6088,6088,6088,6088,6088,6088,6088,6088,6088,6088,6088,6088,6088,6088,6088,6088,6088,6088,6088,6088,6088,6088,6088,6088,6088,6088,6088,6088,6088,6088,6088,6088,6088,6088,6088,6080,6080,6080,6080,6080,6080,6080,6080,6080,6080,6080,6080,6080,6080,6080,6080,6080,6080,6080,6080,6080,6080,6080,6080,6080,6080,6080,6080,6080,6080,6080,6080,6080,6080,6080,6080,6080,6080,6080,6080,6080,6080,6080,6080,6080,6080,6080,6080,6080,6080,6080,6080,6080,6080,6080,6080,6080,6080,6080,6080,6080,6080,6080,6080,6080,6088,6088,6088,6088,6088,6088,6088,6088,6088,6088,6088,6088,6088,6088,6088,6088,6088,6088,6088,6088,6088,6088,6088,6088,6088,6088,6088,6088,6088,6088,6088,6088,6088,6088,6088,6088,6088,6088,6088,6088,6088,6088,6088,6088,6088,6088,6088,6088,6088,6088,6088,6088,6088,6088,6088,6088,6088,6088,6088,6088,6088,6088,6088,6088,6096,6096,6096,6096,6096,6096,6096,6096,6096,6096,6096,6096,6096,6096,6096,6096,6096,6096,6096,6096,6096,6096,6096,6096,6096,6096,6096,6096,6096,6096,6096,6096,6096,6096,6096,6096,6096,6096,6096,6096,6096,6096,6096,6096,6096,6096,6096,6096,6096,6096,6096,6096,6096,6096,6096,6096,6096,6096,6096
0,0,0,0,0,0,0,0,0,0,0,0,0,0,0,0,0,0,0,0,0,0,0,0,0,0,0,0,0,0,0,0,0,0,0,0,6080,6080,6080,6080,6080,6080,6080,6080,6080,6080,6080,6080,6080,6080,6080,6080,6080,6080,6080,6080,6080,6080,6080,6080,6080,6080,6080,6080,6080,6080,6080,6080,6080,6080,6080,6080,6080,6080,6080,6080,6080,6080,6080,6080,6080,6080,6080,6080,6080,6080,6080,6080,6080,6080,6080,6080,6080,6080,6080,6080,6080,6080,6080,6088,6088,6088,6088,6088,6088,6088,6088,6088,6088,6088,6088,6088,6088,6088,6088,6088,6088,6088,6088,6088,6088,6088,6088,6088,6088,6088,6088,6088,6088,6088,6088,6088,6088,6088,6088,6088,6088,6088,6088,6088,6088,6088,6088,6088,6088,6088,6088,6088,6088,6088,6088,6088,6088,6088,6088,6088,6088,6088,6088,6088,6088,6088,6088,6088,6080,6080,6080,6080,6080,6080,6080,6080,6080,6080,6080,6080,6080,6080,6080,6080,6080,6080,6080,6080,6080,6080,6080,6080,6080,6080,6080,6080,6080,6080,6080,6080,6080,6080,6080,6080,6080,6080,6080,6080,6080,6080,6080,6080,6080,6080,6080,6080,6080,6080,6080,6080,6080,6080,6080,6080,6080,6080,6080,6080,6080,6080,6080,6080,6080,6080,6080,6080,6080,6080,6080,6080,6080,6080,6080,6080,6080,6080,6080,6080,6080,6080,6080,6080,6080,6080,6080,6080,6080,6080,6080,6080,6080,6080,6080,6080,6080,6080,6080,6080,6080,6080,6080,6080,6080,6080,6080,6080,6080,6080,6080,6080,6080,6080,6080,6080,6080,6080,6080,6080,6080,6080,6080,6080,6080,6096,6096,6096,6096,6096,6096,6096,6096,6096,6096,6096,6096,6096,6096,6096,6096,6096,6096,6096,6096,6096,6096,6096,6096,6096,6096,6096,6096,6096,6096,6096,6096,6096,6096,6096,6096,6096,6096,6096,6096,6096,6096,6096,6096,6096,6096,6096,6096,6096,6096,6096,6096,6096,6096,6096,6096,6096,6096,6096,6096,6096,6096,6096,6096,6096,6096,6096,6096,6096,6096,6096,6096,6096,6096,6096,6096,6096,6096,6096,6096,6096,6096,6096,6096,6096,6096,6096,6096,6096,6096,6096,6096,6096,6096,6096,6096,6096,6096,6096,6096,6096,6096,6096,6096,6096,6096,6096,6096,6096,6096,6096,6096,6096,6096,6096,6096,6096,6096,6096,6096,6096,6096,6096,6096,6096,6096,6096,6096,6096,6096,6096,6096,6096,6096,6088,6088,6088,6088,6088,6088,6088,6088,6088,6088,6088,6088,6088,6088,6088,6088,6088,6088,6088,6088,6088,6088,6088,6088,6088,6088,6088,6088,6088,6088,6088,6088,6088,6088,6088,6088,6088,6088,6088,6088,6088,6088,6088,6088,6088,6088,6088,6088,6088,6088,6088,6088,6088,6088,6088,6088,6088,6088,6088,6088,6088,6088,6088,6088,6088,6104,6104,6104,6104,6104,6104,6104,6104,6104,6104,6104,6104,6104,6104,6104,6104,6104,6104,6104,6104,6104,6104,6104,6104,6104,6104,6104,6104,6104,6104,6104,6104,6104,6104,6104,6104,6104,6104,6104,6104,6104,6104,6104,6104,6104,6104,6104,6104,6104,6104,6104,6104,6104,6104,6104,6104,6104,6104,6104,6104,6104,6104,6104,6104,6096,6096,6096,6096,6096,6096,6096,6096,6096,6096,6096,6096,6096,6096,6096,6096,6096,6096,6096,6096,6096,6096,6096,6096,6096,6096,6096,6096,6096,6096,6096,6096,6096,6096,6096,6096,6096,6096,6096,6096,6096,6096,6096,6096,6096,6096,6096,6096,6096,6096,6096,6096,6096,6096,6096,6096,6096,6096,6096,6096,6096,6096,6096,6096,6096,6088,6088,6088,6088,6088,6088,6088,6088,6088,6088,6088,6088,6088,6088,6088,6088,6088,6088,6088,6088,6088,6088,6088
0,0,0,0,0,0,0,0,0,0,0,0,0,0,0,0,0,0,0,0,0,0,0,0,0,0,0,0,0,0,0,0,0,0,0,0,0,0,0,0,0,0,0,0,0,0,0,0,0,0,0,0,0,0,0,0,0,0,0,0,0,0,0,0,6144,6144,6144,6144,6144,6144,6144,6144,6144,6144,6144,6144,6144,6144,6144,6144,6144,6144,6144,6144,6144,6144,6144,6144,6144,6144,6144,6144,6144,6144,6144,6144,6144,6144,6144,6144,6144,6144,6144,6144,6144,6144,6144,6144,6144,6144,6144,6144,6144,6144,6144,6144,6144,6144,6144,6144,6144,6144,6144,6144,6144,6144,6144,6144,6144,6144,6144,6144,6144,6144,6144,6144,6144,6144,6144,6144,6144,6144,6144,6144,6144,6144,6144,6144,6144,6144,6144,6144,6144,6144,6144,6144,6144,6144,6144,6144,6144,6144,6144,6144,6144,6144,6144,6144,6144,6144,6144,6144,6144,6144,6144,6144,6144,6144,6144,6144,6144,6144,6144,6144,6144,6144,6144,6144,6144,6144,6144,6144,6144,6168,6168,6168,6168,6168,6168,6168,6168,6168,6168,6168,6168,6168,6168,6168,6168,6168,6168,6168,6168,6168,6168,6168,6168,6168,6168,6168,6168,6168,6168,6168,6168,6168,6168,6168,6168,6168,6168,6168,6168,6168,6168,6168,6168,6168,6168,6168,6168,6168,6168,6168,6168,6168,6168,6168,6168,6168,6168,6168,6168,6168,6168,6168,6168,6168,6136,6136,6136,6136,6136,6136,6136,6136,6136,6136,6136,6136,6136,6136,6136,6136,6136,6136,6136,6136,6136,6136,6136,6136,6136,6136,6136,6136,6136,6136,6136,6136,6136,6136,6136,6136,6136,6136,6136,6136,6136,6136,6136,6136,6136,6136,6136,6136,6136,6136,6136,6136,6136,6136,6136,6136,6136,6136,6136,6136,6136,6136,6136,6136,6112,6112,6112,6112,6112,6112,6112,6112,6112,6112,6112,6112,6112,6112,6112,6112,6112,6112,6112,6112,6112,6112,6112,6112,6112,6112,6112,6112,6112,6112,6112,6112,6112,6112,6112,6112,6112,6112,6112,6112,6112,6112,6112,6112,6112,6112,6112,6112,6112,6112,6112,6112,6112,6112,6112,6112,6112,6112,6112,6112,6112,6112,6112,6112,6136,6136,6136,6136,6136,6136,6136,6136,6136,6136,6136,6136,6136,6136,6136,6136,6136,6136,6136,6136,6136,6136,6136,6136,6136,6136,6136,6136,6136,6136,6136,6136,6136,6136,6136,6136,6136,6136,6136,6136,6136,6136,6136,6136,6136,6136,6136,6136,6136,6136,6136,6136,6136,6136,6136,6136,6136,6136,6136,6136,6136,6136,6136,6136,6136,6112,6112,6112,6112,6112,6112,6112,6112,6112,6112,6112,6112,6112,6112,6112,6112,6112,6112,6112,6112,6112,6112,6112,6112,6112,6112,6112,6112,6112,6112,6112,6112,6112,6112,6112,6112,6112,6112,6112,6112,6112,6112,6112,6112,6112,6112,6112,6112,6112,6112,6112,6112,6112,6112,6112,6112,6112,6112,6112,6112,6112,6112,6120,6120,6120,6120,6120,6120,6120,6120,6120,6120,6120,6120,6120,6120,6120,6120,6120,6120,6120,6120,6120,6120,6120,6120,6120,6120,6120,6120,6120,6120,6120,6120,6120,6120,6120,6120,6120,6120,6120,6120,6120,6120,6120,6120,6120,6120,6120,6120,6120,6120,6120,6120,6120,6120,6120,6120,6120,6120,6120,6120,6120,6120,6120,6120,6120,6120,6120,6136,6136,6136,6136,6136,6136,6136,6136,6136,6136,6136,6136,6136,6136,6136,6136,6136,6136,6136,6136,6136,6136,6136,6136,6136,6136,6136,6136,6136,6136,6136,6136,6136,6136,6136,6136,6136,6136,6136,6136,6136,6136,6136,6136,6136,6136,6136,6136,6136,6136,6136,6136,6136,6136,6136,6136,6136,6136,6136,6136
0,0,0,0,0,0,0,0,0,0,0,0,0,0,0,0,0,0,0,0,0,0,0,0,0,0,0,0,0,0,0,0,0,6120,6120,6120,6120,6120,6120,6120,6120,6120,6120,6120,6120,6120,6120,6120,6120,6120,6120,6120,6120,6120,6120,6120,6120,6120,6120,6120,6120,6120,6120,6120,6120,6120,6120,6120,6120,6120,6120,6120,6120,6120,6120,6120,6120,6120,6120,6120,6120,6120,6120,6120,6120,6120,6120,6120,6120,6120,6120,6120,6120,6120,6120,6120,6120,6120,6120,6120,6120,6120,6120,6120,6120,6120,6120,6120,6120,6120,6120,6120,6120,6120,6120,6120,6120,6120,6120,6120,6120,6120,6120,6120,6120,6120,6120,6120,6120,6120,6120,6120,6120,6120,6120,6120,6120,6120,6120,6120,6120,6120,6120,6120,6120,6120,6120,6120,6120,6120,6120,6120,6120,6120,6120,6120,6120,6120,6120,6120,6120,6120,6128,6128,6128,6128,6128,6128,6128,6128,6128,6128,6128,6128,6128,6128,6128,6128,6128,6128,6128,6128,6128,6128,6128,6128,6128,6128,6128,6128,6128,6128,6128,6128,6128,6128,6128,6128,6128,6128,6128,6128,6128,6128,6128,6128,6128,6128,6128,6128,6128,6128,6128,6128,6128,6128,6128,6128,6128,6128,6128,6128,6128,6128,6128,6136,6136,6136,6136,6136,6136,6136,6136,6136,6136,6136,6136,6136,6136,6136,6136,6136,6136,6136,6136,6136,6136,6136,6136,6136,6136,6136,6136,6136,6136,6136,6136,6136,6136,6136,6136,6136,6136,6136,6136,6136,6136,6136,6136,6136,6136,6136,6136,6136,6136,6136,6136,6136,6136,6136,6136,6136,6136,6136,6136,6136,6136,6136,6136,6136,6112,6112,6112,6112,6112,6112,6112,6112,6112,6112,6112,6112,6112,6112,6112,6112,6112,6112,6112,6112,6112,6112,6112,6112,6112,6112,6112,6112,6112,6112,6112,6112,6112,6112,6112,6112,6112,6112,6112,6112,6112,6112,6112,6112,6112,6112,6112,6112,6112,6112,6112,6112,6112,6112,6112,6112,6112,6112,6112,6112,6112,6112,6112,6112,6112,6112,6112,6112,6112,6112,6112,6112,6112,6112,6112,6112,6112,6112,6112,6112,6112,6112,6112,6112,6112,6112,6112,6112,6112,6112,6112,6112,6112,6112,6112,6112,6112,6112,6112,6112,6112,6112,6112,6112,6112,6112,6112,6112,6112,6112,6112,6112,6112,6112,6112,6112,6112,6112,6112,6112,6112,6112,6112,6112,6112,6112,6112,6120,6120,6120,6120,6120,6120,6120,6120,6120,6120,6120,6120,6120,6120,6120,6120,6120,6120,6120,6120,6120,6120,6120,6120,6120,6120,6120,6120,6120,6120,6120,6120,6120,6120,6120,6120,6120,6120,6120,6120,6120,6120,6120,6120,6120,6120,6120,6120,6120,6120,6120,6120,6120,6120,6120,6120,6120,6120,6120,6120,6120,6120,6120,6120,6120,6120,6128,6128,6128,6128,6128,6128,6128,6128,6128,6128,6128,6128,6128,6128,6128,6128,6128,6128,6128,6128,6128,6128,6128,6128,6128,6128,6128,6128,6128,6128,6128,6128,6128,6128,6128,6128,6128,6128,6128,6128,6128,6128,6128,6128,6128,6128,6128,6128,6128,6128,6128,6128,6128,6128,6128,6128,6128,6128,6128,6128,6128,6128,6128,6128,6128,6128,6136,6136,6136,6136,6136,6136,6136,6136,6136,6136,6136,6136,6136,6136,6136,6136,6136,6136,6136,6136,6136,6136,6136,6136,6136,6136,6136,6136,6136,6136,6136,6136,6136,6136,6136,6136,6136,6136,6136,6136,6136,6136,6136,6136,6136,6136,6136,6136,6136,6136,6136,6136,6136,6136,6136,6136,6136,6136,6136,6136,6136,6120,6120,6120,6120,6120,6120,6120,6120,6120,6120,6120,6120,6120,6120,6120,6120,6120,6120,6120,6120,6120,6120,6120,6120,6120,6120,6120,6120,6120,6120
6136,6136,6136,6136,6136,6136,6136,6136,6136,6136,6136,6136,6136,6136,6136,6136,6136,6136,6136,6136,6136,6136,6136,6136,6136,6136,6136,6136,6136,6136,6136,6136,6136,6136,6136,6136,6136,6136,6136,6136,6136,6136,6136,6136,6136,6136,6136,6136,6136,6136,6136,6136,6136,6136,6136,6136,6136,6136,6136,6136,6136,6136,6112,6112,6112,6112,6112,6112,6112,6112,6112,6112,6112,6112,6112,6112,6112,6112,6112,6112,6112,6112,6112,6112,6112,6112,6112,6112,6112,6112,6112,6112,6112,6112,6112,6112,6112,6112,6112,6112,6112,6112,6112,6112,6112,6112,6112,6112,6112,6112,6112,6112,6112,6112,6112,6112,6112,6112,6112,6112,6112,6112,6112,6112,6112,6112,6112,6112,6112,6112,6112,6112,6112,6112,6112,6112,6112,6112,6112,6112,6112,6112,6112,6112,6112,6112,6112,6112,6112,6112,6112,6112,6112,6112,6112,6112,6112,6112,6112,6112,6112,6112,6112,6112,6112,6112,6112,6112,6112,6112,6112,6112,6112,6112,6112,6112,6112,6112,6112,6112,6112,6112,6112,6112,6112,6112,6112,6112,6112,6112,6112,6112,6112,6112,6112,6112,6112,6128,6128,6128,6128,6128,6128,6128,6128,6128,6128,6128,6128,6128,6128,6128,6128,6128,6128,6128,6128,6128,6128,6128,6128,6128,6128,6128,6128,6128,6128,6128,6128,6128,6128,6128,6128,6128,6128,6128,6128,6128,6128,6128,6128,6128,6128,6128,6128,6128,6128,6128,6128,6128,6128,6128,6128,6128,6128,6128,6128,6128,6128,6128,6128,6128,6128,6112,6112,6112,6112,6112,6112,6112,6112,6112,6112,6112,6112,6112,6112,6112,6112,6112,6112,6112,6112,6112,6112,6112,6112,6112,6112,6112,6112,6112,6112,6112,6112,6112,6112,6112,6112,6112,6112,6112,6112,6112,6112,6112,6112,6112,6112,6112,6112,6112,6112,6112,6112,6112,6112,6112,6112,6112,6112,6112,6112,6112,6112,6112,6120,6120,6120,6120,6120,6120,6120,6120,6120,6120,6120,6120,6120,6120,6120,6120,6120,6120,6120,6120,6120,6120,6120,6120,6120,6120,6120,6120,6120,6120,6120,6120,6120,6120,6120,6120,6120,6120,6120,6120,6120,6120,6120,6120,6120,6120,6120,6120,6120,6120,6120,6120,6120,6120,6120,6120,6120,6120,6120,6120,6120,6120,6120,6120,6120,6112,6112,6112,6112,6112,6112,6112,6112,6112,6112,6112,6112,6112,6112,6112,6112,6112,6112,6112,6112,6112,6112,6112,6112,6112,6112,6112,6112,6112,6112,6112,6112,6112,6112,6112,6112,6112,6112,6112,6112,6112,6112,6112,6112,6112,6112,6112,6112,6112,6112,6112,6112,6112,6112,6112,6112,6112,6112,6112,6112,6112,6112,6112,6112,6112,6112,6112,6112,6112,6112,6112,6112,6112,6112,6112,6112,6112,6112,6112,6112,6112,6112,6112,6112,6112,6112,6112,6112,6112,6112,6112,6112,6112,6112,6112,6112,6112,6112,6112,6112,6112,6112,6112,6112,6112,6112,6112,6112,6112,6112,6112,6112,6112,6112,6112,6112,6112,6112,6112,6112,6112,6112,6112,6112,6112,6112,6112,6112,6112,6112,6112,6112,6112,6112,6112,6112,6112,6112,6112,6112,6112,6112,6112,6112,6112,6112,6112,6112,6112,6112,6112,6112,6112,6112,6112,6112,6112,6112,6112,6112,6112,6112,6112,6112,6112,6112,6112,6112,6112,6112,6112,6112,6112,6112,6112,6112,6112,6112,6112,6112,6112,6112,6112,6112,6112,6112,6112,6112,6112,6112,6112,6112,6120,6120,6120,6120,6120,6120,6120,6120,6120,6120,6120,6120,6120,6120,6120,6120,6120,6120,6120,6120,6120,6120,6120,6120,6120,6120,6120,6120,6120,6120,6120,6120,6120,6120,6120,6120,6120,6120,6120,6120,6120,6120,6120,6120,6120,6120,6120,6120,6120,6120,6120,6120,6120,6120,6120,6120,6120
0,0,0,0,0,0,0,0,0,0,0,0,0,0,0,0,0,0,0,0,0,0,0,0,0,0,0,0,0,0,0,0,0,6128,6128,6128,6128,6128,6128,6128,6128,6128,6128,6128,6128,6128,6128,6128,6128,6128,6128,6128,6128,6128,6128,6128,6128,6128,6128,6128,6128,6128,6128,6128,6128,6128,6128,6128,6128,6128,6128,6128,6128,6128,6128,6128,6128,6128,6128,6128,6128,6128,6128,6128,6128,6128,6128,6128,6128,6128,6128,6128,6128,6128,6128,6128,6128,6128,6128,6112,6112,6112,6112,6112,6112,6112,6112,6112,6112,6112,6112,6112,6112,6112,6112,6112,6112,6112,6112,6112,6112,6112,6112,6112,6112,6112,6112,6112,6112,6112,6112,6112,6112,6112,6112,6112,6112,6112,6112,6112,6112,6112,6112,6112,6112,6112,6112,6112,6112,6112,6112,6112,6112,6112,6112,6112,6112,6112,6112,6112,6112,6112,6112,6128,6128,6128,6128,6128,6128,6128,6128,6128,6128,6128,6128,6128,6128,6128,6128,6128,6128,6128,6128,6128,6128,6128,6128,6128,6128,6128,6128,6128,6128,6128,6128,6128,6128,6128,6128,6128,6128,6128,6128,6128,6128,6128,6128,6128,6128,6128,6128,6128,6128,6128,6128,6128,6128,6128,6128,6128,6128,6128,6128,6128,6128,6128,6128,6120,6120,6120,6120,6120,6120,6120,6120,6120,6120,6120,6120,6120,6120,6120,6120,6120,6120,6120,6120,6120,6120,6120,6120,6120,6120,6120,6120,6120,6120,6120,6120,6120,6120,6120,6120,6120,6120,6120,6120,6120,6120,6120,6120,6120,6120,6120,6120,6120,6120,6120,6120,6120,6120,6120,6120,6120,6120,6120,6120,6120,6120,6120,6120,6120,6136,6136,6136,6136,6136,6136,6136,6136,6136,6136,6136,6136,6136,6136,6136,6136,6136,6136,6136,6136,6136,6136,6136,6136,6136,6136,6136,6136,6136,6136,6136,6136,6136,6136,6136,6136,6136,6136,6136,6136,6136,6136,6136,6136,6136,6136,6136,6136,6136,6136,6136,6136,6136,6136,6136,6136,6136,6136,6136,6136,6136,6136,6112,6112,6112,6112,6112,6112,6112,6112,6112,6112,6112,6112,6112,6112,6112,6112,6112,6112,6112,6112,6112,6112,6112,6112,6112,6112,6112,6112,6112,6112,6112,6112,6112,6112,6112,6112,6112,6112,6112,6112,6112,6112,6112,6112,6112,6112,6112,6112,6112,6112,6112,6112,6112,6112,6112,6112,6112,6112,6112,6112,6112,6112,6112,6112,6112,6112,6136,6136,6136,6136,6136,6136,6136,6136,6136,6136,6136,6136,6136,6136,6136,6136,6136,6136,6136,6136,6136,6136,6136,6136,6136,6136,6136,6136,6136,6136,6136,6136,6136,6136,6136,6136,6136,6136,6136,6136,6136,6136,6136,6136,6136,6136,6136,6136,6136,6136,6136,6136,6136,6136,6136,6136,6136,6136,6136,6136,6136,6136,6136,6136,6136,6120,6120,6120,6120,6120,6120,6120,6120,6120,6120,6120,6120,6120,6120,6120,6120,6120,6120,6120,6120,6120,6120,6120,6120,6120,6120,6120,6120,6120,6120,6120,6120,6120,6120,6120,6120,6120,6120,6120,6120,6120,6120,6120,6120,6120,6120,6120,6120,6120,6120,6120,6120,6120,6120,6120,6120,6120,6120,6120,6120,6120,6120,6120,6120,6120,6120,6120,6120,6120,6120,6120,6120,6120,6120,6120,6120,6120,6120,6120,6120,6120,6120,6120,6120,6120,6120,6120,6120,6120,6120,6120,6120,6120,6120,6120,6120,6120,6120,6120,6120,6120,6120,6120,6120,6120,6120,6120,6120,6120,6120,6120,6120,6120,6120,6120,6120,6120,6120,6120,6120,6120,6120,6120,6120,6120,6120,6120,6120,6120,6128,6128,6128,6128,6128,6128,6128,6128,6128,6128,6128,6128,6128,6128,6128,6128,6128,6128,6128,6128,6128,6128,6128,6128,6128,6128
0,0,0,6128,6128,6128,6128,6128,6128,6128,6128,6128,6128,6128,6128,6128,6128,6128,6128,6128,6128,6128,6128,6128,6128,6128,6128,6128,6128,6128,6128,6128,6128,6128,6128,6128,6128,6128,6128,6128,6128,6128,6128,6128,6128,6128,6128,6128,6128,6128,6128,6128,6128,6128,6128,6128,6128,6128,6128,6128,6128,6128,6128,6128,6128,6128,6128,6136,6136,6136,6136,6136,6136,6136,6136,6136,6136,6136,6136,6136,6136,6136,6136,6136,6136,6136,6136,6136,6136,6136,6136,6136,6136,6136,6136,6136,6136,6136,6136,6136,6136,6136,6136,6136,6136,6136,6136,6136,6136,6136,6136,6136,6136,6136,6136,6136,6136,6136,6136,6136,6136,6136,6136,6136,6136,6136,6136,6136,6136,6136,6136,6136,6136,6112,6112,6112,6112,6112,6112,6112,6112,6112,6112,6112,6112,6112,6112,6112,6112,6112,6112,6112,6112,6112,6112,6112,6112,6112,6112,6112,6112,6112,6112,6112,6112,6112,6112,6112,6112,6112,6112,6112,6112,6112,6112,6112,6112,6112,6112,6112,6112,6112,6112,6112,6112,6112,6112,6112,6112,6112,6112,6112,6112,6112,6112,6112,6112,6136,6136,6136,6136,6136,6136,6136,6136,6136,6136,6136,6136,6136,6136,6136,6136,6136,6136,6136,6136,6136,6136,6136,6136,6136,6136,6136,6136,6136,6136,6136,6136,6136,6136,6136,6136,6136,6136,6136,6136,6136,6136,6136,6136,6136,6136,6136,6136,6136,6136,6136,6136,6136,6136,6136,6136,6136,6136,6136,6136,6136,6136,6136,6136,6136,6136,6136,6136,6136,6136,6136,6136,6136,6136,6136,6136,6136,6136,6136,6136,6136,6136,6136,6136,6136,6136,6136,6136,6136,6136,6136,6136,6136,6136,6136,6136,6136,6136,6136,6136,6136,6136,6136,6136,6136,6136,6136,6136,6136,6136,6136,6136,6136,6136,6136,6136,6136,6136,6136,6136,6136,6136,6136,6136,6136,6136,6136,6136,6136,6112,6112,6112,6112,6112,6112,6112,6112,6112,6112,6112,6112,6112,6112,6112,6112,6112,6112,6112,6112,6112,6112,6112,6112,6112,6112,6112,6112,6112,6112,6112,6112,6112,6112,6112,6112,6112,6112,6112,6112,6112,6112,6112,6112,6112,6112,6112,6112,6112,6112,6112,6112,6112,6112,6112,6112,6112,6112,6112,6112,6112,6112,6112,6112,6136,6136,6136,6136,6136,6136,6136,6136,6136,6136,6136,6136,6136,6136,6136,6136,6136,6136,6136,6136,6136,6136,6136,6136,6136,6136,6136,6136,6136,6136,6136,6136,6136,6136,6136,6136,6136,6136,6136,6136,6136,6136,6136,6136,6136,6136,6136,6136,6136,6136,6136,6136,6136,6136,6136,6136,6136,6136,6136,6136,6136,6136,6136,6136,6136,6120,6120,6120,6120,6120,6120,6120,6120,6120,6120,6120,6120,6120,6120,6120,6120,6120,6120,6120,6120,6120,6120,6120,6120,6120,6120,6120,6120,6120,6120,6120,6120,6120,6120,6120,6120,6120,6120,6120,6120,6120,6120,6120,6120,6120,6120,6120,6120,6120,6120,6120,6120,6120,6120,6120,6120,6120,6120,6120,6120,6120,6120,6136,6136,6136,6136,6136,6136,6136,6136,6136,6136,6136,6136,6136,6136,6136,6136,6136,6136,6136,6136,6136,6136,6136,6136,6136,6136,6136,6136,6136,6136,6136,6136,6136,6136,6136,6136,6136,6136,6136,6136,6136,6136,6136,6136,6136,6136,6136,6136,6136,6136,6136,6136,6136,6136,6136,6136,6136,6136,6136,6136,6136,6136,6136,6136,6136,6136,6136,6128,6128,6128,6128,6128,6128,6128,6128,6128,6128,6128,6128,6128,6128,6128,6128,6128,6128,6128,6128,6128,6128,6128,6128,6128,6128,6128,6128,6128,6128,6128,6128,6128,6128,6128,6128,6128,6128,6128,6128,6128,6128,6128,6128,6128,6128,6128,6128,6128,6128,6128,6128,6128,6128,6128,6128
6120,6120,6120,6120,6120,6120,6120,6120,6120,6120,6120,6120,6120,6120,6120,6120,6120,6120,6120,6120,6120,6120,6120,6120,6120,6120,6120,6120,6120,6120,6120,6120,6120,6112,6112,6112,6112,6112,6112,6112,6112,6112,6112,6112,6112,6112,6112,6112,6112,6112,6112,6112,6112,6112,6112,6112,6112,6112,6112,6112,6112,6112,6112,6112,6112,6112,6112,6112,6112,6112,6112,6112,6112,6112,6112,6112,6112,6112,6112,6112,6112,6112,6112,6112,6112,6112,6112,6112,6112,6112,6112,6112,6112,6112,6112,6112,6120,6120,6120,6120,6120,6120,6120,6120,6120,6120,6120,6120,6120,6120,6120,6120,6120,6120,6120,6120,6120,6120,6120,6120,6120,6120,6120,6120,6120,6120,6120,6120,6120,6120,6120,6120,6120,6120,6120,6120,6120,6120,6120,6120,6120,6120,6120,6120,6120,6120,6120,6120,6120,6120,6120,6120,6120,6120,6120,6120,6120,6120,6120,6120,6120,6120,6120,6120,6120,6120,6120,6120,6120,6120,6120,6120,6120,6120,6120,6120,6120,6120,6120,6120,6120,6120,6120,6120,6120,6120,6120,6120,6120,6120,6120,6120,6120,6120,6120,6120,6120,6120,6120,6120,6120,6120,6120,6120,6120,6120,6120,6120,6120,6120,6120,6120,6120,6120,6120,6120,6120,6120,6120,6120,6120,6120,6120,6120,6120,6128,6128,6128,6128,6128,6128,6128,6128,6128,6128,6128,6128,6128,6128,6128,6128,6128,6128,6128,6128,6128,6128,6128,6128,6128,6128,6128,6128,6128,6128,6128,6128,6128,6128,6128,6128,6128,6128,6128,6128,6128,6128,6128,6128,6128,6128,6128,6128,6128,6128,6128,6128,6128,6128,6128,6128,6128,6128,6128,6128,6128,6128,6128,6128,6128,6128,6128,6128,6128,6128,6128,6128,6128,6128,6128,6128,6128,6128,6128,6128,6128,6128,6128,6128,6128,6128,6128,6128,6128,6128,6128,6128,6128,6128,6128,6128,6128,6128,6128,6128,6128,6128,6128,6128,6128,6128,6128,6128,6128,6128,6128,6128,6128,6128,6128,6128,6128,6128,6128,6128,6128,6128,6128,6128,6128,6128,6128,6128,6128,6128,6120,6120,6120,6120,6120,6120,6120,6120,6120,6120,6120,6120,6120,6120,6120,6120,6120,6120,6120,6120,6120,6120,6120,6120,6120,6120,6120,6120,6120,6120,6120,6120,6120,6120,6120,6120,6120,6120,6120,6120,6120,6120,6120,6120,6120,6120,6120,6120,6120,6120,6120,6120,6120,6120,6120,6120,6120,6120,6120,6120,6120,6120,6120,6120,6120,6120,6120,6120,6120,6120,6120,6120,6120,6120,6120,6120,6120,6120,6120,6120,6120,6120,6120,6120,6120,6120,6120,6120,6120,6120,6120,6120,6120,6120,6120,6120,6120,6120,6120,6120,6120,6120,6120,6120,6120,6120,6120,6120,6120,6120,6120,6120,6120,6120,6120,6120,6120,6120,6120,6120,6120,6120,6120,6120,6120,6120,6120,6112,6112,6112,6112,6112,6112,6112,6112,6112,6112,6112,6112,6112,6112,6112,6112,6112,6112,6112,6112,6112,6112,6112,6112,6112,6112,6112,6112,6112,6112,6112,6112,6112,6112,6112,6112,6112,6112,6112,6112,6112,6112,6112,6112,6112,6112,6112,6112,6112,6112,6112,6112,6112,6112,6112,6112,6112,6112,6112,6112,6112,6112,6112,6112,6112,6112,6112,6128,6128,6128,6128,6128,6128,6128,6128,6128,6128,6128,6128,6128,6128,6128,6128,6128,6128,6128,6128,6128,6128,6128,6128,6128,6128,6128,6128,6128,6128,6128,6128,6128,6128,6128,6128,6128,6128,6128,6128,6128,6128,6128,6128,6128,6128,6128,6128,6128,6128,6128,6128,6128,6128,6128,6128,6128,6128,6128,6128,6128,6128,6128,6128,6128,6128,6128,6128,6128,6128,6128,6128,6128,6128,6128,6128,6128,6128,6128,6128,6128,6128,6128,6128,6128,6128,6128,6128,6128,6128,6128
0,0,0,0,0,0,0,0,0,0,0,0,0,0,0,0,0,0,0,0,0,0,0,0,0,0,0,0,0,0,0,0,0,0,0,0,0,0,0,0,0,0,0,0,0,0,0,0,0,0,0,0,0,0,0,0,0,0,0,0,0,0,6128,6128,6128,6128,6128,6128,6128,6128,6128,6128,6128,6128,6128,6128,6128,6128,6128,6128,6128,6128,6128,6128,6128,6128,6128,6128,6128,6128,6128,6128,6128,6128,6128,6128,6128,6128,6128,6128,6128,6128,6128,6128,6128,6128,6128,6128,6128,6128,6128,6128,6128,6128,6128,6128,6128,6128,6128,6128,6128,6128,6128,6128,6128,6128,6128,6120,6120,6120,6120,6120,6120,6120,6120,6120,6120,6120,6120,6120,6120,6120,6120,6120,6120,6120,6120,6120,6120,6120,6120,6120,6120,6120,6120,6120,6120,6120,6120,6120,6120,6120,6120,6120,6120,6120,6120,6120,6120,6120,6120,6120,6120,6120,6120,6120,6120,6120,6120,6120,6120,6120,6120,6120,6120,6120,6120,6120,6120,6120,6120,6120,6120,6120,6120,6120,6120,6120,6120,6120,6120,6120,6120,6120,6120,6120,6120,6120,6120,6120,6120,6120,6120,6120,6120,6120,6120,6120,6120,6120,6120,6120,6120,6120,6120,6120,6120,6120,6120,6120,6120,6120,6120,6120,6120,6120,6120,6120,6120,6120,6120,6120,6120,6120,6120,6120,6120,6120,6120,6120,6120,6120,6120,6120,6120,6120,6120,6120,6120,6120,6120,6120,6120,6120,6120,6120,6120,6120,6120,6120,6120,6120,6120,6120,6120,6120,6120,6120,6120,6120,6120,6120,6120,6120,6120,6120,6120,6120,6120,6120,6120,6120,6120,6120,6120,6120,6120,6120,6120,6120,6120,6120,6120,6120,6120,6120,6120,6120,6120,6120,6120,6120,6120,6120,6120,6120,6120,6120,6120,6120,6120,6120,6120,6120,6120,6120,6120,6120,6120,6120,6120,6120,6120,6120,6120,6120,6120,6120,6120,6120,6120,6120,6120,6120,6120,6120,6120,6120,6120,6120,6120,6120,6120,6120,6120,6120,6120,6120,6120,6120,6120,6120,6120,6120,6120,6120,6120,6120,6120,6120,6120,6120,6120,6120,6120,6120,6120,6120,6120,6120,6120,6120,6120,6120,6120,6112,6112,6112,6112,6112,6112,6112,6112,6112,6112,6112,6112,6112,6112,6112,6112,6112,6112,6112,6112,6112,6112,6112,6112,6112,6112,6112,6112,6112,6112,6112,6112,6112,6112,6112,6112,6112,6112,6112,6112,6112,6112,6112,6112,6112,6112,6112,6112,6112,6112,6112,6112,6112,6112,6112,6112,6112,6112,6112,6112,6112,6112,6112,6128,6128,6128,6128,6128,6128,6128,6128,6128,6128,6128,6128,6128,6128,6128,6128,6128,6128,6128,6128,6128,6128,6128,6128,6128,6128,6128,6128,6128,6128,6128,6128,6128,6128,6128,6128,6128,6128,6128,6128,6128,6128,6128,6128,6128,6128,6128,6128,6128,6128,6128,6128,6128,6128,6128,6128,6128,6128,6128,6128,6128,6128,6128,6128,6128,6128,6120,6120,6120,6120,6120,6120,6120,6120,6120,6120,6120,6120,6120,6120,6120,6120,6120,6120,6120,6120,6120,6120,6120,6120,6120,6120,6120,6120,6120,6120,6120,6120,6120,6120,6120,6120,6120,6120,6120,6120,6120,6120,6120,6120,6120,6120,6120,6120,6120,6120,6120,6120,6120,6120,6120,6120,6120,6120,6120,6120,6120,6120,6120,6128,6128,6128,6128,6128,6128,6128,6128,6128,6128,6128,6128,6128,6128,6128,6128,6128,6128,6128,6128,6128,6128,6128,6128,6128,6128,6128,6128,6128,6128,6128,6128,6128,6128,6128,6128,6128,6128,6128,6128,6128,6128,6128,6128,6128,6128,6128,6128,6128,6128,6128,6128,6128,6128,6128,6128,6128,6128,6128,6128,6128,6128,6128
0,0,0,0,0,0,0,0,0,0,0,0,0,0,0,0,0,0,0,0,0,0,0,0,0,0,0,0,0,0,0,0,0,0,0,0,0,0,0,0,0,0,0,0,0,0,0,0,0,0,0,0,0,0,0,0,0,0,0,5864,5864,5864,5864,5864,5864,5864,5864,5864,5864,5864,5864,5864,5864,5864,5864,5864,5864,5864,5864,5864,5864,5864,5864,5864,5864,5864,5864,5864,5864,5864,5864,5864,5864,5864,5864,5864,5864,5864,5864,5864,5864,5864,5864,5864,5864,5864,5864,5864,5864,5864,5864,5864,5864,5864,5864,5864,5864,5864,5864,5864,5864,5864,5864,5608,5608,5608,5608,5608,5608,5608,5608,5608,5608,5608,5608,5608,5608,5608,5608,5608,5608,5608,5608,5608,5608,5608,5608,5608,5608,5608,5608,5608,5608,5608,5608,5608,5608,5608,5608,5608,5608,5608,5608,5608,5608,5608,5608,5608,5608,5608,5608,5608,5608,5608,5608,5608,5608,5608,5608,5608,5608,5608,5608,5608,5608,5608,5608,5608,5912,5912,5912,5912,5912,5912,5912,5912,5912,5912,5912,5912,5912,5912,5912,5912,5912,5912,5912,5912,5912,5912,5912,5912,5912,5912,5912,5912,5912,5912,5912,5912,5912,5912,5912,5912,5912,5912,5912,5912,5912,5912,5912,5912,5912,5912,5912,5912,5912,5912,5912,5912,5912,5912,5912,5912,5912,5912,5912,5912,5912,5912,5912,5912,5912,5912,6008,6008,6008,6008,6008,6008,6008,6008,6008,6008,6008,6008,6008,6008,6008,6008,6008,6008,6008,6008,6008,6008,6008,6008,6008,6008,6008,6008,6008,6008,6008,6008,6008,6008,6008,6008,6008,6008,6008,6008,6008,6008,6008,6008,6008,6008,6008,6008,6008,6008,6008,6008,6008,6008,6008,6008,6008,6008,6008,6008,6008,6008,6008,5784,5784,5784,5784,5784,5784,5784,5784,5784,5784,5784,5784,5784,5784,5784,5784,5784,5784,5784,5784,5784,5784,5784,5784,5784,5784,5784,5784,5784,5784,5784,5784,5784,5784,5784,5784,5784,5784,5784,5784,5784,5784,5784,5784,5784,5784,5784,5784,5784,5784,5784,5784,5784,5784,5784,5784,5784,5784,5784,5784,5784,5784,5784,5784,5784,6352,6352,6352,6352,6352,6352,6352,6352,6352,6352,6352,6352,6352,6352,6352,6352,6352,6352,6352,6352,6352,6352,6352,6352,6352,6352,6352,6352,6352,6352,6352,6352,6352,6352,6352,6352,6352,6352,6352,6352,6352,6352,6352,6352,6352,6352,6352,6352,6352,6352,6352,6352,6352,6352,6352,6352,6352,6352,6352,6352,6352,6352,6352,6352,6352,6352,6352,6352,6352,6352,6352,6352,6352,6352,6352,6352,6352,6352,6352,6352,6352,6352,6352,6352,6352,6352,6352,6352,6352,6352,6352,6352,6352,6352,6352,6352,6352,6352,6352,6352,6352,6352,6352,6352,6352,6352,6352,6352,6352,6352,6352,6352,6352,6352,6352,6352,6352,6352,6352,6352,6352,6352,6352,6352,6352,6352,6352,6352,6352,5744,5744,5744,5744,5744,5744,5744,5744,5744,5744,5744,5744,5744,5744,5744,5744,5744,5744,5744,5744,5744,5744,5744,5744,5744,5744,5744,5744,5744,5744,5744,5744,5744,5744,5744,5744,5744,5744,5744,5744,5744,5744,5744,5744,5744,5744,5744,5744,5744,5744,5744,5744,5744,5744,5744,5744,5744,5744,5744,5744,5744,5744,5744,5744,5952,5952,5952,5952,5952,5952,5952,5952,5952,5952,5952,5952,5952,5952,5952,5952,5952,5952,5952,5952,5952,5952,5952,5952,5952,5952,5952,5952,5952,5952,5952,5952,5952,5952,5952,5952,5952,5952,5952,5952,5952,5952,5952,5952,5952,5952,5952,5952,5952,5952,5952,5952,5952,5952,5952,5952,5952,5952,5952,5952,5952,5952,5952,5952,5952
0,0,0,0,0,0,0,0,0,0,0,0,0,0,0,0,0,0,0,0,0,0,0,0,0,0,0,0,0,0,0,0,0,0,0,0,6080,6080,6080,6080,6080,6080,6080,6080,6080,6080,6080,6080,6080,6080,6080,6080,6080,6080,6080,6080,6080,6080,6080,6080,6080,6080,6080,6080,6080,6080,6080,6080,6080,6080,6080,6080,6080,6080,6080,6080,6080,6080,6080,6080,6080,6080,6080,6080,6080,6080,6080,6080,6080,6080,6080,6080,6080,6080,6080,6080,6080,6080,6080,6080,6400,6400,6400,6400,6400,6400,6400,6400,6400,6400,6400,6400,6400,6400,6400,6400,6400,6400,6400,6400,6400,6400,6400,6400,6400,6400,6400,6400,6400,6400,6400,6400,6400,6400,6400,6400,6400,6400,6400,6400,6400,6400,6400,6400,6400,6400,6400,6400,6400,6400,6400,6400,6400,6400,6400,6400,6400,6400,6400,6400,6400,6400,6400,6400,6400,5680,5680,5680,5680,5680,5680,5680,5680,5680,5680,5680,5680,5680,5680,5680,5680,5680,5680,5680,5680,5680,5680,5680,5680,5680,5680,5680,5680,5680,5680,5680,5680,5680,5680,5680,5680,5680,5680,5680,5680,5680,5680,5680,5680,5680,5680,5680,5680,5680,5680,5680,5680,5680,5680,5680,5680,5680,5680,5680,5680,5680,5680,5680,5680,5680,5680,5680,5680,5680,5680,5680,5680,5680,5680,5680,5680,5680,5680,5680,5680,5680,5680,5680,5680,5680,5680,5680,5680,5680,5680,5680,5680,5680,5680,5680,5680,5680,5680,5680,5680,5680,5680,5680,5680,5680,5680,5680,5680,5680,5680,5680,5680,5680,5680,5680,5680,5680,5680,5680,5680,5680,5680,5680,5680,5680,5680,5680,5680,5728,5728,5728,5728,5728,5728,5728,5728,5728,5728,5728,5728,5728,5728,5728,5728,5728,5728,5728,5728,5728,5728,5728,5728,5728,5728,5728,5728,5728,5728,5728,5728,5728,5728,5728,5728,5728,5728,5728,5728,5728,5728,5728,5728,5728,5728,5728,5728,5728,5728,5728,5728,5728,5728,5728,5728,5728,5728,5728,5728,5728,5728,5728,5728,5728,5808,5808,5808,5808,5808,5808,5808,5808,5808,5808,5808,5808,5808,5808,5808,5808,5808,5808,5808,5808,5808,5808,5808,5808,5808,5808,5808,5808,5808,5808,5808,5808,5808,5808,5808,5808,5808,5808,5808,5808,5808,5808,5808,5808,5808,5808,5808,5808,5808,5808,5808,5808,5808,5808,5808,5808,5808,5808,5808,5808,5808,5808,5808,5808,5640,5640,5640,5640,5640,5640,5640,5640,5640,5640,5640,5640,5640,5640,5640,5640,5640,5640,5640,5640,5640,5640,5640,5640,5640,5640,5640,5640,5640,5640,5640,5640,5640,5640,5640,5640,5640,5640,5640,5640,5640,5640,5640,5640,5640,5640,5640,5640,5640,5640,5640,5640,5640,5640,5640,5640,5640,5640,5640,5640,5640,5640,5640,5640,5640,5752,5752,5752,5752,5752,5752,5752,5752,5752,5752,5752,5752,5752,5752,5752,5752,5752,5752,5752,5752,5752,5752,5752,5752,5752,5752,5752,5752,5752,5752,5752,5752,5752,5752,5752,5752,5752,5752,5752,5752,5752,5752,5752,5752,5752,5752,5752,5752,5752,5752,5752,5752,5752,5752,5752,5752,5752,5752,5752,5752,5752,5752,5752,5752,5752,5752,5752,5752,5752,5752,5752,5752,5752,5752,5752,5752,5752,5752,5752,5752,5752,5752,5752,5752,5752,5752,5752,5752,5752,5752,5752,5752,5752,5752,5752,5752,5752,5752,5752,5752,5752,5752,5752,5752,5752,5752,5752,5752,5752,5752,5752,5752,5752,5752,5752,5752,5752,5752,5752,5752,5752,5752,5752,5752,5752,5752,5752,5752,5752,5752,5832,5832,5832,5832,5832,5832,5832,5832,5832,5832,5832,5832,5832,5832,5832,5832,5832,5832,5832,5832,5832,5832,5832
0,0,0,0,0,0,0,0,0,0,0,0,0,0,0,0,0,0,0,0,0,0,0,0,0,0,0,0,0,0,0,0,0,0,0,0,0,0,0,0,0,0,0,0,0,0,0,0,0,0,0,0,0,0,0,0,0,0,0,0,0,0,0,0,6232,6232,6232,6232,6232,6232,6232,6232,6232,6232,6232,6232,6232,6232,6232,6232,6232,6232,6232,6232,6232,6232,6232,6232,6232,6232,6232,6232,6232,6232,6232,6232,6232,6232,6232,6232,6232,6232,6232,6232,6232,6232,6232,6232,6232,6232,6232,6232,6232,6232,6232,6232,6232,6232,6232,6232,6232,6232,6232,6232,6232,6232,6232,6232,6232,6240,6240,6240,6240,6240,6240,6240,6240,6240,6240,6240,6240,6240,6240,6240,6240,6240,6240,6240,6240,6240,6240,6240,6240,6240,6240,6240,6240,6240,6240,6240,6240,6240,6240,6240,6240,6240,6240,6240,6240,6240,6240,6240,6240,6240,6240,6240,6240,6240,6240,6240,6240,6240,6240,6240,6240,6240,6240,6240,6240,6240,6240,6240,6240,5960,5960,5960,5960,5960,5960,5960,5960,5960,5960,5960,5960,5960,5960,5960,5960,5960,5960,5960,5960,5960,5960,5960,5960,5960,5960,5960,5960,5960,5960,5960,5960,5960,5960,5960,5960,5960,5960,5960,5960,5960,5960,5960,5960,5960,5960,5960,5960,5960,5960,5960,5960,5960,5960,5960,5960,5960,5960,5960,5960,5960,5960,5960,5960,5856,5856,5856,5856,5856,5856,5856,5856,5856,5856,5856,5856,5856,5856,5856,5856,5856,5856,5856,5856,5856,5856,5856,5856,5856,5856,5856,5856,5856,5856,5856,5856,5856,5856,5856,5856,5856,5856,5856,5856,5856,5856,5856,5856,5856,5856,5856,5856,5856,5856,5856,5856,5856,5856,5856,5856,5856,5856,5856,5856,5856,5856,5856,5856,5856,6016,6016,6016,6016,6016,6016,6016,6016,6016,6016,6016,6016,6016,6016,6016,6016,6016,6016,6016,6016,6016,6016,6016,6016,6016,6016,6016,6016,6016,6016,6016,6016,6016,6016,6016,6016,6016,6016,6016,6016,6016,6016,6016,6016,6016,6016,6016,6016,6016,6016,6016,6016,6016,6016,6016,6016,6016,6016,6016,6016,6016,6016,6016,6016,5800,5800,5800,5800,5800,5800,5800,5800,5800,5800,5800,5800,5800,5800,5800,5800,5800,5800,5800,5800,5800,5800,5800,5800,5800,5800,5800,5800,5800,5800,5800,5800,5800,5800,5800,5800,5800,5800,5800,5800,5800,5800,5800,5800,5800,5800,5800,5800,5800,5800,5800,5800,5800,5800,5800,5800,5800,5800,5800,5800,5800,5800,5800,6032,6032,6032,6032,6032,6032,6032,6032,6032,6032,6032,6032,6032,6032,6032,6032,6032,6032,6032,6032,6032,6032,6032,6032,6032,6032,6032,6032,6032,6032,6032,6032,6032,6032,6032,6032,6032,6032,6032,6032,6032,6032,6032,6032,6032,6032,6032,6032,6032,6032,6032,6032,6032,6032,6032,6032,6032,6032,6032,6032,6032,6032,6032,6032,6032,6032,6176,6176,6176,6176,6176,6176,6176,6176,6176,6176,6176,6176,6176,6176,6176,6176,6176,6176,6176,6176,6176,6176,6176,6176,6176,6176,6176,6176,6176,6176,6176,6176,6176,6176,6176,6176,6176,6176,6176,6176,6176,6176,6176,6176,6176,6176,6176,6176,6176,6176,6176,6176,6176,6176,6176,6176,6176,6176,6176,6176,6176,6176,6176,6176,6176,6176,6104,6104,6104,6104,6104,6104,6104,6104,6104,6104,6104,6104,6104,6104,6104,6104,6104,6104,6104,6104,6104,6104,6104,6104,6104,6104,6104,6104,6104,6104,6104,6104,6104,6104,6104,6104,6104,6104,6104,6104,6104,6104,6104,6104,6104,6104,6104,6104,6104,6104,6104,6104,6104,6104,6104,6104,6104,6104,6104
6152,6152,6152,6152,6152,6152,6152,6152,6152,6152,6152,6152,6152,6152,6152,6152,6152,6152,6152,6152,6152,6152,6152,6152,6152,6152,6152,6152,6152,6152,6152,6152,6088,6088,6088,6088,6088,6088,6088,6088,6088,6088,6088,6088,6088,6088,6088,6088,6088,6088,6088,6088,6088,6088,6088,6088,6088,6088,6088,6088,6088,6088,6088,6088,6088,6088,6088,6088,6088,6088,6088,6088,6088,6088,6088,6088,6088,6088,6088,6088,6088,6088,6088,6088,6088,6088,6088,6088,6088,6088,6088,6088,6088,6088,6088,6112,6112,6112,6112,6112,6112,6112,6112,6112,6112,6112,6112,6112,6112,6112,6112,6112,6112,6112,6112,6112,6112,6112,6112,6112,6112,6112,6112,6112,6112,6112,6112,6112,6112,6112,6112,6112,6112,6112,6112,6112,6112,6112,6112,6112,6112,6112,6112,6112,6112,6112,6112,6112,6112,6112,6112,6112,6112,6112,6112,6112,5952,5952,5952,5952,5952,5952,5952,5952,5952,5952,5952,5952,5952,5952,5952,5952,5952,5952,5952,5952,5952,5952,5952,5952,5952,5952,5952,5952,5952,5952,5952,5952,5952,5952,5952,5952,5952,5952,5952,5952,5952,5952,5952,5952,5952,5952,5952,5952,5952,5952,5952,5952,5952,5952,5952,5952,5952,5952,5952,5952,5952,5952,5952,5952,5952,5952,5952,5952,5928,5928,5928,5928,5928,5928,5928,5928,5928,5928,5928,5928,5928,5928,5928,5928,5928,5928,5928,5928,5928,5928,5928,5928,5928,5928,5928,5928,5928,5928,5928,5928,5928,5928,5928,5928,5928,5928,5928,5928,5928,5928,5928,5928,5928,5928,5928,5928,5928,5928,5928,5928,5928,5928,5928,5928,5928,5928,5928,5928,5928,5928,5928,5928,5928,5944,5944,5944,5944,5944,5944,5944,5944,5944,5944,5944,5944,5944,5944,5944,5944,5944,5944,5944,5944,5944,5944,5944,5944,5944,5944,5944,5944,5944,5944,5944,5944,5944,5944,5944,5944,5944,5944,5944,5944,5944,5944,5944,5944,5944,5944,5944,5944,5944,5944,5944,5944,5944,5944,5944,5944,5944,5944,5944,5944,5944,5944,5944,5944,6032,6032,6032,6032,6032,6032,6032,6032,6032,6032,6032,6032,6032,6032,6032,6032,6032,6032,6032,6032,6032,6032,6032,6032,6032,6032,6032,6032,6032,6032,6032,6032,6032,6032,6032,6032,6032,6032,6032,6032,6032,6032,6032,6032,6032,6032,6032,6032,6032,6032,6032,6032,6032,6032,6032,6032,6032,6032,6032,6032,6032,6032,6032,6032,6032,6032,5776,5776,5776,5776,5776,5776,5776,5776,5776,5776,5776,5776,5776,5776,5776,5776,5776,5776,5776,5776,5776,5776,5776,5776,5776,5776,5776,5776,5776,5776,5776,5776,5776,5776,5776,5776,5776,5776,5776,5776,5776,5776,5776,5776,5776,5776,5776,5776,5776,5776,5776,5776,5776,5776,5776,5776,5776,5776,5776,5776,5776,5776,5776,5760,5760,5760,5760,5760,5760,5760,5760,5760,5760,5760,5760,5760,5760,5760,5760,5760,5760,5760,5760,5760,5760,5760,5760,5760,5760,5760,5760,5760,5760,5760,5760,5760,5760,5760,5760,5760,5760,5760,5760,5760,5760,5760,5760,5760,5760,5760,5760,5760,5760,5760,5760,5760,5760,5760,5760,5760,5760,5760,5760,5760,5760,5760,5760,5760,5880,5880,5880,5880,5880,5880,5880,5880,5880,5880,5880,5880,5880,5880,5880,5880,5880,5880,5880,5880,5880,5880,5880,5880,5880,5880,5880,5880,5880,5880,5880,5880,5880,5880,5880,5880,5880,5880,5880,5880,5880,5880,5880,5880,5880,5880,5880,5880,5880,5880,5880,5880,5880,5880,5880,5880,5880,5880,5880,5880,5880,5880,5944,5944,5944,5944,5944,5944,5944,5944,5944,5944,5944,5944,5944,5944,5944,5944,5944,5944,5944,5944,5944,5944,5944,5944,5944,5944,5944,5944,5944,5944,5944
6256,6256,6256,6256,6256,6256,6256,6256,6256,6256,6256,6256,6256,6256,6256,6256,6256,6256,6256,6256,6256,6256,6256,6256,6256,6256,6256,6256,6256,6256,6256,6256,6256,6256,6256,6256,6256,6256,6256,6256,6256,6256,6256,6256,6256,6256,6256,6256,6256,6256,6256,6256,6256,6256,6256,6256,6256,6256,6256,6256,6256,6256,6256,6256,6256,6256,6256,6256,6256,6256,6000,6000,6000,6000,6000,6000,6000,6000,6000,6000,6000,6000,6000,6000,6000,6000,6000,6000,6000,6000,6000,6000,6000,6000,6000,6000,6000,6000,6000,6000,6000,6000,6000,6000,6000,6000,6000,6000,6000,6000,6000,6000,6000,6000,6000,6000,6000,6000,6000,6000,6000,6000,6000,6000,6000,6000,6000,6000,6000,6000,6000,6000,6096,6096,6096,6096,6096,6096,6096,6096,6096,6096,6096,6096,6096,6096,6096,6096,6096,6096,6096,6096,6096,6096,6096,6096,6096,6096,6096,6096,6096,6096,6096,6096,6096,6096,6096,6096,6096,6096,6096,6096,6096,6096,6096,6096,6096,6096,6096,6096,6096,6096,6096,6096,6096,6096,6096,6096,6096,6096,6096,6096,6096,6096,6096,6096,6096,6096,6096,6096,6152,6152,6152,6152,6152,6152,6152,6152,6152,6152,6152,6152,6152,6152,6152,6152,6152,6152,6152,6152,6152,6152,6152,6152,6152,6152,6152,6152,6152,6152,6152,6152,6152,6152,6152,6152,6152,6152,6152,6152,6152,6152,6152,6152,6152,6152,6152,6152,6152,6152,6152,6152,6152,6152,6152,6152,6152,6152,6152,6152,6152,6152,6152,6152,6080,6080,6080,6080,6080,6080,6080,6080,6080,6080,6080,6080,6080,6080,6080,6080,6080,6080,6080,6080,6080,6080,6080,6080,6080,6080,6080,6080,6080,6080,6080,6080,6080,6080,6080,6080,6080,6080,6080,6080,6080,6080,6080,6080,6080,6080,6080,6080,6080,6080,6080,6080,6080,6080,6080,6080,6080,6080,6080,6080,6080,6080,6080,6080,6096,6096,6096,6096,6096,6096,6096,6096,6096,6096,6096,6096,6096,6096,6096,6096,6096,6096,6096,6096,6096,6096,6096,6096,6096,6096,6096,6096,6096,6096,6096,6096,6096,6096,6096,6096,6096,6096,6096,6096,6096,6096,6096,6096,6096,6096,6096,6096,6096,6096,6096,6096,6096,6096,6096,6096,6096,6096,6096,6096,6096,6096,6096,6096,6096,6096,6248,6248,6248,6248,6248,6248,6248,6248,6248,6248,6248,6248,6248,6248,6248,6248,6248,6248,6248,6248,6248,6248,6248,6248,6248,6248,6248,6248,6248,6248,6248,6248,6248,6248,6248,6248,6248,6248,6248,6248,6248,6248,6248,6248,6248,6248,6248,6248,6248,6248,6248,6248,6248,6248,6248,6248,6248,6248,6248,6248,6248,6248,6248,6248,6184,6184,6184,6184,6184,6184,6184,6184,6184,6184,6184,6184,6184,6184,6184,6184,6184,6184,6184,6184,6184,6184,6184,6184,6184,6184,6184,6184,6184,6184,6184,6184,6184,6184,6184,6184,6184,6184,6184,6184,6184,6184,6184,6184,6184,6184,6184,6184,6184,6184,6184,6184,6184,6184,6184,6184,6184,6184,6184,6184,6184,6184,6184,6184,6176,6176,6176,6176,6176,6176,6176,6176,6176,6176,6176,6176,6176,6176,6176,6176,6176,6176,6176,6176,6176,6176,6176,6176,6176,6176,6176,6176,6176,6176,6176,6176,6176,6176,6176,6176,6176,6176,6176,6176,6176,6176,6176,6176,6176,6176,6176,6176,6176,6176,6176,6176,6176,6176,6176,6176,6176,6176,6176,6176,6176,6176,6176,6176,6184,6184,6184,6184,6184,6184,6184,6184,6184,6184,6184,6184,6184,6184,6184,6184,6184,6184,6184,6184,6184,6184,6184,6184,6184,6184,6184,6184,6184,6184,6184,6184,6184,6184,6184,6184,6184,6184,6184,6184,6184,6184,6184,6184,6184,6184,6184,6184,6184,6184,6184,6184,6184,6184
0,0,0,0,0,0,0,0,0,0,0,0,0,0,0,0,0,0,0,0,0,0,0,0,0,0,0,0,0,0,0,0,6184,6184,6184,6184,6184,6184,6184,6184,6184,6184,6184,6184,6184,6184,6184,6184,6184,6184,6184,6184,6184,6184,6184,6184,6184,6184,6184,6184,6184,6184,6184,6184,6184,6184,6184,6184,6184,6184,6184,6184,6184,6184,6184,6184,6184,6184,6184,6184,6184,6184,6184,6184,6184,6184,6184,6184,6184,6184,6184,6184,6184,6184,6184,6184,6184,6200,6200,6200,6200,6200,6200,6200,6200,6200,6200,6200,6200,6200,6200,6200,6200,6200,6200,6200,6200,6200,6200,6200,6200,6200,6200,6200,6200,6200,6200,6200,6200,6200,6200,6200,6200,6200,6200,6200,6200,6200,6200,6200,6200,6200,6200,6200,6200,6200,6200,6200,6200,6200,6200,6200,6200,6200,6200,6200,6200,6200,6200,6200,6200,6176,6176,6176,6176,6176,6176,6176,6176,6176,6176,6176,6176,6176,6176,6176,6176,6176,6176,6176,6176,6176,6176,6176,6176,6176,6176,6176,6176,6176,6176,6176,6176,6176,6176,6176,6176,6176,6176,6176,6176,6176,6176,6176,6176,6176,6176,6176,6176,6176,6176,6176,6176,6176,6176,6176,6176,6176,6176,6176,6176,6176,6176,6176,6176,6176,6176,6176,6176,6176,6176,6176,6176,6176,6176,6176,6176,6176,6176,6176,6176,6176,6176,6176,6176,6176,6176,6176,6176,6176,6176,6176,6176,6176,6176,6176,6176,6176,6176,6176,6176,6176,6176,6176,6176,6176,6176,6176,6176,6176,6176,6176,6176,6176,6176,6176,6176,6176,6176,6176,6176,6176,6176,6176,6176,6176,6176,6176,6176,6176,6200,6200,6200,6200,6200,6200,6200,6200,6200,6200,6200,6200,6200,6200,6200,6200,6200,6200,6200,6200,6200,6200,6200,6200,6200,6200,6200,6200,6200,6200,6200,6200,6200,6200,6200,6200,6200,6200,6200,6200,6200,6200,6200,6200,6200,6200,6200,6200,6200,6200,6200,6200,6200,6200,6200,6200,6200,6200,6200,6200,6200,6200,6200,6200,6200,6200,6200,6200,6200,6200,6200,6200,6200,6200,6200,6200,6200,6200,6200,6200,6200,6200,6200,6200,6200,6200,6200,6200,6200,6200,6200,6200,6200,6200,6200,6200,6200,6200,6200,6200,6200,6200,6200,6200,6200,6200,6200,6200,6200,6200,6200,6200,6200,6200,6200,6200,6200,6200,6200,6200,6200,6200,6200,6200,6200,6200,6200,6200,6200,6200,6192,6192,6192,6192,6192,6192,6192,6192,6192,6192,6192,6192,6192,6192,6192,6192,6192,6192,6192,6192,6192,6192,6192,6192,6192,6192,6192,6192,6192,6192,6192,6192,6192,6192,6192,6192,6192,6192,6192,6192,6192,6192,6192,6192,6192,6192,6192,6192,6192,6192,6192,6192,6192,6192,6192,6192,6192,6192,6192,6192,6192,6192,6192,6176,6176,6176,6176,6176,6176,6176,6176,6176,6176,6176,6176,6176,6176,6176,6176,6176,6176,6176,6176,6176,6176,6176,6176,6176,6176,6176,6176,6176,6176,6176,6176,6176,6176,6176,6176,6176,6176,6176,6176,6176,6176,6176,6176,6176,6176,6176,6176,6176,6176,6176,6176,6176,6176,6176,6176,6176,6176,6176,6176,6176,6176,6176,6176,6176,6176,6200,6200,6200,6200,6200,6200,6200,6200,6200,6200,6200,6200,6200,6200,6200,6200,6200,6200,6200,6200,6200,6200,6200,6200,6200,6200,6200,6200,6200,6200,6200,6200,6200,6200,6200,6200,6200,6200,6200,6200,6200,6200,6200,6200,6200,6200,6200,6200,6200,6200,6200,6200,6200,6200,6200,6200,6200,6200,6200,6200,6200,6200,6200,6200,6200,6200,6200,6200,6200,6200,6200,6200,6200,6200,6200,6200,6200,6200,6200,6200,6200,6200,6200,6200,6200,6200,6200,6200,6200,6200,6200
0,0,0,0,0,0,0,0,0,0,0,0,0,0,0,0,0,0,0,0,0,0,0,0,0,0,0,0,0,0,0,0,0,0,0,0,0,0,0,0,0,0,0,0,0,0,0,0,0,0,0,0,0,0,0,0,0,0,0,0,0,0,0,6176,6176,6176,6176,6176,6176,6176,6176,6176,6176,6176,6176,6176,6176,6176,6176,6176,6176,6176,6176,6176,6176,6176,6176,6176,6176,6176,6176,6176,6176,6176,6176,6176,6176,6176,6176,6176,6176,6176,6176,6176,6176,6176,6176,6176,6176,6176,6176,6176,6176,6176,6176,6176,6176,6176,6176,6176,6176,6176,6176,6176,6176,6176,6176,6176,6192,6192,6192,6192,6192,6192,6192,6192,6192,6192,6192,6192,6192,6192,6192,6192,6192,6192,6192,6192,6192,6192,6192,6192,6192,6192,6192,6192,6192,6192,6192,6192,6192,6192,6192,6192,6192,6192,6192,6192,6192,6192,6192,6192,6192,6192,6192,6192,6192,6192,6192,6192,6192,6192,6192,6192,6192,6192,6192,6192,6192,6192,6192,6192,6192,6200,6200,6200,6200,6200,6200,6200,6200,6200,6200,6200,6200,6200,6200,6200,6200,6200,6200,6200,6200,6200,6200,6200,6200,6200,6200,6200,6200,6200,6200,6200,6200,6200,6200,6200,6200,6200,6200,6200,6200,6200,6200,6200,6200,6200,6200,6200,6200,6200,6200,6200,6200,6200,6200,6200,6200,6200,6200,6200,6200,6200,6200,6200,6200,6200,6200,6200,6200,6200,6200,6200,6200,6200,6200,6200,6200,6200,6200,6200,6200,6200,6200,6200,6200,6200,6200,6200,6200,6200,6200,6200,6200,6200,6200,6200,6200,6200,6200,6200,6200,6200,6200,6200,6200,6200,6200,6200,6200,6200,6200,6200,6200,6200,6200,6200,6200,6200,6200,6200,6200,6200,6200,6200,6200,6200,6200,6200,6200,6200,6176,6176,6176,6176,6176,6176,6176,6176,6176,6176,6176,6176,6176,6176,6176,6176,6176,6176,6176,6176,6176,6176,6176,6176,6176,6176,6176,6176,6176,6176,6176,6176,6176,6176,6176,6176,6176,6176,6176,6176,6176,6176,6176,6176,6176,6176,6176,6176,6176,6176,6176,6176,6176,6176,6176,6176,6176,6176,6176,6176,6176,6176,6176,6176,6176,6176,6176,6176,6176,6176,6176,6176,6176,6176,6176,6176,6176,6176,6176,6176,6176,6176,6176,6176,6176,6176,6176,6176,6176,6176,6176,6176,6176,6176,6176,6176,6176,6176,6176,6176,6176,6176,6176,6176,6176,6176,6176,6176,6176,6176,6176,6176,6176,6176,6176,6176,6176,6176,6176,6176,6176,6176,6176,6176,6176,6176,6176,6176,6176,6184,6184,6184,6184,6184,6184,6184,6184,6184,6184,6184,6184,6184,6184,6184,6184,6184,6184,6184,6184,6184,6184,6184,6184,6184,6184,6184,6184,6184,6184,6184,6184,6184,6184,6184,6184,6184,6184,6184,6184,6184,6184,6184,6184,6184,6184,6184,6184,6184,6184,6184,6184,6184,6184,6184,6184,6184,6184,6184,6184,6184,6184,6184,6184,6176,6176,6176,6176,6176,6176,6176,6176,6176,6176,6176,6176,6176,6176,6176,6176,6176,6176,6176,6176,6176,6176,6176,6176,6176,6176,6176,6176,6176,6176,6176,6176,6176,6176,6176,6176,6176,6176,6176,6176,6176,6176,6176,6176,6176,6176,6176,6176,6176,6176,6176,6176,6176,6176,6176,6176,6176,6176,6176,6176,6176,6176,6176,6176,6192,6192,6192,6192,6192,6192,6192,6192,6192,6192,6192,6192,6192,6192,6192,6192,6192,6192,6192,6192,6192,6192,6192,6192,6192,6192,6192,6192,6192,6192,6192,6192,6192,6192,6192,6192,6192,6192,6192,6192,6192,6192,6192,6192,6192,6192,6192,6192,6192,6192,6192,6192,6192,6192,6192,6192,6192,6192,6192,6192,6192
0,0,0,0,0,0,0,0,0,0,0,0,0,0,0,0,0,0,0,0,0,0,0,0,0,0,0,0,0,0,0,0,0,0,0,0,6192,6192,6192,6192,6192,6192,6192,6192,6192,6192,6192,6192,6192,6192,6192,6192,6192,6192,6192,6192,6192,6192,6192,6192,6192,6192,6192,6192,6192,6192,6192,6192,6192,6192,6192,6192,6192,6192,6192,6192,6192,6192,6192,6192,6192,6192,6192,6192,6192,6192,6192,6192,6192,6192,6192,6192,6192,6192,6192,6192,6192,6192,6192,6192,6192,6192,6192,6192,6192,6192,6192,6192,6192,6192,6192,6192,6192,6192,6192,6192,6192,6192,6192,6192,6192,6192,6192,6192,6192,6192,6192,6192,6192,6192,6192,6192,6192,6192,6192,6192,6192,6192,6192,6192,6192,6192,6192,6192,6192,6192,6192,6192,6192,6192,6192,6192,6192,6192,6192,6192,6192,6192,6192,6192,6192,6192,6192,6192,6192,6192,6192,6192,6192,6192,6192,6192,6192,6192,6192,6192,6192,6192,6192,6192,6192,6192,6192,6192,6192,6192,6192,6192,6192,6192,6192,6192,6192,6192,6192,6192,6192,6192,6192,6192,6192,6192,6192,6192,6192,6192,6192,6192,6192,6192,6192,6192,6192,6192,6192,6192,6192,6192,6192,6192,6192,6192,6192,6192,6192,6192,6192,6192,6192,6192,6192,6176,6176,6176,6176,6176,6176,6176,6176,6176,6176,6176,6176,6176,6176,6176,6176,6176,6176,6176,6176,6176,6176,6176,6176,6176,6176,6176,6176,6176,6176,6176,6176,6176,6176,6176,6176,6176,6176,6176,6176,6176,6176,6176,6176,6176,6176,6176,6176,6176,6176,6176,6176,6176,6176,6176,6176,6176,6176,6176,6176,6176,6176,6176,6176,6176,6136,6136,6136,6136,6136,6136,6136,6136,6136,6136,6136,6136,6136,6136,6136,6136,6136,6136,6136,6136,6136,6136,6136,6136,6136,6136,6136,6136,6136,6136,6136,6136,6136,6136,6136,6136,6136,6136,6136,6136,6136,6136,6136,6136,6136,6136,6136,6136,6136,6136,6136,6136,6136,6136,6136,6136,6136,6136,6136,6136,6136,6136,6136,6136,6136,6120,6120,6120,6120,6120,6120,6120,6120,6120,6120,6120,6120,6120,6120,6120,6120,6120,6120,6120,6120,6120,6120,6120,6120,6120,6120,6120,6120,6120,6120,6120,6120,6120,6120,6120,6120,6120,6120,6120,6120,6120,6120,6120,6120,6120,6120,6120,6120,6120,6120,6120,6120,6120,6120,6120,6120,6120,6120,6120,6120,6120,6120,6120,6120,6120,6120,6120,6120,6120,6120,6120,6120,6120,6120,6120,6120,6120,6120,6120,6120,6120,6120,6120,6120,6120,6120,6120,6120,6120,6120,6120,6120,6120,6120,6120,6120,6120,6120,6120,6120,6120,6120,6120,6120,6120,6120,6120,6120,6120,6120,6120,6120,6120,6120,6120,6120,6120,6120,6120,6120,6120,6120,6120,6120,6120,6120,6120,6120,6112,6112,6112,6112,6112,6112,6112,6112,6112,6112,6112,6112,6112,6112,6112,6112,6112,6112,6112,6112,6112,6112,6112,6112,6112,6112,6112,6112,6112,6112,6112,6112,6112,6112,6112,6112,6112,6112,6112,6112,6112,6112,6112,6112,6112,6112,6112,6112,6112,6112,6112,6112,6112,6112,6112,6112,6112,6112,6112,6112,6112,6112,6112,6112,6112,6136,6136,6136,6136,6136,6136,6136,6136,6136,6136,6136,6136,6136,6136,6136,6136,6136,6136,6136,6136,6136,6136,6136,6136,6136,6136,6136,6136,6136,6136,6136,6136,6136,6136,6136,6136,6136,6136,6136,6136,6136,6136,6136,6136,6136,6136,6136,6136,6136,6136,6136,6136,6136,6136,6136,6136,6136,6136,6136,6136,6136,6136,6136,6112,6112,6112,6112,6112,6112,6112,6112,6112,6112,6112,6112,6112,6112,6112,6112,6112,6112,6112,6112,6112,6112,6112
0,0,0,0,0,0,0,0,0,0,0,0,0,0,0,0,0,0,0,0,0,0,0,0,0,0,0,0,0,0,0,0,0,0,0,0,0,0,0,0,0,0,0,0,0,0,0,0,0,0,0,0,0,0,0,0,0,0,0,0,0,6120,6120,6120,6120,6120,6120,6120,6120,6120,6120,6120,6120,6120,6120,6120,6120,6120,6120,6120,6120,6120,6120,6120,6120,6120,6120,6120,6120,6120,6120,6120,6120,6120,6120,6120,6120,6120,6120,6120,6120,6120,6120,6120,6120,6120,6120,6120,6120,6120,6120,6120,6120,6120,6120,6120,6120,6120,6120,6120,6120,6120,6120,6120,6120,6112,6112,6112,6112,6112,6112,6112,6112,6112,6112,6112,6112,6112,6112,6112,6112,6112,6112,6112,6112,6112,6112,6112,6112,6112,6112,6112,6112,6112,6112,6112,6112,6112,6112,6112,6112,6112,6112,6112,6112,6112,6112,6112,6112,6112,6112,6112,6112,6112,6112,6112,6112,6112,6112,6112,6112,6112,6112,6112,6112,6112,6112,6112,6112,6112,6128,6128,6128,6128,6128,6128,6128,6128,6128,6128,6128,6128,6128,6128,6128,6128,6128,6128,6128,6128,6128,6128,6128,6128,6128,6128,6128,6128,6128,6128,6128,6128,6128,6128,6128,6128,6128,6128,6128,6128,6128,6128,6128,6128,6128,6128,6128,6128,6128,6128,6128,6128,6128,6128,6128,6128,6128,6128,6128,6128,6128,6128,6128,6128,6120,6120,6120,6120,6120,6120,6120,6120,6120,6120,6120,6120,6120,6120,6120,6120,6120,6120,6120,6120,6120,6120,6120,6120,6120,6120,6120,6120,6120,6120,6120,6120,6120,6120,6120,6120,6120,6120,6120,6120,6120,6120,6120,6120,6120,6120,6120,6120,6120,6120,6120,6120,6120,6120,6120,6120,6120,6120,6120,6120,6120,6120,6120,6120,6120,6112,6112,6112,6112,6112,6112,6112,6112,6112,6112,6112,6112,6112,6112,6112,6112,6112,6112,6112,6112,6112,6112,6112,6112,6112,6112,6112,6112,6112,6112,6112,6112,6112,6112,6112,6112,6112,6112,6112,6112,6112,6112,6112,6112,6112,6112,6112,6112,6112,6112,6112,6112,6112,6112,6112,6112,6112,6112,6112,6112,6112,6112,6112,6120,6120,6120,6120,6120,6120,6120,6120,6120,6120,6120,6120,6120,6120,6120,6120,6120,6120,6120,6120,6120,6120,6120,6120,6120,6120,6120,6120,6120,6120,6120,6120,6120,6120,6120,6120,6120,6120,6120,6120,6120,6120,6120,6120,6120,6120,6120,6120,6120,6120,6120,6120,6120,6120,6120,6120,6120,6120,6120,6120,6120,6120,6120,6120,6120,6120,6120,6120,6120,6120,6120,6120,6120,6120,6120,6120,6120,6120,6120,6120,6120,6120,6120,6120,6120,6120,6120,6120,6120,6120,6120,6120,6120,6120,6120,6120,6120,6120,6120,6120,6120,6120,6120,6120,6120,6120,6120,6120,6120,6120,6120,6120,6120,6120,6120,6120,6120,6120,6120,6120,6120,6120,6120,6120,6120,6120,6120,6120,6120,6120,6120,6136,6136,6136,6136,6136,6136,6136,6136,6136,6136,6136,6136,6136,6136,6136,6136,6136,6136,6136,6136,6136,6136,6136,6136,6136,6136,6136,6136,6136,6136,6136,6136,6136,6136,6136,6136,6136,6136,6136,6136,6136,6136,6136,6136,6136,6136,6136,6136,6136,6136,6136,6136,6136,6136,6136,6136,6136,6136,6136,6136,6136,6136,6136,6136,6120,6120,6120,6120,6120,6120,6120,6120,6120,6120,6120,6120,6120,6120,6120,6120,6120,6120,6120,6120,6120,6120,6120,6120,6120,6120,6120,6120,6120,6120,6120,6120,6120,6120,6120,6120,6120,6120,6120,6120,6120,6120,6120,6120,6120,6120,6120,6120,6120,6120,6120,6120,6120,6120,6120,6120,6120,6120,6120,6120,6120,6120,6120
6120,6120,6120,6120,6120,6120,6120,6120,6120,6120,6120,6120,6120,6120,6120,6120,6120,6120,6120,6120,6120,6120,6120,6120,6120,6120,6120,6120,6120,6120,6120,6120,6120,6120,6120,6120,6120,6120,6120,6120,6120,6120,6120,6120,6120,6120,6120,6120,6120,6120,6120,6120,6120,6120,6120,6120,6120,6120,6120,6120,6120,6120,6120,6120,6120,6120,6120,6120,6120,6120,6120,6120,6120,6120,6120,6120,6120,6120,6120,6120,6120,6120,6120,6120,6120,6120,6120,6120,6120,6120,6120,6120,6120,6120,6120,6120,6120,6120,6136,6136,6136,6136,6136,6136,6136,6136,6136,6136,6136,6136,6136,6136,6136,6136,6136,6136,6136,6136,6136,6136,6136,6136,6136,6136,6136,6136,6136,6136,6136,6136,6136,6136,6136,6136,6136,6136,6136,6136,6136,6136,6136,6136,6136,6136,6136,6136,6136,6136,6136,6136,6136,6136,6136,6136,6136,6136,6136,6136,6136,6136,6136,6136,6136,6136,6136,6136,6136,6136,6136,6136,6136,6136,6136,6136,6136,6136,6136,6136,6136,6136,6136,6136,6136,6136,6136,6136,6136,6136,6136,6136,6136,6136,6136,6136,6136,6136,6136,6136,6136,6136,6136,6136,6136,6136,6136,6136,6136,6136,6136,6136,6136,6136,6136,6136,6136,6136,6136,6136,6136,6136,6136,6136,6136,6136,6136,6136,6136,6136,6136,6136,6136,6136,6136,6136,6136,6136,6136,6136,6136,6136,6136,6136,6136,6136,6136,6136,6136,6136,6136,6136,6136,6136,6136,6136,6136,6136,6136,6136,6136,6136,6136,6136,6136,6136,6136,6136,6136,6136,6136,6136,6136,6136,6136,6136,6136,6136,6136,6136,6136,6136,6136,6136,6136,6136,6136,6136,6136,6136,6136,6136,6136,6136,6128,6128,6128,6128,6128,6128,6128,6128,6128,6128,6128,6128,6128,6128,6128,6128,6128,6128,6128,6128,6128,6128,6128,6128,6128,6128,6128,6128,6128,6128,6128,6128,6128,6128,6128,6128,6128,6128,6128,6128,6128,6128,6128,6128,6128,6128,6128,6128,6128,6128,6128,6128,6128,6128,6128,6128,6128,6128,6128,6128,6128,6128,6128,6128,6120,6120,6120,6120,6120,6120,6120,6120,6120,6120,6120,6120,6120,6120,6120,6120,6120,6120,6120,6120,6120,6120,6120,6120,6120,6120,6120,6120,6120,6120,6120,6120,6120,6120,6120,6120,6120,6120,6120,6120,6120,6120,6120,6120,6120,6120,6120,6120,6120,6120,6120,6120,6120,6120,6120,6120,6120,6120,6120,6120,6120,6120,6120,6120,6120,6120,6120,6120,6120,6120,6120,6120,6120,6120,6120,6120,6120,6120,6120,6120,6120,6120,6120,6120,6120,6120,6120,6120,6120,6120,6120,6120,6120,6120,6120,6120,6120,6120,6120,6120,6120,6120,6120,6120,6120,6120,6120,6120,6120,6120,6120,6120,6120,6120,6120,6120,6120,6120,6120,6120,6120,6120,6120,6120,6120,6120,6120,6120,6120,6120,6120,6136,6136,6136,6136,6136,6136,6136,6136,6136,6136,6136,6136,6136,6136,6136,6136,6136,6136,6136,6136,6136,6136,6136,6136,6136,6136,6136,6136,6136,6136,6136,6136,6136,6136,6136,6136,6136,6136,6136,6136,6136,6136,6136,6136,6136,6136,6136,6136,6136,6136,6136,6136,6136,6136,6136,6136,6136,6136,6136,6136,6136,6136,6136,6112,6112,6112,6112,6112,6112,6112,6112,6112,6112,6112,6112,6112,6112,6112,6112,6112,6112,6112,6112,6112,6112,6112,6112,6112,6112,6112,6112,6112,6112,6112,6112,6112,6112,6112,6112,6112,6112,6112,6112,6112,6112,6112,6112,6112,6112,6112,6112,6112,6112,6112,6112,6112,6112,6112,6112,6112,6112,6112,6112,6112,6112,6112,6112,6112,6136,6136,6136,6136,6136,6136,6136,6136,6136,6136,6136,6136,6136,6136,6136,6136,6136,6136,6136,6136,6136,6136,6136,6136,6136
6128,6128,6128,6128,6128,6128,6128,6128,6128,6128,6128,6128,6128,6128,6128,6128,6128,6128,6128,6128,6128,6128,6128,6128,6128,6128,6128,6128,6128,6128,6128,6128,6128,6128,6128,6128,6128,6128,6128,6128,6128,6128,6128,6128,6128,6128,6128,6128,6128,6128,6128,6128,6128,6128,6128,6128,6128,6128,6128,6128,6128,6128,6128,6128,6128,6128,6128,6120,6120,6120,6120,6120,6120,6120,6120,6120,6120,6120,6120,6120,6120,6120,6120,6120,6120,6120,6120,6120,6120,6120,6120,6120,6120,6120,6120,6120,6120,6120,6120,6120,6120,6120,6120,6120,6120,6120,6120,6120,6120,6120,6120,6120,6120,6120,6120,6120,6120,6120,6120,6120,6120,6120,6120,6120,6120,6120,6120,6120,6120,6120,6120,6128,6128,6128,6128,6128,6128,6128,6128,6128,6128,6128,6128,6128,6128,6128,6128,6128,6128,6128,6128,6128,6128,6128,6128,6128,6128,6128,6128,6128,6128,6128,6128,6128,6128,6128,6128,6128,6128,6128,6128,6128,6128,6128,6128,6128,6128,6128,6128,6128,6128,6128,6128,6128,6128,6128,6128,6128,6128,6128,6128,6128,6128,6128,6128,6128,6136,6136,6136,6136,6136,6136,6136,6136,6136,6136,6136,6136,6136,6136,6136,6136,6136,6136,6136,6136,6136,6136,6136,6136,6136,6136,6136,6136,6136,6136,6136,6136,6136,6136,6136,6136,6136,6136,6136,6136,6136,6136,6136,6136,6136,6136,6136,6136,6136,6136,6136,6136,6136,6136,6136,6136,6136,6136,6136,6136,6136,6120,6120,6120,6120,6120,6120,6120,6120,6120,6120,6120,6120,6120,6120,6120,6120,6120,6120,6120,6120,6120,6120,6120,6120,6120,6120,6120,6120,6120,6120,6120,6120,6120,6120,6120,6120,6120,6120,6120,6120,6120,6120,6120,6120,6120,6120,6120,6120,6120,6120,6120,6120,6120,6120,6120,6120,6120,6120,6120,6120,6120,6120,6120,6120,6120,6120,6120,6120,6120,6120,6120,6120,6120,6120,6120,6120,6120,6120,6120,6120,6120,6120,6120,6120,6120,6120,6120,6120,6120,6120,6120,6120,6120,6120,6120,6120,6120,6120,6120,6120,6120,6120,6120,6120,6120,6120,6120,6120,6120,6120,6120,6120,6120,6120,6120,6120,6120,6120,6120,6120,6120,6120,6120,6120,6120,6120,6120,6120,6120,6120,6120,6120,6120,6120,6120,6120,6120,6120,6120,6120,6120,6120,6120,6120,6120,6120,6120,6120,6120,6120,6120,6120,6120,6120,6120,6120,6120,6120,6120,6120,6120,6120,6120,6120,6120,6120,6120,6120,6120,6120,6120,6120,6120,6120,6120,6120,6120,6120,6120,6120,6120,6120,6120,6120,6120,6120,6120,6120,6120,6120,6120,6120,6120,6120,6120,6120,6120,6128,6128,6128,6128,6128,6128,6128,6128,6128,6128,6128,6128,6128,6128,6128,6128,6128,6128,6128,6128,6128,6128,6128,6128,6128,6128,6128,6128,6128,6128,6128,6128,6128,6128,6128,6128,6128,6128,6128,6128,6128,6128,6128,6128,6128,6128,6128,6128,6128,6128,6128,6128,6128,6128,6128,6128,6128,6128,6128,6128,6128,6128,6128,6128,6112,6112,6112,6112,6112,6112,6112,6112,6112,6112,6112,6112,6112,6112,6112,6112,6112,6112,6112,6112,6112,6112,6112,6112,6112,6112,6112,6112,6112,6112,6112,6112,6112,6112,6112,6112,6112,6112,6112,6112,6112,6112,6112,6112,6112,6112,6112,6112,6112,6112,6112,6112,6112,6112,6112,6112,6112,6112,6112,6112,6112,6112,6112,6112,6128,6128,6128,6128,6128,6128,6128,6128,6128,6128,6128,6128,6128,6128,6128,6128,6128,6128,6128,6128,6128,6128,6128,6128,6128,6128,6128,6128,6128,6128,6128,6128,6128,6128,6128,6128,6128,6128,6128,6128,6128,6128,6128,6128,6128,6128,6128,6128,6128,6128,6128,6128,6128,6128,6128,6128,6128,6128
0,0,0,0,0,0,0,0,0,0,0,0,0,0,0,0,0,0,0,0,0,0,0,0,0,0,0,0,0,6120,6120,6120,6120,6120,6120,6120,6120,6120,6120,6120,6120,6120,6120,6120,6120,6120,6120,6120,6120,6120,6120,6120,6120,6120,6120,6120,6120,6120,6120,6120,6120,6120,6120,6120,6120,6120,6120,6120,6120,6120,6120,6120,6120,6120,6120,6120,6120,6120,6120,6120,6120,6120,6120,6120,6120,6120,6120,6120,6120,6120,6120,6120,6120,6120,6120,6120,6120,6120,6120,6120,6120,6120,6120,6120,6120,6120,6120,6120,6120,6120,6120,6120,6120,6120,6120,6120,6120,6120,6120,6120,6120,6120,6120,6120,6120,6120,6120,6120,6120,6120,6120,6120,6120,6120,6120,6120,6120,6120,6120,6120,6120,6120,6120,6120,6120,6120,6120,6120,6120,6120,6120,6120,6120,6120,6120,6120,6120,6120,6136,6136,6136,6136,6136,6136,6136,6136,6136,6136,6136,6136,6136,6136,6136,6136,6136,6136,6136,6136,6136,6136,6136,6136,6136,6136,6136,6136,6136,6136,6136,6136,6136,6136,6136,6136,6136,6136,6136,6136,6136,6136,6136,6136,6136,6136,6136,6136,6136,6136,6136,6136,6136,6136,6136,6136,6136,6136,6136,6136,6136,6136,6136,6136,6136,6120,6120,6120,6120,6120,6120,6120,6120,6120,6120,6120,6120,6120,6120,6120,6120,6120,6120,6120,6120,6120,6120,6120,6120,6120,6120,6120,6120,6120,6120,6120,6120,6120,6120,6120,6120,6120,6120,6120,6120,6120,6120,6120,6120,6120,6120,6120,6120,6120,6120,6120,6120,6120,6120,6120,6120,6120,6120,6120,6120,6120,6120,6120,6120,6120,6136,6136,6136,6136,6136,6136,6136,6136,6136,6136,6136,6136,6136,6136,6136,6136,6136,6136,6136,6136,6136,6136,6136,6136,6136,6136,6136,6136,6136,6136,6136,6136,6136,6136,6136,6136,6136,6136,6136,6136,6136,6136,6136,6136,6136,6136,6136,6136,6136,6136,6136,6136,6136,6136,6136,6136,6136,6136,6136,6136,6136,6136,6136,6128,6128,6128,6128,6128,6128,6128,6128,6128,6128,6128,6128,6128,6128,6128,6128,6128,6128,6128,6128,6128,6128,6128,6128,6128,6128,6128,6128,6128,6128,6128,6128,6128,6128,6128,6128,6128,6128,6128,6128,6128,6128,6128,6128,6128,6128,6128,6128,6128,6128,6128,6128,6128,6128,6128,6128,6128,6128,6128,6128,6128,6128,6128,6128,6128,6128,6128,6128,6128,6128,6128,6128,6128,6128,6128,6128,6128,6128,6128,6128,6128,6128,6128,6128,6128,6128,6128,6128,6128,6128,6128,6128,6128,6128,6128,6128,6128,6128,6128,6128,6128,6128,6128,6128,6128,6128,6128,6128,6128,6128,6128,6128,6128,6128,6128,6128,6128,6128,6128,6128,6128,6128,6128,6128,6128,6128,6128,6128,6128,6128,6128,6128,6128,6128,6128,6128,6128,6128,6128,6128,6128,6128,6128,6128,6128,6128,6128,6128,6128,6128,6128,6128,6128,6128,6128,6128,6128,6128,6128,6128,6128,6128,6128,6128,6128,6128,6128,6128,6128,6128,6128,6128,6128,6128,6128,6128,6128,6128,6128,6128,6128,6128,6128,6128,6128,6128,6128,6128,6128,6128,6128,6128,6128,6128,6120,6120,6120,6120,6120,6120,6120,6120,6120,6120,6120,6120,6120,6120,6120,6120,6120,6120,6120,6120,6120,6120,6120,6120,6120,6120,6120,6120,6120,6120,6120,6120,6120,6120,6120,6120,6120,6120,6120,6120,6120,6120,6120,6120,6120,6120,6120,6120,6120,6120,6120,6120,6120,6120,6120,6120,6120,6120,6120,6120,6120,6120,6120,6120,6120,6128,6128,6128,6128,6128,6128,6128,6128,6128,6128,6128,6128,6128,6128,6128,6128,6128,6128,6128,6128,6128,6128,6128,6128,6128,6128,6128,6128,6128,6128
0,0,0,0,0,0,0,0,0,0,0,0,0,0,0,0,0,0,0,0,0,0,0,0,0,0,0,0,0,0,0,0,0,0,0,0,0,0,0,0,0,0,0,0,0,0,0,0,0,0,0,0,0,0,0,0,0,6112,6112,6112,6112,6112,6112,6112,6112,6112,6112,6112,6112,6112,6112,6112,6112,6112,6112,6112,6112,6112,6112,6112,6112,6112,6112,6112,6112,6112,6112,6112,6112,6112,6112,6112,6112,6112,6112,6112,6112,6112,6112,6112,6112,6112,6112,6112,6112,6112,6112,6112,6112,6112,6112,6112,6112,6112,6112,6112,6112,6112,6112,6112,6112,6112,6128,6128,6128,6128,6128,6128,6128,6128,6128,6128,6128,6128,6128,6128,6128,6128,6128,6128,6128,6128,6128,6128,6128,6128,6128,6128,6128,6128,6128,6128,6128,6128,6128,6128,6128,6128,6128,6128,6128,6128,6128,6128,6128,6128,6128,6128,6128,6128,6128,6128,6128,6128,6128,6128,6128,6128,6128,6128,6128,6128,6128,6128,6128,6128,6120,6120,6120,6120,6120,6120,6120,6120,6120,6120,6120,6120,6120,6120,6120,6120,6120,6120,6120,6120,6120,6120,6120,6120,6120,6120,6120,6120,6120,6120,6120,6120,6120,6120,6120,6120,6120,6120,6120,6120,6120,6120,6120,6120,6120,6120,6120,6120,6120,6120,6120,6120,6120,6120,6120,6120,6120,6120,6120,6120,6120,6120,6120,6120,6120,6128,6128,6128,6128,6128,6128,6128,6128,6128,6128,6128,6128,6128,6128,6128,6128,6128,6128,6128,6128,6128,6128,6128,6128,6128,6128,6128,6128,6128,6128,6128,6128,6128,6128,6128,6128,6128,6128,6128,6128,6128,6128,6128,6128,6128,6128,6128,6128,6128,6128,6128,6128,6128,6128,6128,6128,6128,6128,6128,6128,6128,6128,6128,6128,6128,6136,6136,6136,6136,6136,6136,6136,6136,6136,6136,6136,6136,6136,6136,6136,6136,6136,6136,6136,6136,6136,6136,6136,6136,6136,6136,6136,6136,6136,6136,6136,6136,6136,6136,6136,6136,6136,6136,6136,6136,6136,6136,6136,6136,6136,6136,6136,6136,6136,6136,6136,6136,6136,6136,6136,6136,6136,6136,6136,6136,6136,6136,6136,6112,6112,6112,6112,6112,6112,6112,6112,6112,6112,6112,6112,6112,6112,6112,6112,6112,6112,6112,6112,6112,6112,6112,6112,6112,6112,6112,6112,6112,6112,6112,6112,6112,6112,6112,6112,6112,6112,6112,6112,6112,6112,6112,6112,6112,6112,6112,6112,6112,6112,6112,6112,6112,6112,6112,6112,6112,6112,6112,6112,6112,6136,6136,6136,6136,6136,6136,6136,6136,6136,6136,6136,6136,6136,6136,6136,6136,6136,6136,6136,6136,6136,6136,6136,6136,6136,6136,6136,6136,6136,6136,6136,6136,6136,6136,6136,6136,6136,6136,6136,6136,6136,6136,6136,6136,6136,6136,6136,6136,6136,6136,6136,6136,6136,6136,6136,6136,6136,6136,6136,6136,6136,6136,6136,6136,6136,6136,6136,6136,6136,6136,6120,6120,6120,6120,6120,6120,6120,6120,6120,6120,6120,6120,6120,6120,6120,6120,6120,6120,6120,6120,6120,6120,6120,6120,6120,6120,6120,6120,6120,6120,6120,6120,6120,6120,6120,6120,6120,6120,6120,6120,6120,6120,6120,6120,6120,6120,6120,6120,6120,6120,6120,6120,6120,6120,6120,6120,6120,6120,6120,6120,6120,6120,6120,6112,6112,6112,6112,6112,6112,6112,6112,6112,6112,6112,6112,6112,6112,6112,6112,6112,6112,6112,6112,6112,6112,6112,6112,6112,6112,6112,6112,6112,6112,6112,6112,6112,6112,6112,6112,6112,6112,6112,6112,6112,6112,6112,6112,6112,6112,6112,6112,6112,6112,6112,6112,6112,6112,6112,6112,6112,6112,6112,6112,6112,6112,6112,6112,6112,6136,6136
