0,0,0,0,0,0,0,0,0,0,0,0,0,0,0,0,0,0,0,0,0,0,0,0,0,0,0,0,0,0,0,0,0,0,0,0,0,0,0,0,0,0,0,0,0,0,0,0,0,0,0,0,0,5680,5680,5680,5680,5680,5680,5680,5680,5680,5680,5680,5680,5680,5680,5680,5680,5680,5680,5680,5680,5680,5680,5680,5680,5680,5680,5680,5680,5680,5680,5680,5680,5680,5680,5680,5680,5680,5680,5680,5680,5680,5680,5680,5680,5680,5680,5680,5680,5680,5680,5680,5680,5680,5680,5680,5680,5680,5680,5680,5680,5680,5680,5680,5680,5664,5664,5664,5664,5664,5664,5664,5664,5664,5664,5664,5664,5664,5664,5664,5664,5664,5664,5664,5664,5664,5664,5664,5664,5664,5664,5664,5664,5664,5664,5664,5664,5664,5664,5664,5664,5664,5664,5664,5664,5664,5664,5664,5664,5664,5664,5664,5664,5664,5664,5664,5664,5664,5664,5664,5664,5664,5664,5664,5664,5664,5664,5664,5664,5664,5664,5664,5664,5664,5664,5664,5664,5664,5664,5664,5664,5664,5664,5664,5664,5664,5664,5664,5664,5664,5664,5664,5664,5664,5664,5664,5664,5664,5664,5664,5664,5664,5664,5664,5664,5664,5664,5664,5664,5664,5664,5664,5664,5664,5664,5664,5664,5664,5664,5664,5664,5664,5664,5664,5664,5664,5664,5664,5664,5664,5664,5664,5664,5664,5664,5664,5664,5664,5664,5664,5664,5664,5664,5664,5664,5664,5664,5664,5664,5664,5664,5664,5664,5664,5664,5664,5664,5664,5664,5664,5664,5664,5664,5664,5664,5664,5664,5664,5664,5664,5664,5664,5664,5664,5664,5664,5664,5664,5664,5664,5664,5664,5664,5664,5664,5664,5664,5664,5664,5664,5664,5664,5664,5664,5664,5664,5664,5664,5688,5688,5688,5688,5688,5688,5688,5688,5688,5688,5688,5688,5688,5688,5688,5688,5688,5688,5688,5688,5688,5688,5688,5688,5688,5688,5688,5688,5688,5688,5688,5688,5688,5688,5688,5688,5688,5688,5688,5688,5688,5688,5688,5688,5688,5688,5688,5688,5688,5688,5688,5688,5688,5688,5688,5688,5688,5688,5688,5688,5688,5688,5688,5680,5680,5680,5680,5680,5680,5680,5680,5680,5680,5680,5680,5680,5680,5680,5680,5680,5680,5680,5680,5680,5680,5680,5680,5680,5680,5680,5680,5680,5680,5680,5680,5680,5680,5680,5680,5680,5680,5680,5680,5680,5680,5680,5680,5680,5680,5680,5680,5680,5680,5680,5680,5680,5680,5680,5680,5680,5680,5680,5680,5680,5680,5680,5680,5680,5664,5664,5664,5664,5664,5664,5664,5664,5664,5664,5664,5664,5664,5664,5664,5664,5664,5664,5664,5664,5664,5664,5664,5664,5664,5664,5664,5664,5664,5664,5664,5664,5664,5664,5664,5664,5664,5664,5664,5664,5664,5664,5664,5664,5664,5664,5664,5664,5664,5664,5664,5664,5664,5664,5664,5664,5664,5664,5664,5664,5664,5664,5664,5664,5664,5720,5720,5720,5720,5720,5720,5720,5720,5720,5720,5720,5720,5720,5720,5720,5720,5720,5720,5720,5720,5720,5720,5720,5720,5720,5720,5720,5720,5720,5720,5720,5720,5720,5720,5720,5720,5720,5720,5720,5720,5720,5720,5720,5720,5720,5720,5720,5720,5720,5720,5720,5720,5720,5720,5720,5720,5720,5720,5720,5720,5720,5720,5720,5720,5720,5712,5712,5712,5712,5712,5712,5712,5712,5712,5712,5712,5712,5712,5712,5712,5712,5712,5712,5712,5712,5712,5712,5712,5712,5712,5712,5712,5712,5712,5712,5712,5712,5712,5712,5712,5712,5712,5712,5712,5712,5712,5712,5712,5712,5712,5712,5712,5712,5712,5712,5712,5712,5712,5712,5712,5712,5712,5712,5712,5712,5712,5712,5712,5712,5760,5760,5760,5760,5760,5760,5760,5760
0,0,0,0,0,0,0,0,0,0,0,0,0,0,0,0,0,0,5768,5768,5768,5768,5768,5768,5768,5768,5768,5768,5768,5768,5768,5768,5768,5768,5768,5768,5768,5768,5768,5768,5768,5768,5768,5768,5768,5768,5768,5768,5768,5768,5768,5768,5768,5768,5768,5768,5768,5768,5768,5768,5768,5768,5768,5768,5768,5768,5768,5768,5768,5768,5768,5768,5768,5768,5768,5768,5768,5768,5768,5768,5768,5768,5768,5760,5760,5760,5760,5760,5760,5760,5760,5760,5760,5760,5760,5760,5760,5760,5760,5760,5760,5760,5760,5760,5760,5760,5760,5760,5760,5760,5760,5760,5760,5760,5760,5760,5760,5760,5760,5760,5760,5760,5760,5760,5760,5760,5760,5760,5760,5760,5760,5760,5760,5760,5760,5760,5760,5760,5760,5760,5760,5760,5760,5760,5760,5760,5760,5760,5760,5776,5776,5776,5776,5776,5776,5776,5776,5776,5776,5776,5776,5776,5776,5776,5776,5776,5776,5776,5776,5776,5776,5776,5776,5776,5776,5776,5776,5776,5776,5776,5776,5776,5776,5776,5776,5776,5776,5776,5776,5776,5776,5776,5776,5776,5776,5776,5776,5776,5776,5776,5776,5776,5776,5776,5776,5776,5776,5776,5776,5776,5776,5776,5760,5760,5760,5760,5760,5760,5760,5760,5760,5760,5760,5760,5760,5760,5760,5760,5760,5760,5760,5760,5760,5760,5760,5760,5760,5760,5760,5760,5760,5760,5760,5760,5760,5760,5760,5760,5760,5760,5760,5760,5760,5760,5760,5760,5760,5760,5760,5760,5760,5760,5760,5760,5760,5760,5760,5760,5760,5760,5760,5760,5760,5760,5760,5760,5760,5760,5784,5784,5784,5784,5784,5784,5784,5784,5784,5784,5784,5784,5784,5784,5784,5784,5784,5784,5784,5784,5784,5784,5784,5784,5784,5784,5784,5784,5784,5784,5784,5784,5784,5784,5784,5784,5784,5784,5784,5784,5784,5784,5784,5784,5784,5784,5784,5784,5784,5784,5784,5784,5784,5784,5784,5784,5784,5784,5784,5784,5784,5784,5784,5784,5784,5784,5784,5784,5784,5784,5784,5784,5784,5784,5784,5784,5784,5784,5784,5784,5784,5784,5784,5784,5784,5784,5784,5784,5784,5784,5784,5784,5784,5784,5784,5784,5784,5784,5784,5784,5784,5784,5784,5784,5784,5784,5784,5784,5784,5784,5784,5784,5784,5784,5784,5784,5784,5784,5784,5784,5784,5784,5784,5784,5784,5784,5784,5784,5776,5776,5776,5776,5776,5776,5776,5776,5776,5776,5776,5776,5776,5776,5776,5776,5776,5776,5776,5776,5776,5776,5776,5776,5776,5776,5776,5776,5776,5776,5776,5776,5776,5776,5776,5776,5776,5776,5776,5776,5776,5776,5776,5776,5776,5776,5776,5776,5776,5776,5776,5776,5776,5776,5776,5776,5776,5776,5776,5776,5776,5776,5776,5776,5784,5784,5784,5784,5784,5784,5784,5784,5784,5784,5784,5784,5784,5784,5784,5784,5784,5784,5784,5784,5784,5784,5784,5784,5784,5784,5784,5784,5784,5784,5784,5784,5784,5784,5784,5784,5784,5784,5784,5784,5784,5784,5784,5784,5784,5784,5784,5784,5784,5784,5784,5784,5784,5784,5784,5784,5784,5784,5784,5784,5784,5784,5784,5784,5784,5784,5776,5776,5776,5776,5776,5776,5776,5776,5776,5776,5776,5776,5776,5776,5776,5776,5776,5776,5776,5776,5776,5776,5776,5776,5776,5776,5776,5776,5776,5776,5776,5776,5776,5776,5776,5776,5776,5776,5776,5776,5776,5776,5776,5776,5776,5776,5776,5776,5776,5776,5776,5776,5776,5776,5776,5776,5776,5776,5776,5776,5776,5776,5776,5784,5784,5784,5784,5784,5784,5784,5784,5784,5784,5784,5784,5784,5784,5784,5784,5784,5784,5784,5784,5784,5784,5784,5784,5784,5784,5784,5784,5784,5784,5784,5784,5784,5784,5784,5784,5784,5784,5784,5784,5784
0,0,0,0,0,0,0,0,0,0,0,0,0,0,0,0,0,0,0,0,0,0,0,0,0,0,0,0,0,0,0,0,0,0,0,0,0,0,0,0,0,0,0,0,0,0,0,0,0,0,0,0,0,5760,5760,5760,5760,5760,5760,5760,5760,5760,5760,5760,5760,5760,5760,5760,5760,5760,5760,5760,5760,5760,5760,5760,5760,5760,5760,5760,5760,5760,5760,5760,5760,5760,5760,5760,5760,5760,5760,5760,5760,5760,5760,5760,5760,5760,5760,5760,5760,5760,5760,5760,5760,5760,5760,5760,5760,5760,5760,5760,5760,5760,5760,5760,5760,5760,5760,5776,5776,5776,5776,5776,5776,5776,5776,5776,5776,5776,5776,5776,5776,5776,5776,5776,5776,5776,5776,5776,5776,5776,5776,5776,5776,5776,5776,5776,5776,5776,5776,5776,5776,5776,5776,5776,5776,5776,5776,5776,5776,5776,5776,5776,5776,5776,5776,5776,5776,5776,5776,5776,5776,5776,5776,5776,5776,5776,5776,5776,5776,5776,5784,5784,5784,5784,5784,5784,5784,5784,5784,5784,5784,5784,5784,5784,5784,5784,5784,5784,5784,5784,5784,5784,5784,5784,5784,5784,5784,5784,5784,5784,5784,5784,5784,5784,5784,5784,5784,5784,5784,5784,5784,5784,5784,5784,5784,5784,5784,5784,5784,5784,5784,5784,5784,5784,5784,5784,5784,5784,5784,5784,5784,5776,5776,5776,5776,5776,5776,5776,5776,5776,5776,5776,5776,5776,5776,5776,5776,5776,5776,5776,5776,5776,5776,5776,5776,5776,5776,5776,5776,5776,5776,5776,5776,5776,5776,5776,5776,5776,5776,5776,5776,5776,5776,5776,5776,5776,5776,5776,5776,5776,5776,5776,5776,5776,5776,5776,5776,5776,5776,5776,5776,5776,5776,5776,5776,5776,5776,5776,5776,5784,5784,5784,5784,5784,5784,5784,5784,5784,5784,5784,5784,5784,5784,5784,5784,5784,5784,5784,5784,5784,5784,5784,5784,5784,5784,5784,5784,5784,5784,5784,5784,5784,5784,5784,5784,5784,5784,5784,5784,5784,5784,5784,5784,5784,5784,5784,5784,5784,5784,5784,5784,5784,5784,5784,5784,5784,5784,5784,5784,5784,5784,5784,5784,5784,5776,5776,5776,5776,5776,5776,5776,5776,5776,5776,5776,5776,5776,5776,5776,5776,5776,5776,5776,5776,5776,5776,5776,5776,5776,5776,5776,5776,5776,5776,5776,5776,5776,5776,5776,5776,5776,5776,5776,5776,5776,5776,5776,5776,5776,5776,5776,5776,5776,5776,5776,5776,5776,5776,5776,5776,5776,5776,5776,5776,5776,5776,5776,5776,5776,5776,5776,5776,5776,5776,5776,5776,5776,5776,5776,5776,5776,5776,5776,5776,5776,5776,5776,5776,5776,5776,5776,5776,5776,5776,5776,5776,5776,5776,5776,5776,5776,5776,5776,5776,5776,5776,5776,5776,5776,5776,5776,5776,5776,5776,5776,5776,5776,5776,5776,5776,5776,5776,5776,5776,5776,5776,5776,5776,5776,5776,5776,5776,5776,5768,5768,5768,5768,5768,5768,5768,5768,5768,5768,5768,5768,5768,5768,5768,5768,5768,5768,5768,5768,5768,5768,5768,5768,5768,5768,5768,5768,5768,5768,5768,5768,5768,5768,5768,5768,5768,5768,5768,5768,5768,5768,5768,5768,5768,5768,5768,5768,5768,5768,5768,5768,5768,5768,5768,5768,5768,5768,5768,5768,5768,5768,5768,5768,5760,5760,5760,5760,5760,5760,5760,5760,5760,5760,5760,5760,5760,5760,5760,5760,5760,5760,5760,5760,5760,5760,5760,5760,5760,5760,5760,5760,5760,5760,5760,5760,5760,5760,5760,5760,5760,5760,5760,5760,5760,5760,5760,5760,5760,5760,5760,5760,5760,5760,5760,5760,5760,5760,5760,5760,5760,5760,5760,5760,5760,5760,5760,5768,5768,5768,5768,5768,5768,5768,5768
0,0,0,0,0,0,0,0,0,0,0,0,0,0,0,0,0,0,0,0,0,0,0,0,0,0,5768,5768,5768,5768,5768,5768,5768,5768,5768,5768,5768,5768,5768,5768,5768,5768,5768,5768,5768,5768,5768,5768,5768,5768,5768,5768,5768,5768,5768,5768,5768,5768,5768,5768,5768,5768,5768,5768,5768,5768,5768,5768,5768,5768,5768,5768,5768,5768,5768,5768,5768,5768,5768,5768,5768,5768,5768,5768,5768,5768,5768,5768,5768,5768,5768,5768,5776,5776,5776,5776,5776,5776,5776,5776,5776,5776,5776,5776,5776,5776,5776,5776,5776,5776,5776,5776,5776,5776,5776,5776,5776,5776,5776,5776,5776,5776,5776,5776,5776,5776,5776,5776,5776,5776,5776,5776,5776,5776,5776,5776,5776,5776,5776,5776,5776,5776,5776,5776,5776,5776,5776,5776,5776,5776,5776,5776,5776,5776,5760,5760,5760,5760,5760,5760,5760,5760,5760,5760,5760,5760,5760,5760,5760,5760,5760,5760,5760,5760,5760,5760,5760,5760,5760,5760,5760,5760,5760,5760,5760,5760,5760,5760,5760,5760,5760,5760,5760,5760,5760,5760,5760,5760,5760,5760,5760,5760,5760,5760,5760,5760,5760,5760,5760,5760,5760,5760,5760,5760,5760,5760,5760,5760,5760,5760,5768,5768,5768,5768,5768,5768,5768,5768,5768,5768,5768,5768,5768,5768,5768,5768,5768,5768,5768,5768,5768,5768,5768,5768,5768,5768,5768,5768,5768,5768,5768,5768,5768,5768,5768,5768,5768,5768,5768,5768,5768,5768,5768,5768,5768,5768,5768,5768,5768,5768,5768,5768,5768,5768,5768,5768,5768,5768,5768,5768,5768,5768,5768,5768,5760,5760,5760,5760,5760,5760,5760,5760,5760,5760,5760,5760,5760,5760,5760,5760,5760,5760,5760,5760,5760,5760,5760,5760,5760,5760,5760,5760,5760,5760,5760,5760,5760,5760,5760,5760,5760,5760,5760,5760,5760,5760,5760,5760,5760,5760,5760,5760,5760,5760,5760,5760,5760,5760,5760,5760,5760,5760,5760,5760,5760,5760,5760,5760,5760,5776,5776,5776,5776,5776,5776,5776,5776,5776,5776,5776,5776,5776,5776,5776,5776,5776,5776,5776,5776,5776,5776,5776,5776,5776,5776,5776,5776,5776,5776,5776,5776,5776,5776,5776,5776,5776,5776,5776,5776,5776,5776,5776,5776,5776,5776,5776,5776,5776,5776,5776,5776,5776,5776,5776,5776,5776,5776,5776,5776,5776,5776,5776,5776,5776,5776,5776,5776,5776,5776,5776,5776,5776,5776,5776,5776,5776,5776,5776,5776,5776,5776,5776,5776,5776,5776,5776,5776,5776,5776,5776,5776,5776,5776,5776,5776,5776,5776,5776,5776,5776,5776,5776,5776,5776,5776,5776,5776,5776,5776,5776,5776,5776,5776,5776,5776,5776,5776,5776,5776,5776,5776,5776,5776,5776,5776,5776,5776,5776,5768,5768,5768,5768,5768,5768,5768,5768,5768,5768,5768,5768,5768,5768,5768,5768,5768,5768,5768,5768,5768,5768,5768,5768,5768,5768,5768,5768,5768,5768,5768,5768,5768,5768,5768,5768,5768,5768,5768,5768,5768,5768,5768,5768,5768,5768,5768,5768,5768,5768,5768,5768,5768,5768,5768,5768,5768,5768,5768,5768,5768,5768,5768,5784,5784,5784,5784,5784,5784,5784,5784,5784,5784,5784,5784,5784,5784,5784,5784,5784,5784,5784,5784,5784,5784,5784,5784,5784,5784,5784,5784,5784,5784,5784,5784,5784,5784,5784,5784,5784,5784,5784,5784,5784,5784,5784,5784,5784,5784,5784,5784,5784,5784,5784,5784,5784,5784,5784,5784,5784,5784,5784,5784,5784,5784,5784,5784,5784,5784,5784,5784,5784,5784,5784,5784,5784,5784,5784,5784,5784,5784,5784,5784,5784,5784,5784,5784,5784,5784,5784,5784,5784,5784,5784,5784,5784,5784,5784,5784,5784,5784,5784
0,0,0,0,0,0,0,0,0,0,0,0,0,0,0,0,0,0,0,0,0,0,0,0,0,0,0,0,0,0,0,0,0,0,0,0,0,0,0,0,0,0,0,0,0,0,0,0,0,0,0,0,0,0,0,0,0,5776,5776,5776,5776,5776,5776,5776,5776,5776,5776,5776,5776,5776,5776,5776,5776,5776,5776,5776,5776,5776,5776,5776,5776,5776,5776,5776,5776,5776,5776,5776,5776,5776,5776,5776,5776,5776,5776,5776,5776,5776,5776,5776,5776,5776,5776,5776,5776,5776,5776,5776,5776,5776,5776,5776,5776,5776,5776,5776,5776,5776,5776,5776,5768,5768,5768,5768,5768,5768,5768,5768,5768,5768,5768,5768,5768,5768,5768,5768,5768,5768,5768,5768,5768,5768,5768,5768,5768,5768,5768,5768,5768,5768,5768,5768,5768,5768,5768,5768,5768,5768,5768,5768,5768,5768,5768,5768,5768,5768,5768,5768,5768,5768,5768,5768,5768,5768,5768,5768,5768,5768,5768,5768,5768,5768,5768,5768,5768,5760,5760,5760,5760,5760,5760,5760,5760,5760,5760,5760,5760,5760,5760,5760,5760,5760,5760,5760,5760,5760,5760,5760,5760,5760,5760,5760,5760,5760,5760,5760,5760,5760,5760,5760,5760,5760,5760,5760,5760,5760,5760,5760,5760,5760,5760,5760,5760,5760,5760,5760,5760,5760,5760,5760,5760,5760,5760,5760,5760,5760,5760,5760,5760,5760,5768,5768,5768,5768,5768,5768,5768,5768,5768,5768,5768,5768,5768,5768,5768,5768,5768,5768,5768,5768,5768,5768,5768,5768,5768,5768,5768,5768,5768,5768,5768,5768,5768,5768,5768,5768,5768,5768,5768,5768,5768,5768,5768,5768,5768,5768,5768,5768,5768,5768,5768,5768,5768,5768,5768,5768,5768,5768,5768,5768,5768,5768,5768,5760,5760,5760,5760,5760,5760,5760,5760,5760,5760,5760,5760,5760,5760,5760,5760,5760,5760,5760,5760,5760,5760,5760,5760,5760,5760,5760,5760,5760,5760,5760,5760,5760,5760,5760,5760,5760,5760,5760,5760,5760,5760,5760,5760,5760,5760,5760,5760,5760,5760,5760,5760,5760,5760,5760,5760,5760,5760,5760,5760,5760,5760,5760,5760,5760,5784,5784,5784,5784,5784,5784,5784,5784,5784,5784,5784,5784,5784,5784,5784,5784,5784,5784,5784,5784,5784,5784,5784,5784,5784,5784,5784,5784,5784,5784,5784,5784,5784,5784,5784,5784,5784,5784,5784,5784,5784,5784,5784,5784,5784,5784,5784,5784,5784,5784,5784,5784,5784,5784,5784,5784,5784,5784,5784,5784,5784,5784,5784,5784,5784,5784,5784,5784,5784,5784,5784,5784,5784,5784,5784,5784,5784,5784,5784,5784,5784,5784,5784,5784,5784,5784,5784,5784,5784,5784,5784,5784,5784,5784,5784,5784,5784,5784,5784,5784,5784,5784,5784,5784,5784,5784,5784,5784,5784,5784,5784,5784,5784,5784,5784,5784,5784,5784,5784,5784,5784,5784,5784,5784,5784,5784,5784,5784,5784,5784,5776,5776,5776,5776,5776,5776,5776,5776,5776,5776,5776,5776,5776,5776,5776,5776,5776,5776,5776,5776,5776,5776,5776,5776,5776,5776,5776,5776,5776,5776,5776,5776,5776,5776,5776,5776,5776,5776,5776,5776,5776,5776,5776,5776,5776,5776,5776,5776,5776,5776,5776,5776,5776,5776,5776,5776,5776,5776,5776,5776,5776,5776,5776,5776,5776,5776,5776,5776,5776,5776,5776,5776,5776,5776,5776,5776,5776,5776,5776,5776,5776,5776,5776,5776,5776,5776,5776,5776,5776,5776,5776,5776,5776,5776,5776,5776,5776,5776,5776,5776,5776,5776,5776,5776,5776,5776,5776,5776,5776,5776,5776,5776,5776,5776,5776,5776,5776,5776,5776,5776,5776,5776,5776,5776,5776,5776,5776,5776,5776,5760,5760,5760
0,0,0,0,0,0,0,0,0,0,0,0,0,0,0,0,0,0,0,0,0,0,0,0,5768,5768,5768,5768,5768,5768,5768,5768,5768,5768,5768,5768,5768,5768,5768,5768,5768,5768,5768,5768,5768,5768,5768,5768,5768,5768,5768,5768,5768,5768,5768,5768,5768,5768,5768,5768,5768,5768,5768,5768,5768,5768,5768,5768,5768,5768,5768,5768,5768,5768,5768,5768,5768,5768,5768,5768,5768,5768,5768,5768,5768,5768,5768,5760,5760,5760,5760,5760,5760,5760,5760,5760,5760,5760,5760,5760,5760,5760,5760,5760,5760,5760,5760,5760,5760,5760,5760,5760,5760,5760,5760,5760,5760,5760,5760,5760,5760,5760,5760,5760,5760,5760,5760,5760,5760,5760,5760,5760,5760,5760,5760,5760,5760,5760,5760,5760,5760,5760,5760,5760,5760,5760,5760,5760,5760,5760,5760,5760,5760,5760,5768,5768,5768,5768,5768,5768,5768,5768,5768,5768,5768,5768,5768,5768,5768,5768,5768,5768,5768,5768,5768,5768,5768,5768,5768,5768,5768,5768,5768,5768,5768,5768,5768,5768,5768,5768,5768,5768,5768,5768,5768,5768,5768,5768,5768,5768,5768,5768,5768,5768,5768,5768,5768,5768,5768,5768,5768,5768,5768,5768,5768,5768,5768,5768,5768,5768,5768,5768,5768,5768,5768,5768,5768,5768,5768,5768,5768,5768,5768,5768,5768,5768,5768,5768,5768,5768,5768,5768,5768,5768,5768,5768,5768,5768,5768,5768,5768,5768,5768,5768,5768,5768,5768,5768,5768,5768,5768,5768,5768,5768,5768,5768,5768,5768,5768,5768,5768,5768,5768,5768,5768,5768,5768,5768,5768,5768,5768,5768,5760,5760,5760,5760,5760,5760,5760,5760,5760,5760,5760,5760,5760,5760,5760,5760,5760,5760,5760,5760,5760,5760,5760,5760,5760,5760,5760,5760,5760,5760,5760,5760,5760,5760,5760,5760,5760,5760,5760,5760,5760,5760,5760,5760,5760,5760,5760,5760,5760,5760,5760,5760,5760,5760,5760,5760,5760,5760,5760,5760,5760,5760,5760,5760,5768,5768,5768,5768,5768,5768,5768,5768,5768,5768,5768,5768,5768,5768,5768,5768,5768,5768,5768,5768,5768,5768,5768,5768,5768,5768,5768,5768,5768,5768,5768,5768,5768,5768,5768,5768,5768,5768,5768,5768,5768,5768,5768,5768,5768,5768,5768,5768,5768,5768,5768,5768,5768,5768,5768,5768,5768,5768,5768,5768,5768,5768,5768,5768,5768,5768,5776,5776,5776,5776,5776,5776,5776,5776,5776,5776,5776,5776,5776,5776,5776,5776,5776,5776,5776,5776,5776,5776,5776,5776,5776,5776,5776,5776,5776,5776,5776,5776,5776,5776,5776,5776,5776,5776,5776,5776,5776,5776,5776,5776,5776,5776,5776,5776,5776,5776,5776,5776,5776,5776,5776,5776,5776,5776,5776,5776,5760,5760,5760,5760,5760,5760,5760,5760,5760,5760,5760,5760,5760,5760,5760,5760,5760,5760,5760,5760,5760,5760,5760,5760,5760,5760,5760,5760,5760,5760,5760,5760,5760,5760,5760,5760,5760,5760,5760,5760,5760,5760,5760,5760,5760,5760,5760,5760,5760,5760,5760,5760,5760,5760,5760,5760,5760,5760,5760,5760,5760,5760,5760,5760,5760,5760,5760,5760,5760,5760,5760,5760,5760,5760,5760,5760,5760,5760,5760,5760,5760,5760,5760,5760,5760,5760,5760,5760,5760,5760,5760,5760,5760,5760,5760,5760,5760,5760,5760,5760,5760,5760,5760,5760,5760,5760,5760,5760,5760,5760,5760,5760,5760,5760,5760,5760,5760,5760,5760,5760,5760,5760,5760,5760,5760,5760,5760,5760,5760,5760,5760,5760,5784,5784,5784,5784,5784,5784,5784,5784,5784,5784,5784,5784,5784,5784,5784,5784,5784,5784,5784,5784,5784,5784,5784,5784,5784,5784,5784,5784,5784,5784,5784,5784,5784,5784,5784,5784
0,0,0,0,0,0,0,0,0,0,0,0,0,0,0,0,0,0,0,0,0,0,0,0,0,0,0,0,0,0,0,0,0,0,0,0,0,0,0,0,0,0,0,0,0,0,0,0,0,5760,5760,5760,5760,5760,5760,5760,5760,5760,5760,5760,5760,5760,5760,5760,5760,5760,5760,5760,5760,5760,5760,5760,5760,5760,5760,5760,5760,5760,5760,5760,5760,5760,5760,5760,5760,5760,5760,5760,5760,5760,5760,5760,5760,5760,5760,5760,5760,5760,5760,5760,5760,5760,5760,5760,5760,5760,5760,5760,5760,5760,5760,5760,5760,5760,5760,5776,5776,5776,5776,5776,5776,5776,5776,5776,5776,5776,5776,5776,5776,5776,5776,5776,5776,5776,5776,5776,5776,5776,5776,5776,5776,5776,5776,5776,5776,5776,5776,5776,5776,5776,5776,5776,5776,5776,5776,5776,5776,5776,5776,5776,5776,5776,5776,5776,5776,5776,5776,5776,5776,5776,5776,5776,5776,5776,5776,5776,5776,5776,5776,5776,5776,5776,5776,5776,5776,5776,5776,5776,5776,5776,5776,5776,5776,5776,5776,5776,5776,5776,5776,5776,5776,5776,5776,5776,5776,5776,5776,5776,5776,5776,5776,5776,5776,5776,5776,5776,5776,5776,5776,5776,5776,5776,5776,5776,5776,5776,5776,5776,5776,5776,5776,5776,5776,5776,5776,5776,5776,5776,5776,5776,5776,5776,5776,5776,5776,5776,5776,5776,5776,5776,5776,5776,5776,5776,5776,5776,5776,5776,5776,5776,5776,5776,5776,5776,5776,5776,5776,5776,5776,5776,5776,5776,5776,5776,5776,5776,5776,5776,5776,5776,5776,5776,5776,5776,5776,5776,5776,5776,5776,5776,5776,5776,5776,5776,5776,5776,5776,5776,5776,5776,5776,5776,5776,5776,5776,5776,5776,5776,5776,5776,5776,5776,5776,5776,5776,5776,5776,5776,5776,5776,5776,5776,5776,5776,5776,5776,5776,5776,5776,5776,5776,5776,5776,5776,5776,5776,5776,5776,5776,5776,5776,5776,5776,5776,5776,5776,5776,5776,5776,5776,5776,5776,5776,5776,5776,5776,5776,5776,5776,5776,5776,5776,5776,5776,5776,5776,5776,5776,5776,5776,5776,5776,5784,5784,5784,5784,5784,5784,5784,5784,5784,5784,5784,5784,5784,5784,5784,5784,5784,5784,5784,5784,5784,5784,5784,5784,5784,5784,5784,5784,5784,5784,5784,5784,5784,5784,5784,5784,5784,5784,5784,5784,5784,5784,5784,5784,5784,5784,5784,5784,5784,5784,5784,5784,5784,5784,5784,5784,5784,5784,5784,5784,5784,5784,5784,5784,5784,5760,5760,5760,5760,5760,5760,5760,5760,5760,5760,5760,5760,5760,5760,5760,5760,5760,5760,5760,5760,5760,5760,5760,5760,5760,5760,5760,5760,5760,5760,5760,5760,5760,5760,5760,5760,5760,5760,5760,5760,5760,5760,5760,5760,5760,5760,5760,5760,5760,5760,5760,5760,5760,5760,5760,5760,5760,5760,5760,5760,5760,5760,5760,5760,5760,5760,5760,5760,5760,5760,5760,5760,5760,5760,5760,5760,5760,5760,5760,5760,5760,5760,5760,5760,5760,5760,5760,5760,5760,5760,5760,5760,5760,5760,5760,5760,5760,5760,5760,5760,5760,5760,5760,5760,5760,5760,5760,5760,5760,5760,5760,5760,5760,5760,5760,5760,5760,5760,5760,5760,5760,5760,5760,5760,5760,5760,5760,5760,5776,5776,5776,5776,5776,5776,5776,5776,5776,5776,5776,5776,5776,5776,5776,5776,5776,5776,5776,5776,5776,5776,5776,5776,5776,5776,5776,5776,5776,5776,5776,5776,5776,5776,5776,5776,5776,5776,5776,5776,5776,5776,5776,5776,5776,5776,5776,5776,5776,5776,5776,5776,5776,5776,5776,5776,5776,5776,5776,5776,5776,5776,5776,5776,5776,5776,5776,5776,5776,5776,5776,5776,5776,5776,5776
0,0,0,0,0,0,0,0,0,0,0,0,0,0,0,0,0,0,0,5432,5432,5432,5432,5432,5432,5432,5432,5432,5432,5432,5432,5432,5432,5432,5432,5432,5432,5432,5432,5432,5432,5432,5432,5432,5432,5432,5432,5432,5432,5432,5432,5432,5432,5432,5432,5432,5432,5432,5432,5432,5432,5432,5432,5432,5432,5432,5432,5432,5432,5432,5432,5432,5432,5432,5432,5432,5432,5432,5408,5408,5408,5408,5408,5408,5408,5408,5408,5408,5408,5408,5408,5408,5408,5408,5408,5408,5408,5408,5408,5408,5408,5408,5408,5408,5408,5408,5408,5408,5408,5408,5408,5408,5408,5408,5408,5408,5408,5408,5408,5408,5408,5408,5408,5408,5408,5408,5408,5408,5408,5408,5408,5408,5408,5408,5408,5408,5408,5408,5408,5408,5408,5408,5408,5408,5408,5408,5408,5408,5408,5536,5536,5536,5536,5536,5536,5536,5536,5536,5536,5536,5536,5536,5536,5536,5536,5536,5536,5536,5536,5536,5536,5536,5536,5536,5536,5536,5536,5536,5536,5536,5536,5536,5536,5536,5536,5536,5536,5536,5536,5536,5536,5536,5536,5536,5536,5536,5536,5536,5536,5536,5536,5536,5536,5536,5536,5536,5536,5536,5536,5536,5536,5536,5536,5616,5616,5616,5616,5616,5616,5616,5616,5616,5616,5616,5616,5616,5616,5616,5616,5616,5616,5616,5616,5616,5616,5616,5616,5616,5616,5616,5616,5616,5616,5616,5616,5616,5616,5616,5616,5616,5616,5616,5616,5616,5616,5616,5616,5616,5616,5616,5616,5616,5616,5616,5616,5616,5616,5616,5616,5616,5616,5616,5616,5616,5616,5616,5616,5616,5616,5616,5616,5616,5616,5616,5616,5616,5616,5616,5616,5616,5616,5616,5616,5616,5616,5616,5616,5616,5616,5616,5616,5616,5616,5616,5616,5616,5616,5616,5616,5616,5616,5616,5616,5616,5616,5616,5616,5616,5616,5616,5616,5616,5616,5616,5616,5616,5616,5616,5616,5616,5616,5616,5616,5616,5616,5616,5616,5616,5616,5616,5616,5616,5608,5608,5608,5608,5608,5608,5608,5608,5608,5608,5608,5608,5608,5608,5608,5608,5608,5608,5608,5608,5608,5608,5608,5608,5608,5608,5608,5608,5608,5608,5608,5608,5608,5608,5608,5608,5608,5608,5608,5608,5608,5608,5608,5608,5608,5608,5608,5608,5608,5608,5608,5608,5608,5608,5608,5608,5608,5608,5608,5608,5608,5608,5608,5608,5624,5624,5624,5624,5624,5624,5624,5624,5624,5624,5624,5624,5624,5624,5624,5624,5624,5624,5624,5624,5624,5624,5624,5624,5624,5624,5624,5624,5624,5624,5624,5624,5624,5624,5624,5624,5624,5624,5624,5624,5624,5624,5624,5624,5624,5624,5624,5624,5624,5624,5624,5624,5624,5624,5624,5624,5624,5624,5624,5624,5624,5624,5680,5680,5680,5680,5680,5680,5680,5680,5680,5680,5680,5680,5680,5680,5680,5680,5680,5680,5680,5680,5680,5680,5680,5680,5680,5680,5680,5680,5680,5680,5680,5680,5680,5680,5680,5680,5680,5680,5680,5680,5680,5680,5680,5680,5680,5680,5680,5680,5680,5680,5680,5680,5680,5680,5680,5680,5680,5680,5680,5680,5680,5680,5680,5680,5680,5680,5680,5680,5664,5664,5664,5664,5664,5664,5664,5664,5664,5664,5664,5664,5664,5664,5664,5664,5664,5664,5664,5664,5664,5664,5664,5664,5664,5664,5664,5664,5664,5664,5664,5664,5664,5664,5664,5664,5664,5664,5664,5664,5664,5664,5664,5664,5664,5664,5664,5664,5664,5664,5664,5664,5664,5664,5664,5664,5664,5664,5664,5664,5664,5664,5664,5664,5680,5680,5680,5680,5680,5680,5680,5680,5680,5680,5680,5680,5680,5680,5680,5680,5680,5680,5680,5680,5680,5680,5680,5680,5680,5680,5680,5680,5680,5680,5680,5680,5680,5680,5680,5680,5680,5680,5680,5680
0,0,0,0,0,0,0,0,0,0,0,0,0,0,0,0,0,0,0,0,0,0,0,0,0,0,0,0,0,0,0,0,0,0,0,0,0,0,0,0,0,0,0,0,0,0,0,0,0,0,0,5696,5696,5696,5696,5696,5696,5696,5696,5696,5696,5696,5696,5696,5696,5696,5696,5696,5696,5696,5696,5696,5696,5696,5696,5696,5696,5696,5696,5696,5696,5696,5696,5696,5696,5696,5696,5696,5696,5696,5696,5696,5696,5696,5696,5696,5696,5696,5696,5696,5696,5696,5696,5696,5696,5696,5696,5696,5696,5696,5696,5696,5696,5696,5720,5720,5720,5720,5720,5720,5720,5720,5720,5720,5720,5720,5720,5720,5720,5720,5720,5720,5720,5720,5720,5720,5720,5720,5720,5720,5720,5720,5720,5720,5720,5720,5720,5720,5720,5720,5720,5720,5720,5720,5720,5720,5720,5720,5720,5720,5720,5720,5720,5720,5720,5720,5720,5720,5720,5720,5720,5720,5720,5720,5720,5720,5720,5720,5720,5744,5744,5744,5744,5744,5744,5744,5744,5744,5744,5744,5744,5744,5744,5744,5744,5744,5744,5744,5744,5744,5744,5744,5744,5744,5744,5744,5744,5744,5744,5744,5744,5744,5744,5744,5744,5744,5744,5744,5744,5744,5744,5744,5744,5744,5744,5744,5744,5744,5744,5744,5744,5744,5744,5744,5744,5744,5744,5744,5744,5744,5744,5744,5744,5728,5728,5728,5728,5728,5728,5728,5728,5728,5728,5728,5728,5728,5728,5728,5728,5728,5728,5728,5728,5728,5728,5728,5728,5728,5728,5728,5728,5728,5728,5728,5728,5728,5728,5728,5728,5728,5728,5728,5728,5728,5728,5728,5728,5728,5728,5728,5728,5728,5728,5728,5728,5728,5728,5728,5728,5728,5728,5728,5728,5728,5728,5728,5728,5728,5728,5744,5744,5744,5744,5744,5744,5744,5744,5744,5744,5744,5744,5744,5744,5744,5744,5744,5744,5744,5744,5744,5744,5744,5744,5744,5744,5744,5744,5744,5744,5744,5744,5744,5744,5744,5744,5744,5744,5744,5744,5744,5744,5744,5744,5744,5744,5744,5744,5744,5744,5744,5744,5744,5744,5744,5744,5744,5744,5744,5744,5744,5744,5744,5768,5768,5768,5768,5768,5768,5768,5768,5768,5768,5768,5768,5768,5768,5768,5768,5768,5768,5768,5768,5768,5768,5768,5768,5768,5768,5768,5768,5768,5768,5768,5768,5768,5768,5768,5768,5768,5768,5768,5768,5768,5768,5768,5768,5768,5768,5768,5768,5768,5768,5768,5768,5768,5768,5768,5768,5768,5768,5768,5768,5768,5768,5768,5768,5768,5800,5800,5800,5800,5800,5800,5800,5800,5800,5800,5800,5800,5800,5800,5800,5800,5800,5800,5800,5800,5800,5800,5800,5800,5800,5800,5800,5800,5800,5800,5800,5800,5800,5800,5800,5800,5800,5800,5800,5800,5800,5800,5800,5800,5800,5800,5800,5800,5800,5800,5800,5800,5800,5800,5800,5800,5800,5800,5800,5800,5800,5800,5800,5808,5808,5808,5808,5808,5808,5808,5808,5808,5808,5808,5808,5808,5808,5808,5808,5808,5808,5808,5808,5808,5808,5808,5808,5808,5808,5808,5808,5808,5808,5808,5808,5808,5808,5808,5808,5808,5808,5808,5808,5808,5808,5808,5808,5808,5808,5808,5808,5808,5808,5808,5808,5808,5808,5808,5808,5808,5808,5808,5808,5808,5808,5808,5808,5808,5808,5808,5816,5816,5816,5816,5816,5816,5816,5816,5816,5816,5816,5816,5816,5816,5816,5816,5816,5816,5816,5816,5816,5816,5816,5816,5816,5816,5816,5816,5816,5816,5816,5816,5816,5816,5816,5816,5816,5816,5816,5816,5816,5816,5816,5816,5816,5816,5816,5816,5816,5816,5816,5816,5816,5816,5816,5816,5816,5816,5816,5816,5816,5816,5816,5816,5816,5816,5816,5816,5816,5816,5816,5816,5816
0,0,0,0,0,0,0,0,0,0,0,0,0,0,0,0,0,0,5816,5816,5816,5816,5816,5816,5816,5816,5816,5816,5816,5816,5816,5816,5816,5816,5816,5816,5816,5816,5816,5816,5816,5816,5816,5816,5816,5816,5816,5816,5816,5816,5816,5816,5816,5816,5816,5816,5816,5816,5816,5816,5816,5816,5816,5816,5816,5816,5816,5816,5816,5816,5816,5816,5816,5816,5816,5816,5816,5816,5816,5816,5816,5792,5792,5792,5792,5792,5792,5792,5792,5792,5792,5792,5792,5792,5792,5792,5792,5792,5792,5792,5792,5792,5792,5792,5792,5792,5792,5792,5792,5792,5792,5792,5792,5792,5792,5792,5792,5792,5792,5792,5792,5792,5792,5792,5792,5792,5792,5792,5792,5792,5792,5792,5792,5792,5792,5792,5792,5792,5792,5792,5792,5792,5792,5792,5792,5792,5792,5800,5800,5800,5800,5800,5800,5800,5800,5800,5800,5800,5800,5800,5800,5800,5800,5800,5800,5800,5800,5800,5800,5800,5800,5800,5800,5800,5800,5800,5800,5800,5800,5800,5800,5800,5800,5800,5800,5800,5800,5800,5800,5800,5800,5800,5800,5800,5800,5800,5800,5800,5800,5800,5800,5800,5800,5800,5800,5800,5800,5816,5816,5816,5816,5816,5816,5816,5816,5816,5816,5816,5816,5816,5816,5816,5816,5816,5816,5816,5816,5816,5816,5816,5816,5816,5816,5816,5816,5816,5816,5816,5816,5816,5816,5816,5816,5816,5816,5816,5816,5816,5816,5816,5816,5816,5816,5816,5816,5816,5816,5816,5816,5816,5816,5816,5816,5816,5816,5816,5816,5816,5816,5816,5800,5800,5800,5800,5800,5800,5800,5800,5800,5800,5800,5800,5800,5800,5800,5800,5800,5800,5800,5800,5800,5800,5800,5800,5800,5800,5800,5800,5800,5800,5800,5800,5800,5800,5800,5800,5800,5800,5800,5800,5800,5800,5800,5800,5800,5800,5800,5800,5800,5800,5800,5800,5800,5800,5800,5800,5800,5800,5800,5800,5800,5800,5800,5800,5800,5800,5800,5800,5800,5816,5816,5816,5816,5816,5816,5816,5816,5816,5816,5816,5816,5816,5816,5816,5816,5816,5816,5816,5816,5816,5816,5816,5816,5816,5816,5816,5816,5816,5816,5816,5816,5816,5816,5816,5816,5816,5816,5816,5816,5816,5816,5816,5816,5816,5816,5816,5816,5816,5816,5816,5816,5816,5816,5816,5816,5816,5816,5816,5816,5816,5816,5816,5816,5816,5808,5808,5808,5808,5808,5808,5808,5808,5808,5808,5808,5808,5808,5808,5808,5808,5808,5808,5808,5808,5808,5808,5808,5808,5808,5808,5808,5808,5808,5808,5808,5808,5808,5808,5808,5808,5808,5808,5808,5808,5808,5808,5808,5808,5808,5808,5808,5808,5808,5808,5808,5808,5808,5808,5808,5808,5808,5808,5808,5808,5808,5808,5808,5808,5792,5792,5792,5792,5792,5792,5792,5792,5792,5792,5792,5792,5792,5792,5792,5792,5792,5792,5792,5792,5792,5792,5792,5792,5792,5792,5792,5792,5792,5792,5792,5792,5792,5792,5792,5792,5792,5792,5792,5792,5792,5792,5792,5792,5792,5792,5792,5792,5792,5792,5792,5792,5792,5792,5792,5792,5792,5792,5792,5792,5792,5792,5792,5792,5792,5792,5808,5808,5808,5808,5808,5808,5808,5808,5808,5808,5808,5808,5808,5808,5808,5808,5808,5808,5808,5808,5808,5808,5808,5808,5808,5808,5808,5808,5808,5808,5808,5808,5808,5808,5808,5808,5808,5808,5808,5808,5808,5808,5808,5808,5808,5808,5808,5808,5808,5808,5808,5808,5808,5808,5808,5808,5808,5808,5808,5808,5808,5800,5800,5800,5800,5800,5800,5800,5800,5800,5800,5800,5800,5800,5800,5800,5800,5800,5800,5800,5800,5800,5800,5800,5800,5800,5800,5800,5800,5800,5800,5800,5800,5800,5800,5800,5800,5800,5800,5800,5800,5800,5800,5800,5800,5800
0,0,0,0,0,0,0,0,0,0,0,0,0,0,0,0,0,0,0,0,0,0,0,0,0,0,0,0,0,0,0,0,0,0,0,0,0,0,0,0,0,0,0,0,0,0,0,0,0,0,0,0,0,0,0,0,5800,5800,5800,5800,5800,5800,5800,5800,5800,5800,5800,5800,5800,5800,5800,5800,5800,5800,5800,5800,5800,5800,5800,5800,5800,5800,5800,5800,5800,5800,5800,5800,5800,5800,5800,5800,5800,5800,5800,5800,5800,5800,5800,5800,5800,5800,5800,5800,5800,5800,5800,5800,5800,5800,5800,5800,5800,5800,5800,5800,5800,5800,5800,5800,5800,5800,5800,5800,5800,5800,5800,5800,5800,5800,5800,5800,5800,5800,5800,5800,5800,5800,5800,5800,5800,5800,5800,5800,5800,5800,5800,5800,5800,5800,5800,5800,5800,5800,5800,5800,5800,5800,5800,5800,5800,5800,5800,5800,5800,5800,5800,5800,5800,5800,5800,5800,5800,5800,5800,5800,5800,5800,5800,5800,5800,5800,5800,5808,5808,5808,5808,5808,5808,5808,5808,5808,5808,5808,5808,5808,5808,5808,5808,5808,5808,5808,5808,5808,5808,5808,5808,5808,5808,5808,5808,5808,5808,5808,5808,5808,5808,5808,5808,5808,5808,5808,5808,5808,5808,5808,5808,5808,5808,5808,5808,5808,5808,5808,5808,5808,5808,5808,5808,5808,5808,5808,5808,5808,5808,5808,5808,5808,5808,5808,5800,5800,5800,5800,5800,5800,5800,5800,5800,5800,5800,5800,5800,5800,5800,5800,5800,5800,5800,5800,5800,5800,5800,5800,5800,5800,5800,5800,5800,5800,5800,5800,5800,5800,5800,5800,5800,5800,5800,5800,5800,5800,5800,5800,5800,5800,5800,5800,5800,5800,5800,5800,5800,5800,5800,5800,5800,5800,5800,5800,5800,5800,5800,5800,5792,5792,5792,5792,5792,5792,5792,5792,5792,5792,5792,5792,5792,5792,5792,5792,5792,5792,5792,5792,5792,5792,5792,5792,5792,5792,5792,5792,5792,5792,5792,5792,5792,5792,5792,5792,5792,5792,5792,5792,5792,5792,5792,5792,5792,5792,5792,5792,5792,5792,5792,5792,5792,5792,5792,5792,5792,5792,5792,5792,5792,5792,5792,5792,5792,5792,5792,5792,5792,5792,5792,5792,5792,5792,5792,5792,5792,5792,5792,5792,5792,5792,5792,5792,5792,5792,5792,5792,5792,5792,5792,5792,5792,5792,5792,5792,5792,5792,5792,5792,5792,5792,5792,5792,5792,5792,5792,5792,5792,5792,5792,5792,5792,5792,5792,5792,5792,5792,5792,5792,5792,5792,5792,5792,5816,5816,5816,5816,5816,5816,5816,5816,5816,5816,5816,5816,5816,5816,5816,5816,5816,5816,5816,5816,5816,5816,5816,5816,5816,5816,5816,5816,5816,5816,5816,5816,5816,5816,5816,5816,5816,5816,5816,5816,5816,5816,5816,5816,5816,5816,5816,5816,5816,5816,5816,5816,5816,5816,5816,5816,5816,5816,5816,5816,5816,5816,5816,5816,5816,5816,5816,5816,5816,5816,5792,5792,5792,5792,5792,5792,5792,5792,5792,5792,5792,5792,5792,5792,5792,5792,5792,5792,5792,5792,5792,5792,5792,5792,5792,5792,5792,5792,5792,5792,5792,5792,5792,5792,5792,5792,5792,5792,5792,5792,5792,5792,5792,5792,5792,5792,5792,5792,5792,5792,5792,5792,5792,5792,5792,5792,5792,5792,5792,5792,5792,5792,5792,5800,5800,5800,5800,5800,5800,5800,5800,5800,5800,5800,5800,5800,5800,5800,5800,5800,5800,5800,5800,5800,5800,5800,5800,5800,5800,5800,5800,5800,5800,5800,5800,5800,5800,5800,5800,5800,5800,5800,5800,5800,5800,5800,5800,5800,5800,5800,5800,5800,5800,5800,5800,5800,5800,5800,5800,5800,5800,5800,5800,5800,5800,5800,5800,5800,5800,5816,5816,5816
0,0,0,0,0,0,0,0,0,0,0,0,0,0,0,0,0,0,0,0,0,0,0,0,0,0,5816,5816,5816,5816,5816,5816,5816,5816,5816,5816,5816,5816,5816,5816,5816,5816,5816,5816,5816,5816,5816,5816,5816,5816,5816,5816,5816,5816,5816,5816,5816,5816,5816,5816,5816,5816,5816,5816,5816,5816,5816,5816,5816,5816,5816,5816,5816,5816,5816,5816,5816,5816,5816,5816,5816,5816,5816,5816,5816,5816,5816,5816,5816,5816,5816,5816,5816,5816,5816,5800,5800,5800,5800,5800,5800,5800,5800,5800,5800,5800,5800,5800,5800,5800,5800,5800,5800,5800,5800,5800,5800,5800,5800,5800,5800,5800,5800,5800,5800,5800,5800,5800,5800,5800,5800,5800,5800,5800,5800,5800,5800,5800,5800,5800,5800,5800,5800,5800,5800,5800,5800,5800,5800,5800,5800,5800,5800,5800,5800,5800,5800,5800,5800,5800,5808,5808,5808,5808,5808,5808,5808,5808,5808,5808,5808,5808,5808,5808,5808,5808,5808,5808,5808,5808,5808,5808,5808,5808,5808,5808,5808,5808,5808,5808,5808,5808,5808,5808,5808,5808,5808,5808,5808,5808,5808,5808,5808,5808,5808,5808,5808,5808,5808,5808,5808,5808,5808,5808,5808,5808,5808,5808,5808,5808,5808,5808,5808,5808,5800,5800,5800,5800,5800,5800,5800,5800,5800,5800,5800,5800,5800,5800,5800,5800,5800,5800,5800,5800,5800,5800,5800,5800,5800,5800,5800,5800,5800,5800,5800,5800,5800,5800,5800,5800,5800,5800,5800,5800,5800,5800,5800,5800,5800,5800,5800,5800,5800,5800,5800,5800,5800,5800,5800,5800,5800,5800,5800,5800,5800,5800,5800,5800,5800,5800,5800,5800,5800,5800,5800,5800,5800,5800,5800,5800,5800,5800,5800,5800,5800,5800,5800,5800,5800,5800,5800,5800,5800,5800,5800,5800,5800,5800,5800,5800,5800,5800,5800,5800,5800,5800,5800,5800,5800,5800,5800,5800,5800,5800,5800,5800,5800,5800,5800,5800,5800,5800,5800,5800,5800,5800,5800,5800,5800,5800,5800,5800,5800,5800,5816,5816,5816,5816,5816,5816,5816,5816,5816,5816,5816,5816,5816,5816,5816,5816,5816,5816,5816,5816,5816,5816,5816,5816,5816,5816,5816,5816,5816,5816,5816,5816,5816,5816,5816,5816,5816,5816,5816,5816,5816,5816,5816,5816,5816,5816,5816,5816,5816,5816,5816,5816,5816,5816,5816,5816,5816,5816,5816,5816,5816,5816,5816,5808,5808,5808,5808,5808,5808,5808,5808,5808,5808,5808,5808,5808,5808,5808,5808,5808,5808,5808,5808,5808,5808,5808,5808,5808,5808,5808,5808,5808,5808,5808,5808,5808,5808,5808,5808,5808,5808,5808,5808,5808,5808,5808,5808,5808,5808,5808,5808,5808,5808,5808,5808,5808,5808,5808,5808,5808,5808,5808,5808,5808,5808,5808,5808,5808,5808,5800,5800,5800,5800,5800,5800,5800,5800,5800,5800,5800,5800,5800,5800,5800,5800,5800,5800,5800,5800,5800,5800,5800,5800,5800,5800,5800,5800,5800,5800,5800,5800,5800,5800,5800,5800,5800,5800,5800,5800,5800,5800,5800,5800,5800,5800,5800,5800,5800,5800,5800,5800,5800,5800,5800,5800,5800,5800,5800,5800,5800,5800,5792,5792,5792,5792,5792,5792,5792,5792,5792,5792,5792,5792,5792,5792,5792,5792,5792,5792,5792,5792,5792,5792,5792,5792,5792,5792,5792,5792,5792,5792,5792,5792,5792,5792,5792,5792,5792,5792,5792,5792,5792,5792,5792,5792,5792,5792,5792,5792,5792,5792,5792,5792,5792,5792,5792,5792,5792,5792,5792,5792,5792,5792,5792,5792,5792,5792,5792,5792,5792,5792,5792,5792,5792,5792,5792,5792,5792,5792,5792,5792,5792,5792,5792,5792,5792,5792,5792,5792,5792,5792,5792,5792,5792,5792,5792
0,0,0,0,0,0,0,0,0,0,0,0,0,0,0,0,0,0,5904,5904,5904,5904,5904,5904,5904,5904,5904,5904,5904,5904,5904,5904,5904,5904,5904,5904,5904,5904,5904,5904,5904,5904,5904,5904,5904,5904,5904,5904,5904,5904,5904,5904,5904,5904,5904,5904,5904,5904,5904,5904,5904,5904,5904,5904,5904,5904,5904,5904,5904,5904,5904,5904,5904,5904,5904,5904,5904,5904,5904,5904,5904,5904,5904,5904,5912,5912,5912,5912,5912,5912,5912,5912,5912,5912,5912,5912,5912,5912,5912,5912,5912,5912,5912,5912,5912,5912,5912,5912,5912,5912,5912,5912,5912,5912,5912,5912,5912,5912,5912,5912,5912,5912,5912,5912,5912,5912,5912,5912,5912,5912,5912,5912,5912,5912,5912,5912,5912,5912,5912,5912,5912,5912,5912,5912,5912,5912,5912,5912,5888,5888,5888,5888,5888,5888,5888,5888,5888,5888,5888,5888,5888,5888,5888,5888,5888,5888,5888,5888,5888,5888,5888,5888,5888,5888,5888,5888,5888,5888,5888,5888,5888,5888,5888,5888,5888,5888,5888,5888,5888,5888,5888,5888,5888,5888,5888,5888,5888,5888,5888,5888,5888,5888,5888,5888,5888,5888,5888,5888,5888,5888,5888,5888,5888,5888,5896,5896,5896,5896,5896,5896,5896,5896,5896,5896,5896,5896,5896,5896,5896,5896,5896,5896,5896,5896,5896,5896,5896,5896,5896,5896,5896,5896,5896,5896,5896,5896,5896,5896,5896,5896,5896,5896,5896,5896,5896,5896,5896,5896,5896,5896,5896,5896,5896,5896,5896,5896,5896,5896,5896,5896,5896,5896,5896,5896,5896,5896,5896,5896,5904,5904,5904,5904,5904,5904,5904,5904,5904,5904,5904,5904,5904,5904,5904,5904,5904,5904,5904,5904,5904,5904,5904,5904,5904,5904,5904,5904,5904,5904,5904,5904,5904,5904,5904,5904,5904,5904,5904,5904,5904,5904,5904,5904,5904,5904,5904,5904,5904,5904,5904,5904,5904,5904,5904,5904,5904,5904,5904,5904,5904,5904,5904,5904,5912,5912,5912,5912,5912,5912,5912,5912,5912,5912,5912,5912,5912,5912,5912,5912,5912,5912,5912,5912,5912,5912,5912,5912,5912,5912,5912,5912,5912,5912,5912,5912,5912,5912,5912,5912,5912,5912,5912,5912,5912,5912,5912,5912,5912,5912,5912,5912,5912,5912,5912,5912,5912,5912,5912,5912,5912,5912,5912,5912,5912,5912,5912,5912,5904,5904,5904,5904,5904,5904,5904,5904,5904,5904,5904,5904,5904,5904,5904,5904,5904,5904,5904,5904,5904,5904,5904,5904,5904,5904,5904,5904,5904,5904,5904,5904,5904,5904,5904,5904,5904,5904,5904,5904,5904,5904,5904,5904,5904,5904,5904,5904,5904,5904,5904,5904,5904,5904,5904,5904,5904,5904,5904,5904,5904,5904,5904,5904,5904,5904,5888,5888,5888,5888,5888,5888,5888,5888,5888,5888,5888,5888,5888,5888,5888,5888,5888,5888,5888,5888,5888,5888,5888,5888,5888,5888,5888,5888,5888,5888,5888,5888,5888,5888,5888,5888,5888,5888,5888,5888,5888,5888,5888,5888,5888,5888,5888,5888,5888,5888,5888,5888,5888,5888,5888,5888,5888,5888,5888,5888,5888,5888,5888,5888,5904,5904,5904,5904,5904,5904,5904,5904,5904,5904,5904,5904,5904,5904,5904,5904,5904,5904,5904,5904,5904,5904,5904,5904,5904,5904,5904,5904,5904,5904,5904,5904,5904,5904,5904,5904,5904,5904,5904,5904,5904,5904,5904,5904,5904,5904,5904,5904,5904,5904,5904,5904,5904,5904,5904,5904,5904,5904,5904,5904,5904,5904,5888,5888,5888,5888,5888,5888,5888,5888,5888,5888,5888,5888,5888,5888,5888,5888,5888,5888,5888,5888,5888,5888,5888,5888,5888,5888,5888,5888,5888,5888,5888,5888,5888,5888,5888,5888,5888,5888,5888,5888,5888,5888
0,0,0,0,0,0,0,0,0,0,0,0,0,0,0,0,0,0,0,0,0,0,0,0,0,0,0,0,0,0,0,0,0,0,0,0,0,0,0,0,0,0,0,0,0,0,0,0,0,0,0,0,0,0,0,0,5896,5896,5896,5896,5896,5896,5896,5896,5896,5896,5896,5896,5896,5896,5896,5896,5896,5896,5896,5896,5896,5896,5896,5896,5896,5896,5896,5896,5896,5896,5896,5896,5896,5896,5896,5896,5896,5896,5896,5896,5896,5896,5896,5896,5896,5896,5896,5896,5896,5896,5896,5896,5896,5896,5896,5896,5896,5896,5896,5896,5896,5896,5896,5896,5904,5904,5904,5904,5904,5904,5904,5904,5904,5904,5904,5904,5904,5904,5904,5904,5904,5904,5904,5904,5904,5904,5904,5904,5904,5904,5904,5904,5904,5904,5904,5904,5904,5904,5904,5904,5904,5904,5904,5904,5904,5904,5904,5904,5904,5904,5904,5904,5904,5904,5904,5904,5904,5904,5904,5904,5904,5904,5904,5904,5904,5904,5904,5904,5896,5896,5896,5896,5896,5896,5896,5896,5896,5896,5896,5896,5896,5896,5896,5896,5896,5896,5896,5896,5896,5896,5896,5896,5896,5896,5896,5896,5896,5896,5896,5896,5896,5896,5896,5896,5896,5896,5896,5896,5896,5896,5896,5896,5896,5896,5896,5896,5896,5896,5896,5896,5896,5896,5896,5896,5896,5896,5896,5896,5896,5896,5896,5896,5896,5888,5888,5888,5888,5888,5888,5888,5888,5888,5888,5888,5888,5888,5888,5888,5888,5888,5888,5888,5888,5888,5888,5888,5888,5888,5888,5888,5888,5888,5888,5888,5888,5888,5888,5888,5888,5888,5888,5888,5888,5888,5888,5888,5888,5888,5888,5888,5888,5888,5888,5888,5888,5888,5888,5888,5888,5888,5888,5888,5888,5888,5888,5888,5888,5888,5888,5888,5888,5888,5888,5888,5888,5888,5888,5888,5888,5888,5888,5888,5888,5888,5888,5888,5888,5888,5888,5888,5888,5888,5888,5888,5888,5888,5888,5888,5888,5888,5888,5888,5888,5888,5888,5888,5888,5888,5888,5888,5888,5888,5888,5888,5888,5888,5888,5888,5888,5888,5888,5888,5888,5888,5888,5888,5888,5888,5888,5888,5888,5904,5904,5904,5904,5904,5904,5904,5904,5904,5904,5904,5904,5904,5904,5904,5904,5904,5904,5904,5904,5904,5904,5904,5904,5904,5904,5904,5904,5904,5904,5904,5904,5904,5904,5904,5904,5904,5904,5904,5904,5904,5904,5904,5904,5904,5904,5904,5904,5904,5904,5904,5904,5904,5904,5904,5904,5904,5904,5904,5904,5904,5904,5904,5904,5904,5904,5912,5912,5912,5912,5912,5912,5912,5912,5912,5912,5912,5912,5912,5912,5912,5912,5912,5912,5912,5912,5912,5912,5912,5912,5912,5912,5912,5912,5912,5912,5912,5912,5912,5912,5912,5912,5912,5912,5912,5912,5912,5912,5912,5912,5912,5912,5912,5912,5912,5912,5912,5912,5912,5912,5912,5912,5912,5912,5912,5912,5912,5912,5912,5912,5896,5896,5896,5896,5896,5896,5896,5896,5896,5896,5896,5896,5896,5896,5896,5896,5896,5896,5896,5896,5896,5896,5896,5896,5896,5896,5896,5896,5896,5896,5896,5896,5896,5896,5896,5896,5896,5896,5896,5896,5896,5896,5896,5896,5896,5896,5896,5896,5896,5896,5896,5896,5896,5896,5896,5896,5896,5896,5896,5896,5896,5896,5896,5896,5888,5888,5888,5888,5888,5888,5888,5888,5888,5888,5888,5888,5888,5888,5888,5888,5888,5888,5888,5888,5888,5888,5888,5888,5888,5888,5888,5888,5888,5888,5888,5888,5888,5888,5888,5888,5888,5888,5888,5888,5888,5888,5888,5888,5888,5888,5888,5888,5888,5888,5888,5888,5888,5888,5888,5888,5888,5888,5888,5888,5888,5888,5912,5912,5912,5912,5912,5912,5912
0,0,0,0,0,0,0,0,0,0,0,0,0,0,0,0,0,0,0,5896,5896,5896,5896,5896,5896,5896,5896,5896,5896,5896,5896,5896,5896,5896,5896,5896,5896,5896,5896,5896,5896,5896,5896,5896,5896,5896,5896,5896,5896,5896,5896,5896,5896,5896,5896,5896,5896,5896,5896,5896,5896,5896,5896,5896,5896,5896,5896,5896,5896,5896,5896,5896,5896,5896,5896,5896,5896,5896,5896,5896,5896,5896,5888,5888,5888,5888,5888,5888,5888,5888,5888,5888,5888,5888,5888,5888,5888,5888,5888,5888,5888,5888,5888,5888,5888,5888,5888,5888,5888,5888,5888,5888,5888,5888,5888,5888,5888,5888,5888,5888,5888,5888,5888,5888,5888,5888,5888,5888,5888,5888,5888,5888,5888,5888,5888,5888,5888,5888,5888,5888,5888,5888,5888,5888,5888,5888,5888,5888,5896,5896,5896,5896,5896,5896,5896,5896,5896,5896,5896,5896,5896,5896,5896,5896,5896,5896,5896,5896,5896,5896,5896,5896,5896,5896,5896,5896,5896,5896,5896,5896,5896,5896,5896,5896,5896,5896,5896,5896,5896,5896,5896,5896,5896,5896,5896,5896,5896,5896,5896,5896,5896,5896,5896,5896,5896,5896,5896,5896,5896,5896,5896,5896,5896,5896,5896,5896,5896,5896,5896,5896,5896,5896,5896,5896,5896,5896,5896,5896,5896,5896,5896,5896,5896,5896,5896,5896,5896,5896,5896,5896,5896,5896,5896,5896,5896,5896,5896,5896,5896,5896,5896,5896,5896,5896,5896,5896,5896,5896,5896,5896,5896,5896,5896,5896,5896,5896,5896,5896,5896,5896,5896,5896,5896,5896,5896,5896,5896,5896,5888,5888,5888,5888,5888,5888,5888,5888,5888,5888,5888,5888,5888,5888,5888,5888,5888,5888,5888,5888,5888,5888,5888,5888,5888,5888,5888,5888,5888,5888,5888,5888,5888,5888,5888,5888,5888,5888,5888,5888,5888,5888,5888,5888,5888,5888,5888,5888,5888,5888,5888,5888,5888,5888,5888,5888,5888,5888,5888,5888,5888,5888,5888,5888,5912,5912,5912,5912,5912,5912,5912,5912,5912,5912,5912,5912,5912,5912,5912,5912,5912,5912,5912,5912,5912,5912,5912,5912,5912,5912,5912,5912,5912,5912,5912,5912,5912,5912,5912,5912,5912,5912,5912,5912,5912,5912,5912,5912,5912,5912,5912,5912,5912,5912,5912,5912,5912,5912,5912,5912,5912,5912,5912,5912,5912,5912,5912,5912,5896,5896,5896,5896,5896,5896,5896,5896,5896,5896,5896,5896,5896,5896,5896,5896,5896,5896,5896,5896,5896,5896,5896,5896,5896,5896,5896,5896,5896,5896,5896,5896,5896,5896,5896,5896,5896,5896,5896,5896,5896,5896,5896,5896,5896,5896,5896,5896,5896,5896,5896,5896,5896,5896,5896,5896,5896,5896,5896,5896,5896,5896,5896,5896,5896,5904,5904,5904,5904,5904,5904,5904,5904,5904,5904,5904,5904,5904,5904,5904,5904,5904,5904,5904,5904,5904,5904,5904,5904,5904,5904,5904,5904,5904,5904,5904,5904,5904,5904,5904,5904,5904,5904,5904,5904,5904,5904,5904,5904,5904,5904,5904,5904,5904,5904,5904,5904,5904,5904,5904,5904,5904,5904,5904,5904,5904,5904,5904,5904,5904,5904,5904,5904,5904,5904,5904,5904,5904,5904,5904,5904,5904,5904,5904,5904,5904,5904,5904,5904,5904,5904,5904,5904,5904,5904,5904,5904,5904,5904,5904,5904,5904,5904,5904,5904,5904,5904,5904,5904,5904,5904,5904,5904,5904,5904,5904,5904,5904,5904,5904,5904,5904,5904,5904,5904,5904,5904,5904,5904,5904,5904,5904,5904,5904,5904,5904,5904,5904,5904,5904,5904,5904,5904,5904,5904,5904,5904,5904,5904,5904,5904,5904,5904,5904,5904,5904,5904,5904,5904,5904,5904,5904,5904,5904,5904,5904,5904,5904,5904,5904,5904,5904,5904,5904
0,0,0,0,0,0,0,0,0,0,0,0,0,0,0,0,0,0,0,0,0,0,0,0,0,0,0,0,0,0,0,0,0,0,0,0,0,0,0,0,0,0,0,0,0,0,0,0,0,0,0,0,0,0,5896,5896,5896,5896,5896,5896,5896,5896,5896,5896,5896,5896,5896,5896,5896,5896,5896,5896,5896,5896,5896,5896,5896,5896,5896,5896,5896,5896,5896,5896,5896,5896,5896,5896,5896,5896,5896,5896,5896,5896,5896,5896,5896,5896,5896,5896,5896,5896,5896,5896,5896,5896,5896,5896,5896,5896,5896,5896,5896,5896,5896,5896,5896,5896,5896,5896,5896,5896,5896,5896,5896,5896,5896,5896,5896,5896,5896,5896,5896,5896,5896,5896,5896,5896,5896,5896,5896,5896,5896,5896,5896,5896,5896,5896,5896,5896,5896,5896,5896,5896,5896,5896,5896,5896,5896,5896,5896,5896,5896,5896,5896,5896,5896,5896,5896,5896,5896,5896,5896,5896,5896,5896,5896,5896,5896,5896,5896,5896,5904,5904,5904,5904,5904,5904,5904,5904,5904,5904,5904,5904,5904,5904,5904,5904,5904,5904,5904,5904,5904,5904,5904,5904,5904,5904,5904,5904,5904,5904,5904,5904,5904,5904,5904,5904,5904,5904,5904,5904,5904,5904,5904,5904,5904,5904,5904,5904,5904,5904,5904,5904,5904,5904,5904,5904,5904,5904,5904,5904,5904,5904,5904,5904,5904,5904,5904,5904,5904,5904,5904,5904,5904,5904,5904,5904,5904,5904,5904,5904,5904,5904,5904,5904,5904,5904,5904,5904,5904,5904,5904,5904,5904,5904,5904,5904,5904,5904,5904,5904,5904,5904,5904,5904,5904,5904,5904,5904,5904,5904,5904,5904,5904,5904,5904,5904,5904,5904,5904,5904,5904,5904,5904,5904,5904,5904,5904,5904,5904,5912,5912,5912,5912,5912,5912,5912,5912,5912,5912,5912,5912,5912,5912,5912,5912,5912,5912,5912,5912,5912,5912,5912,5912,5912,5912,5912,5912,5912,5912,5912,5912,5912,5912,5912,5912,5912,5912,5912,5912,5912,5912,5912,5912,5912,5912,5912,5912,5912,5912,5912,5912,5912,5912,5912,5912,5912,5912,5912,5912,5912,5912,5912,5912,5912,5904,5904,5904,5904,5904,5904,5904,5904,5904,5904,5904,5904,5904,5904,5904,5904,5904,5904,5904,5904,5904,5904,5904,5904,5904,5904,5904,5904,5904,5904,5904,5904,5904,5904,5904,5904,5904,5904,5904,5904,5904,5904,5904,5904,5904,5904,5904,5904,5904,5904,5904,5904,5904,5904,5904,5904,5904,5904,5904,5904,5904,5904,5904,5904,5904,5912,5912,5912,5912,5912,5912,5912,5912,5912,5912,5912,5912,5912,5912,5912,5912,5912,5912,5912,5912,5912,5912,5912,5912,5912,5912,5912,5912,5912,5912,5912,5912,5912,5912,5912,5912,5912,5912,5912,5912,5912,5912,5912,5912,5912,5912,5912,5912,5912,5912,5912,5912,5912,5912,5912,5912,5912,5912,5912,5912,5912,5912,5912,5912,5888,5888,5888,5888,5888,5888,5888,5888,5888,5888,5888,5888,5888,5888,5888,5888,5888,5888,5888,5888,5888,5888,5888,5888,5888,5888,5888,5888,5888,5888,5888,5888,5888,5888,5888,5888,5888,5888,5888,5888,5888,5888,5888,5888,5888,5888,5888,5888,5888,5888,5888,5888,5888,5888,5888,5888,5888,5888,5888,5888,5888,5888,5888,5888,5888,5904,5904,5904,5904,5904,5904,5904,5904,5904,5904,5904,5904,5904,5904,5904,5904,5904,5904,5904,5904,5904,5904,5904,5904,5904,5904,5904,5904,5904,5904,5904,5904,5904,5904,5904,5904,5904,5904,5904,5904,5904,5904,5904,5904,5904,5904,5904,5904,5904,5904,5904,5904,5904,5904,5904,5904,5904,5904,5904,5904,5904,5904,5904,5904,5904,5904,5904,5904,5904,5904
0,0,0,0,0,0,0,0,0,0,0,0,0,0,0,0,0,0,0,0,0,0,5952,5952,5952,5952,5952,5952,5952,5952,5952,5952,5952,5952,5952,5952,5952,5952,5952,5952,5952,5952,5952,5952,5952,5952,5952,5952,5952,5952,5952,5952,5952,5952,5952,5952,5952,5952,5952,5952,5952,5952,5952,5952,5952,5952,5952,5952,5952,5952,5952,5952,5952,5952,5952,5952,5952,5952,5952,5952,5952,5952,5952,5952,5952,5952,5976,5976,5976,5976,5976,5976,5976,5976,5976,5976,5976,5976,5976,5976,5976,5976,5976,5976,5976,5976,5976,5976,5976,5976,5976,5976,5976,5976,5976,5976,5976,5976,5976,5976,5976,5976,5976,5976,5976,5976,5976,5976,5976,5976,5976,5976,5976,5976,5976,5976,5976,5976,5976,5976,5976,5976,5976,5976,5976,5976,5976,5976,5976,5976,5976,5952,5952,5952,5952,5952,5952,5952,5952,5952,5952,5952,5952,5952,5952,5952,5952,5952,5952,5952,5952,5952,5952,5952,5952,5952,5952,5952,5952,5952,5952,5952,5952,5952,5952,5952,5952,5952,5952,5952,5952,5952,5952,5952,5952,5952,5952,5952,5952,5952,5952,5952,5952,5952,5952,5952,5952,5952,5952,5952,5952,5952,5952,5952,5952,5952,5976,5976,5976,5976,5976,5976,5976,5976,5976,5976,5976,5976,5976,5976,5976,5976,5976,5976,5976,5976,5976,5976,5976,5976,5976,5976,5976,5976,5976,5976,5976,5976,5976,5976,5976,5976,5976,5976,5976,5976,5976,5976,5976,5976,5976,5976,5976,5976,5976,5976,5976,5976,5976,5976,5976,5976,5976,5976,5976,5976,5976,5976,5976,5976,5976,5976,5976,5976,5976,5976,5976,5976,5976,5976,5976,5976,5976,5976,5976,5976,5976,5976,5976,5976,5976,5976,5976,5976,5976,5976,5976,5976,5976,5976,5976,5976,5976,5976,5976,5976,5976,5976,5976,5976,5976,5976,5976,5976,5976,5976,5976,5976,5976,5976,5976,5976,5976,5976,5976,5976,5976,5976,5976,5976,5976,5976,5976,5976,5976,5976,5952,5952,5952,5952,5952,5952,5952,5952,5952,5952,5952,5952,5952,5952,5952,5952,5952,5952,5952,5952,5952,5952,5952,5952,5952,5952,5952,5952,5952,5952,5952,5952,5952,5952,5952,5952,5952,5952,5952,5952,5952,5952,5952,5952,5952,5952,5952,5952,5952,5952,5952,5952,5952,5952,5952,5952,5952,5952,5952,5952,5952,5952,5952,5976,5976,5976,5976,5976,5976,5976,5976,5976,5976,5976,5976,5976,5976,5976,5976,5976,5976,5976,5976,5976,5976,5976,5976,5976,5976,5976,5976,5976,5976,5976,5976,5976,5976,5976,5976,5976,5976,5976,5976,5976,5976,5976,5976,5976,5976,5976,5976,5976,5976,5976,5976,5976,5976,5976,5976,5976,5976,5976,5976,5976,5976,5976,5976,5976,5952,5952,5952,5952,5952,5952,5952,5952,5952,5952,5952,5952,5952,5952,5952,5952,5952,5952,5952,5952,5952,5952,5952,5952,5952,5952,5952,5952,5952,5952,5952,5952,5952,5952,5952,5952,5952,5952,5952,5952,5952,5952,5952,5952,5952,5952,5952,5952,5952,5952,5952,5952,5952,5952,5952,5952,5952,5952,5952,5952,5952,5952,5952,5952,5952,5952,5952,5952,5952,5952,5952,5952,5952,5952,5952,5952,5952,5952,5952,5952,5952,5952,5952,5952,5952,5952,5952,5952,5952,5952,5952,5952,5952,5952,5952,5952,5952,5952,5952,5952,5952,5952,5952,5952,5952,5952,5952,5952,5952,5952,5952,5952,5952,5952,5952,5952,5952,5952,5952,5952,5952,5952,5952,5952,5952,5952,5952,5952,5952,5952,5968,5968,5968,5968,5968,5968,5968,5968,5968,5968,5968,5968,5968,5968,5968,5968,5968,5968,5968,5968,5968,5968,5968,5968,5968,5968,5968,5968,5968,5968,5968,5968,5968,5968,5968,5968
0,0,0,0,0,0,0,0,0,0,0,0,0,0,0,0,0,0,0,0,0,0,0,0,0,0,0,0,0,0,0,0,0,0,0,0,0,0,0,0,0,0,0,0,0,0,0,0,0,0,0,0,0,0,0,0,5888,5888,5888,5888,5888,5888,5888,5888,5888,5888,5888,5888,5888,5888,5888,5888,5888,5888,5888,5888,5888,5888,5888,5888,5888,5888,5888,5888,5888,5888,5888,5888,5888,5888,5888,5888,5888,5888,5888,5888,5888,5888,5888,5888,5888,5888,5888,5888,5888,5888,5888,5888,5888,5888,5888,5888,5888,5888,5888,5888,5888,5888,5888,5888,5912,5912,5912,5912,5912,5912,5912,5912,5912,5912,5912,5912,5912,5912,5912,5912,5912,5912,5912,5912,5912,5912,5912,5912,5912,5912,5912,5912,5912,5912,5912,5912,5912,5912,5912,5912,5912,5912,5912,5912,5912,5912,5912,5912,5912,5912,5912,5912,5912,5912,5912,5912,5912,5912,5912,5912,5912,5912,5912,5912,5912,5912,5912,5912,5912,5888,5888,5888,5888,5888,5888,5888,5888,5888,5888,5888,5888,5888,5888,5888,5888,5888,5888,5888,5888,5888,5888,5888,5888,5888,5888,5888,5888,5888,5888,5888,5888,5888,5888,5888,5888,5888,5888,5888,5888,5888,5888,5888,5888,5888,5888,5888,5888,5888,5888,5888,5888,5888,5888,5888,5888,5888,5888,5888,5888,5888,5888,5888,5888,5904,5904,5904,5904,5904,5904,5904,5904,5904,5904,5904,5904,5904,5904,5904,5904,5904,5904,5904,5904,5904,5904,5904,5904,5904,5904,5904,5904,5904,5904,5904,5904,5904,5904,5904,5904,5904,5904,5904,5904,5904,5904,5904,5904,5904,5904,5904,5904,5904,5904,5904,5904,5904,5904,5904,5904,5904,5904,5904,5904,5904,5904,5904,5904,5904,5888,5888,5888,5888,5888,5888,5888,5888,5888,5888,5888,5888,5888,5888,5888,5888,5888,5888,5888,5888,5888,5888,5888,5888,5888,5888,5888,5888,5888,5888,5888,5888,5888,5888,5888,5888,5888,5888,5888,5888,5888,5888,5888,5888,5888,5888,5888,5888,5888,5888,5888,5888,5888,5888,5888,5888,5888,5888,5888,5888,5888,5888,5888,5888,5896,5896,5896,5896,5896,5896,5896,5896,5896,5896,5896,5896,5896,5896,5896,5896,5896,5896,5896,5896,5896,5896,5896,5896,5896,5896,5896,5896,5896,5896,5896,5896,5896,5896,5896,5896,5896,5896,5896,5896,5896,5896,5896,5896,5896,5896,5896,5896,5896,5896,5896,5896,5896,5896,5896,5896,5896,5896,5896,5896,5896,5896,5896,5896,5896,5888,5888,5888,5888,5888,5888,5888,5888,5888,5888,5888,5888,5888,5888,5888,5888,5888,5888,5888,5888,5888,5888,5888,5888,5888,5888,5888,5888,5888,5888,5888,5888,5888,5888,5888,5888,5888,5888,5888,5888,5888,5888,5888,5888,5888,5888,5888,5888,5888,5888,5888,5888,5888,5888,5888,5888,5888,5888,5888,5888,5888,5888,5888,5888,5912,5912,5912,5912,5912,5912,5912,5912,5912,5912,5912,5912,5912,5912,5912,5912,5912,5912,5912,5912,5912,5912,5912,5912,5912,5912,5912,5912,5912,5912,5912,5912,5912,5912,5912,5912,5912,5912,5912,5912,5912,5912,5912,5912,5912,5912,5912,5912,5912,5912,5912,5912,5912,5912,5912,5912,5912,5912,5912,5912,5912,5912,5912,5912,5912,5904,5904,5904,5904,5904,5904,5904,5904,5904,5904,5904,5904,5904,5904,5904,5904,5904,5904,5904,5904,5904,5904,5904,5904,5904,5904,5904,5904,5904,5904,5904,5904,5904,5904,5904,5904,5904,5904,5904,5904,5904,5904,5904,5904,5904,5904,5904,5904,5904,5904,5904,5904,5904,5904,5904,5904,5904,5904,5904,5904,5904,5904,5904,5904,5888,5888,5888,5888
0,0,0,0,0,0,0,0,0,0,0,0,0,0,0,0,0,0,0,0,0,0,0,0,0,0,0,0,0,5912,5912,5912,5912,5912,5912,5912,5912,5912,5912,5912,5912,5912,5912,5912,5912,5912,5912,5912,5912,5912,5912,5912,5912,5912,5912,5912,5912,5912,5912,5912,5912,5912,5912,5912,5912,5912,5912,5912,5912,5912,5912,5912,5912,5912,5912,5912,5912,5912,5912,5912,5912,5912,5912,5912,5912,5912,5912,5912,5912,5912,5912,5912,5912,5904,5904,5904,5904,5904,5904,5904,5904,5904,5904,5904,5904,5904,5904,5904,5904,5904,5904,5904,5904,5904,5904,5904,5904,5904,5904,5904,5904,5904,5904,5904,5904,5904,5904,5904,5904,5904,5904,5904,5904,5904,5904,5904,5904,5904,5904,5904,5904,5904,5904,5904,5904,5904,5904,5904,5904,5904,5904,5904,5904,5904,5904,5904,5904,5904,5912,5912,5912,5912,5912,5912,5912,5912,5912,5912,5912,5912,5912,5912,5912,5912,5912,5912,5912,5912,5912,5912,5912,5912,5912,5912,5912,5912,5912,5912,5912,5912,5912,5912,5912,5912,5912,5912,5912,5912,5912,5912,5912,5912,5912,5912,5912,5912,5912,5912,5912,5912,5912,5912,5912,5912,5912,5912,5912,5912,5912,5912,5912,5912,5896,5896,5896,5896,5896,5896,5896,5896,5896,5896,5896,5896,5896,5896,5896,5896,5896,5896,5896,5896,5896,5896,5896,5896,5896,5896,5896,5896,5896,5896,5896,5896,5896,5896,5896,5896,5896,5896,5896,5896,5896,5896,5896,5896,5896,5896,5896,5896,5896,5896,5896,5896,5896,5896,5896,5896,5896,5896,5896,5896,5896,5896,5896,5896,5896,5896,5896,5896,5896,5896,5896,5896,5896,5896,5896,5896,5896,5896,5896,5896,5896,5896,5896,5896,5896,5896,5896,5896,5896,5896,5896,5896,5896,5896,5896,5896,5896,5896,5896,5896,5896,5896,5896,5896,5896,5896,5896,5896,5896,5896,5896,5896,5896,5896,5896,5896,5896,5896,5896,5896,5896,5896,5896,5896,5896,5896,5888,5888,5888,5888,5888,5888,5888,5888,5888,5888,5888,5888,5888,5888,5888,5888,5888,5888,5888,5888,5888,5888,5888,5888,5888,5888,5888,5888,5888,5888,5888,5888,5888,5888,5888,5888,5888,5888,5888,5888,5888,5888,5888,5888,5888,5888,5888,5888,5888,5888,5888,5888,5888,5888,5888,5888,5888,5888,5888,5888,5888,5888,5888,5888,5888,5888,5888,5888,5896,5896,5896,5896,5896,5896,5896,5896,5896,5896,5896,5896,5896,5896,5896,5896,5896,5896,5896,5896,5896,5896,5896,5896,5896,5896,5896,5896,5896,5896,5896,5896,5896,5896,5896,5896,5896,5896,5896,5896,5896,5896,5896,5896,5896,5896,5896,5896,5896,5896,5896,5896,5896,5896,5896,5896,5896,5896,5896,5896,5896,5896,5896,5896,5904,5904,5904,5904,5904,5904,5904,5904,5904,5904,5904,5904,5904,5904,5904,5904,5904,5904,5904,5904,5904,5904,5904,5904,5904,5904,5904,5904,5904,5904,5904,5904,5904,5904,5904,5904,5904,5904,5904,5904,5904,5904,5904,5904,5904,5904,5904,5904,5904,5904,5904,5904,5904,5904,5904,5904,5904,5904,5904,5904,5904,5904,5904,5904,5904,5904,5904,5904,5904,5904,5904,5904,5904,5904,5904,5904,5904,5904,5904,5904,5904,5904,5904,5904,5904,5904,5904,5904,5904,5904,5904,5904,5904,5904,5904,5904,5904,5904,5904,5904,5904,5904,5904,5904,5904,5904,5904,5904,5904,5904,5904,5904,5904,5904,5904,5904,5904,5904,5904,5904,5904,5904,5904,5904,5896,5896,5896,5896,5896,5896,5896,5896,5896,5896,5896,5896,5896,5896,5896,5896,5896,5896,5896,5896,5896,5896,5896,5896,5896,5896,5896,5896,5896,5896,5896,5896,5896,5896,5896,5896
0,0,0,0,0,0,0,0,0,0,0,0,0,0,0,0,0,0,0,0,0,0,0,0,0,0,0,0,0,0,0,0,0,0,0,0,0,0,0,0,0,0,0,0,0,0,0,0,0,0,0,0,0,0,0,0,0,5904,5904,5904,5904,5904,5904,5904,5904,5904,5904,5904,5904,5904,5904,5904,5904,5904,5904,5904,5904,5904,5904,5904,5904,5904,5904,5904,5904,5904,5904,5904,5904,5904,5904,5904,5904,5904,5904,5904,5904,5904,5904,5904,5904,5904,5904,5904,5904,5904,5904,5904,5904,5904,5904,5904,5904,5904,5904,5904,5904,5904,5904,5904,5904,5888,5888,5888,5888,5888,5888,5888,5888,5888,5888,5888,5888,5888,5888,5888,5888,5888,5888,5888,5888,5888,5888,5888,5888,5888,5888,5888,5888,5888,5888,5888,5888,5888,5888,5888,5888,5888,5888,5888,5888,5888,5888,5888,5888,5888,5888,5888,5888,5888,5888,5888,5888,5888,5888,5888,5888,5888,5888,5888,5888,5888,5888,5888,5888,5888,5904,5904,5904,5904,5904,5904,5904,5904,5904,5904,5904,5904,5904,5904,5904,5904,5904,5904,5904,5904,5904,5904,5904,5904,5904,5904,5904,5904,5904,5904,5904,5904,5904,5904,5904,5904,5904,5904,5904,5904,5904,5904,5904,5904,5904,5904,5904,5904,5904,5904,5904,5904,5904,5904,5904,5904,5904,5904,5904,5904,5904,5904,5904,5904,5904,5888,5888,5888,5888,5888,5888,5888,5888,5888,5888,5888,5888,5888,5888,5888,5888,5888,5888,5888,5888,5888,5888,5888,5888,5888,5888,5888,5888,5888,5888,5888,5888,5888,5888,5888,5888,5888,5888,5888,5888,5888,5888,5888,5888,5888,5888,5888,5888,5888,5888,5888,5888,5888,5888,5888,5888,5888,5888,5888,5888,5888,5888,5888,5896,5896,5896,5896,5896,5896,5896,5896,5896,5896,5896,5896,5896,5896,5896,5896,5896,5896,5896,5896,5896,5896,5896,5896,5896,5896,5896,5896,5896,5896,5896,5896,5896,5896,5896,5896,5896,5896,5896,5896,5896,5896,5896,5896,5896,5896,5896,5896,5896,5896,5896,5896,5896,5896,5896,5896,5896,5896,5896,5896,5896,5896,5896,5896,5896,5896,5896,5896,5896,5896,5896,5896,5896,5896,5896,5896,5896,5896,5896,5896,5896,5896,5896,5896,5896,5896,5896,5896,5896,5896,5896,5896,5896,5896,5896,5896,5896,5896,5896,5896,5896,5896,5896,5896,5896,5896,5896,5896,5896,5896,5896,5896,5896,5896,5896,5896,5896,5896,5896,5896,5896,5896,5896,5896,5896,5896,5896,5896,5896,5896,5888,5888,5888,5888,5888,5888,5888,5888,5888,5888,5888,5888,5888,5888,5888,5888,5888,5888,5888,5888,5888,5888,5888,5888,5888,5888,5888,5888,5888,5888,5888,5888,5888,5888,5888,5888,5888,5888,5888,5888,5888,5888,5888,5888,5888,5888,5888,5888,5888,5888,5888,5888,5888,5888,5888,5888,5888,5888,5888,5888,5888,5888,5888,5888,5888,5896,5896,5896,5896,5896,5896,5896,5896,5896,5896,5896,5896,5896,5896,5896,5896,5896,5896,5896,5896,5896,5896,5896,5896,5896,5896,5896,5896,5896,5896,5896,5896,5896,5896,5896,5896,5896,5896,5896,5896,5896,5896,5896,5896,5896,5896,5896,5896,5896,5896,5896,5896,5896,5896,5896,5896,5896,5896,5896,5896,5896,5896,5896,5896,5888,5888,5888,5888,5888,5888,5888,5888,5888,5888,5888,5888,5888,5888,5888,5888,5888,5888,5888,5888,5888,5888,5888,5888,5888,5888,5888,5888,5888,5888,5888,5888,5888,5888,5888,5888,5888,5888,5888,5888,5888,5888,5888,5888,5888,5888,5888,5888,5888,5888,5888,5888,5888,5888,5888,5888,5888,5888,5888,5888,5888,5888,5888,5888,5888,5888,5904
0,0,0,0,0,0,0,0,0,0,0,0,0,0,0,0,0,0,0,0,0,0,0,0,0,5896,5896,5896,5896,5896,5896,5896,5896,5896,5896,5896,5896,5896,5896,5896,5896,5896,5896,5896,5896,5896,5896,5896,5896,5896,5896,5896,5896,5896,5896,5896,5896,5896,5896,5896,5896,5896,5896,5896,5896,5896,5896,5896,5896,5896,5896,5896,5896,5896,5896,5896,5896,5896,5896,5896,5896,5896,5896,5896,5896,5896,5896,5896,5896,5896,5896,5896,5896,5896,5896,5896,5896,5896,5896,5896,5896,5896,5896,5896,5896,5896,5896,5896,5896,5896,5896,5896,5896,5896,5896,5896,5896,5896,5896,5896,5896,5896,5896,5896,5896,5896,5896,5896,5896,5896,5896,5896,5896,5896,5896,5896,5896,5896,5896,5896,5896,5896,5896,5896,5896,5896,5896,5896,5896,5896,5896,5896,5896,5896,5896,5896,5896,5896,5896,5896,5896,5896,5896,5896,5896,5896,5896,5896,5896,5896,5896,5896,5896,5896,5896,5896,5896,5896,5896,5896,5896,5896,5896,5896,5896,5896,5896,5896,5896,5896,5896,5896,5896,5896,5896,5896,5896,5896,5896,5896,5896,5896,5896,5896,5896,5896,5896,5896,5896,5896,5896,5896,5896,5896,5896,5896,5896,5896,5896,5912,5912,5912,5912,5912,5912,5912,5912,5912,5912,5912,5912,5912,5912,5912,5912,5912,5912,5912,5912,5912,5912,5912,5912,5912,5912,5912,5912,5912,5912,5912,5912,5912,5912,5912,5912,5912,5912,5912,5912,5912,5912,5912,5912,5912,5912,5912,5912,5912,5912,5912,5912,5912,5912,5912,5912,5912,5912,5912,5912,5912,5912,5912,5912,5912,5912,5912,5912,5912,5912,5912,5912,5912,5912,5912,5912,5912,5912,5912,5912,5912,5912,5912,5912,5912,5912,5912,5912,5912,5912,5912,5912,5912,5912,5912,5912,5912,5912,5912,5912,5912,5912,5912,5912,5912,5912,5912,5912,5912,5912,5912,5912,5912,5912,5912,5912,5912,5912,5912,5912,5912,5912,5912,5912,5912,5912,5912,5912,5880,5880,5880,5880,5880,5880,5880,5880,5880,5880,5880,5880,5880,5880,5880,5880,5880,5880,5880,5880,5880,5880,5880,5880,5880,5880,5880,5880,5880,5880,5880,5880,5880,5880,5880,5880,5880,5880,5880,5880,5880,5880,5880,5880,5880,5880,5880,5880,5880,5880,5880,5880,5880,5880,5880,5880,5880,5880,5880,5880,5880,5880,5880,5880,5864,5864,5864,5864,5864,5864,5864,5864,5864,5864,5864,5864,5864,5864,5864,5864,5864,5864,5864,5864,5864,5864,5864,5864,5864,5864,5864,5864,5864,5864,5864,5864,5864,5864,5864,5864,5864,5864,5864,5864,5864,5864,5864,5864,5864,5864,5864,5864,5864,5864,5864,5864,5864,5864,5864,5864,5864,5864,5864,5864,5864,5864,5864,5864,5864,5864,5864,5864,5864,5864,5864,5864,5864,5864,5864,5864,5864,5864,5864,5864,5864,5864,5864,5864,5864,5864,5864,5864,5864,5864,5864,5864,5864,5864,5864,5864,5864,5864,5864,5864,5864,5864,5864,5864,5864,5864,5864,5864,5864,5864,5864,5864,5864,5864,5864,5864,5864,5864,5864,5864,5864,5864,5864,5864,5864,5864,5864,5864,5864,5864,5864,5864,5864,5864,5864,5864,5864,5864,5864,5864,5864,5864,5864,5864,5864,5864,5864,5864,5864,5864,5864,5864,5864,5864,5864,5864,5864,5864,5864,5864,5864,5864,5864,5864,5864,5864,5864,5864,5864,5864,5864,5864,5864,5864,5864,5864,5864,5864,5864,5864,5864,5864,5864,5864,5864,5864,5864,5864,5864,5864,5864,5864,5864,5976,5976,5976,5976,5976,5976,5976,5976,5976,5976,5976,5976,5976,5976,5976,5976,5976,5976,5976,5976,5976,5976,5976,5976,5976,5976,5976,5976,5976,5976,5976,5976,5976,5976,5976,5976
0,0,0,0,0,0,0,0,0,0,0,0,0,0,0,0,0,0,0,0,0,0,0,0,0,0,0,0,0,0,0,0,0,0,0,0,0,0,0,0,0,0,0,0,0,0,0,0,0,0,0,0,0,0,0,0,0,5968,5968,5968,5968,5968,5968,5968,5968,5968,5968,5968,5968,5968,5968,5968,5968,5968,5968,5968,5968,5968,5968,5968,5968,5968,5968,5968,5968,5968,5968,5968,5968,5968,5968,5968,5968,5968,5968,5968,5968,5968,5968,5968,5968,5968,5968,5968,5968,5968,5968,5968,5968,5968,5968,5968,5968,5968,5968,5968,5968,5968,5968,5968,5968,5976,5976,5976,5976,5976,5976,5976,5976,5976,5976,5976,5976,5976,5976,5976,5976,5976,5976,5976,5976,5976,5976,5976,5976,5976,5976,5976,5976,5976,5976,5976,5976,5976,5976,5976,5976,5976,5976,5976,5976,5976,5976,5976,5976,5976,5976,5976,5976,5976,5976,5976,5976,5976,5976,5976,5976,5976,5976,5976,5976,5976,5976,5976,5976,5976,5968,5968,5968,5968,5968,5968,5968,5968,5968,5968,5968,5968,5968,5968,5968,5968,5968,5968,5968,5968,5968,5968,5968,5968,5968,5968,5968,5968,5968,5968,5968,5968,5968,5968,5968,5968,5968,5968,5968,5968,5968,5968,5968,5968,5968,5968,5968,5968,5968,5968,5968,5968,5968,5968,5968,5968,5968,5968,5968,5968,5968,5968,5968,5968,5968,5968,5968,5968,5968,5968,5968,5968,5968,5968,5968,5968,5968,5968,5968,5968,5968,5968,5968,5968,5968,5968,5968,5968,5968,5968,5968,5968,5968,5968,5968,5968,5968,5968,5968,5968,5968,5968,5968,5968,5968,5968,5968,5968,5968,5968,5968,5968,5968,5968,5968,5968,5968,5968,5968,5968,5968,5968,5968,5968,5968,5968,5968,5968,5968,5976,5976,5976,5976,5976,5976,5976,5976,5976,5976,5976,5976,5976,5976,5976,5976,5976,5976,5976,5976,5976,5976,5976,5976,5976,5976,5976,5976,5976,5976,5976,5976,5976,5976,5976,5976,5976,5976,5976,5976,5976,5976,5976,5976,5976,5976,5976,5976,5976,5976,5976,5976,5976,5976,5976,5976,5976,5976,5976,5976,5976,5976,5976,5976,5968,5968,5968,5968,5968,5968,5968,5968,5968,5968,5968,5968,5968,5968,5968,5968,5968,5968,5968,5968,5968,5968,5968,5968,5968,5968,5968,5968,5968,5968,5968,5968,5968,5968,5968,5968,5968,5968,5968,5968,5968,5968,5968,5968,5968,5968,5968,5968,5968,5968,5968,5968,5968,5968,5968,5968,5968,5968,5968,5968,5968,5968,5968,5968,5968,5968,5976,5976,5976,5976,5976,5976,5976,5976,5976,5976,5976,5976,5976,5976,5976,5976,5976,5976,5976,5976,5976,5976,5976,5976,5976,5976,5976,5976,5976,5976,5976,5976,5976,5976,5976,5976,5976,5976,5976,5976,5976,5976,5976,5976,5976,5976,5976,5976,5976,5976,5976,5976,5976,5976,5976,5976,5976,5976,5976,5976,5976,5976,5976,5960,5960,5960,5960,5960,5960,5960,5960,5960,5960,5960,5960,5960,5960,5960,5960,5960,5960,5960,5960,5960,5960,5960,5960,5960,5960,5960,5960,5960,5960,5960,5960,5960,5960,5960,5960,5960,5960,5960,5960,5960,5960,5960,5960,5960,5960,5960,5960,5960,5960,5960,5960,5960,5960,5960,5960,5960,5960,5960,5960,5960,5960,5960,5960,5960,5960,5960,5960,5960,5960,5960,5960,5960,5960,5960,5960,5960,5960,5960,5960,5960,5960,5960,5960,5960,5960,5960,5960,5960,5960,5960,5960,5960,5960,5960,5960,5960,5960,5960,5960,5960,5960,5960,5960,5960,5960,5960,5960,5960,5960,5960,5960,5960,5960,5960,5960,5960,5960,5960,5960,5960,5960,5960,5960,5960,5960,5960,5960,5960,5960,5960,5960
0,0,0,0,0,0,0,0,0,0,0,0,0,0,0,0,0,0,0,0,0,0,0,0,0,0,0,0,0,0,5848,5848,5848,5848,5848,5848,5848,5848,5848,5848,5848,5848,5848,5848,5848,5848,5848,5848,5848,5848,5848,5848,5848,5848,5848,5848,5848,5848,5848,5848,5848,5848,5848,5848,5848,5848,5848,5848,5848,5848,5848,5848,5848,5848,5848,5848,5848,5848,5848,5848,5848,5848,5848,5848,5848,5848,5848,5848,5848,5848,5848,5848,5848,5848,5848,5848,5712,5712,5712,5712,5712,5712,5712,5712,5712,5712,5712,5712,5712,5712,5712,5712,5712,5712,5712,5712,5712,5712,5712,5712,5712,5712,5712,5712,5712,5712,5712,5712,5712,5712,5712,5712,5712,5712,5712,5712,5712,5712,5712,5712,5712,5712,5712,5712,5712,5712,5712,5712,5712,5712,5712,5712,5712,5712,5712,5712,5712,5712,5712,5712,5712,6032,6032,6032,6032,6032,6032,6032,6032,6032,6032,6032,6032,6032,6032,6032,6032,6032,6032,6032,6032,6032,6032,6032,6032,6032,6032,6032,6032,6032,6032,6032,6032,6032,6032,6032,6032,6032,6032,6032,6032,6032,6032,6032,6032,6032,6032,6032,6032,6032,6032,6032,6032,6032,6032,6032,6032,6032,6032,6032,6032,6032,6192,6192,6192,6192,6192,6192,6192,6192,6192,6192,6192,6192,6192,6192,6192,6192,6192,6192,6192,6192,6192,6192,6192,6192,6192,6192,6192,6192,6192,6192,6192,6192,6192,6192,6192,6192,6192,6192,6192,6192,6192,6192,6192,6192,6192,6192,6192,6192,6192,6192,6192,6192,6192,6192,6192,6192,6192,6192,6192,6192,6192,6192,6192,6192,6192,6192,6192,6200,6200,6200,6200,6200,6200,6200,6200,6200,6200,6200,6200,6200,6200,6200,6200,6200,6200,6200,6200,6200,6200,6200,6200,6200,6200,6200,6200,6200,6200,6200,6200,6200,6200,6200,6200,6200,6200,6200,6200,6200,6200,6200,6200,6200,6200,6200,6200,6200,6200,6200,6200,6200,6200,6200,6200,6200,6064,6064,6064,6064,6064,6064,6064,6064,6064,6064,6064,6064,6064,6064,6064,6064,6064,6064,6064,6064,6064,6064,6064,6064,6064,6064,6064,6064,6064,6064,6064,6064,6064,6064,6064,6064,6064,6064,6064,6064,6064,6064,6064,6064,6064,6064,6064,6064,6064,6064,6064,6064,6064,6064,6064,6064,6064,6064,6064,6064,6064,6064,6064,6064,6064,6064,6064,6064,6064,6064,6064,6064,5912,5912,5912,5912,5912,5912,5912,5912,5912,5912,5912,5912,5912,5912,5912,5912,5912,5912,5912,5912,5912,5912,5912,5912,5912,5912,5912,5912,5912,5912,5912,5912,5912,5912,5912,5912,5912,5912,5912,5912,5912,5912,5912,5912,5912,5912,5912,5912,5912,5912,5912,5912,5912,5912,5912,5912,5912,5912,5912,5912,5912,5912,6120,6120,6120,6120,6120,6120,6120,6120,6120,6120,6120,6120,6120,6120,6120,6120,6120,6120,6120,6120,6120,6120,6120,6120,6120,6120,6120,6120,6120,6120,6120,6120,6120,6120,6120,6120,6120,6120,6120,6120,6120,6120,6120,6120,6120,6120,6120,6120,6120,6120,6120,6120,6120,6120,6120,6120,6120,6120,6120,6120,6120,6120,6120,6120,6120,6120,6120,6120,6040,6040,6040,6040,6040,6040,6040,6040,6040,6040,6040,6040,6040,6040,6040,6040,6040,6040,6040,6040,6040,6040,6040,6040,6040,6040,6040,6040,6040,6040,6040,6040,6040,6040,6040,6040,6040,6040,6040,6040,6040,6040,6040,6040,6040,6040,6040,6040,6040,6040,6040,6040,6040,6040,6040,6040,6040,6040,6040,6040,6040,6040,6040,6032,6032,6032,6032,6032,6032,6032,6032,6032,6032,6032,6032,6032,6032,6032,6032,6032,6032,6032,6032,6032,6032,6032,6032,6032,6032,6032,6032,6032
0,0,0,0,0,0,0,0,0,0,0,0,0,0,0,0,0,0,0,0,0,0,0,0,0,0,0,0,0,0,0,0,0,0,0,0,0,0,0,0,0,0,0,0,0,0,0,0,0,0,0,0,0,0,0,0,0,0,0,0,6112,6112,6112,6112,6112,6112,6112,6112,6112,6112,6112,6112,6112,6112,6112,6112,6112,6112,6112,6112,6112,6112,6112,6112,6112,6112,6112,6112,6112,6112,6112,6112,6112,6112,6112,6112,6112,6112,6112,6112,6112,6112,6112,6112,6112,6112,6112,6112,6112,6112,6112,6112,6112,6112,6112,6112,6112,6112,6112,6112,6112,6112,6112,6112,6120,6120,6120,6120,6120,6120,6120,6120,6120,6120,6120,6120,6120,6120,6120,6120,6120,6120,6120,6120,6120,6120,6120,6120,6120,6120,6120,6120,6120,6120,6120,6120,6120,6120,6120,6120,6120,6120,6120,6120,6120,6120,6120,6120,6120,6120,6120,6120,6120,6120,6120,6120,6120,6120,6120,6120,6120,6120,6120,6120,6120,6120,6120,6120,6120,6120,6120,6120,6120,6120,6120,6120,6120,6120,6120,6120,6120,6120,6120,6120,6120,6120,6120,6120,6120,6120,6120,6120,6120,6120,6120,6120,6120,6120,6120,6120,6120,6120,6120,6120,6120,6120,6120,6120,6120,6120,6120,6120,6120,6120,6120,6120,6120,6120,6120,6120,6120,6120,6120,6120,6120,6120,6120,6120,6120,6120,6120,6120,6120,6128,6128,6128,6128,6128,6128,6128,6128,6128,6128,6128,6128,6128,6128,6128,6128,6128,6128,6128,6128,6128,6128,6128,6128,6128,6128,6128,6128,6128,6128,6128,6128,6128,6128,6128,6128,6128,6128,6128,6128,6128,6128,6128,6128,6128,6128,6128,6128,6128,6128,6128,6128,6128,6128,6128,6128,6128,6128,6128,6128,6128,6128,6128,6128,6112,6112,6112,6112,6112,6112,6112,6112,6112,6112,6112,6112,6112,6112,6112,6112,6112,6112,6112,6112,6112,6112,6112,6112,6112,6112,6112,6112,6112,6112,6112,6112,6112,6112,6112,6112,6112,6112,6112,6112,6112,6112,6112,6112,6112,6112,6112,6112,6112,6112,6112,6112,6112,6112,6112,6112,6112,6112,6112,6112,6112,6112,6112,6112,6112,6096,6096,6096,6096,6096,6096,6096,6096,6096,6096,6096,6096,6096,6096,6096,6096,6096,6096,6096,6096,6096,6096,6096,6096,6096,6096,6096,6096,6096,6096,6096,6096,6096,6096,6096,6096,6096,6096,6096,6096,6096,6096,6096,6096,6096,6096,6096,6096,6096,6096,6096,6096,6096,6096,6096,6096,6096,6096,6096,6096,6096,6096,6096,6096,6080,6080,6080,6080,6080,6080,6080,6080,6080,6080,6080,6080,6080,6080,6080,6080,6080,6080,6080,6080,6080,6080,6080,6080,6080,6080,6080,6080,6080,6080,6080,6080,6080,6080,6080,6080,6080,6080,6080,6080,6080,6080,6080,6080,6080,6080,6080,6080,6080,6080,6080,6080,6080,6080,6080,6080,6080,6080,6080,6080,6080,6080,6080,6080,6080,6096,6096,6096,6096,6096,6096,6096,6096,6096,6096,6096,6096,6096,6096,6096,6096,6096,6096,6096,6096,6096,6096,6096,6096,6096,6096,6096,6096,6096,6096,6096,6096,6096,6096,6096,6096,6096,6096,6096,6096,6096,6096,6096,6096,6096,6096,6096,6096,6096,6096,6096,6096,6096,6096,6096,6096,6096,6096,6096,6096,6096,6096,6096,6096,6096,6072,6072,6072,6072,6072,6072,6072,6072,6072,6072,6072,6072,6072,6072,6072,6072,6072,6072,6072,6072,6072,6072,6072,6072,6072,6072,6072,6072,6072,6072,6072,6072,6072,6072,6072,6072,6072,6072,6072,6072,6072,6072,6072,6072,6072,6072,6072,6072,6072,6072,6072,6072,6072,6072,6072,6072,6072,6072,6072,6072,6072,6072,6072,6072
0,0,0,0,0,0,0,0,0,0,0,0,0,0,0,0,0,0,0,0,0,0,0,0,0,0,0,0,0,0,0,6056,6056,6056,6056,6056,6056,6056,6056,6056,6056,6056,6056,6056,6056,6056,6056,6056,6056,6056,6056,6056,6056,6056,6056,6056,6056,6056,6056,6056,6056,6056,6056,6056,6056,6056,6056,6056,6056,6056,6056,6056,6056,6056,6056,6056,6056,6056,6056,6056,6056,6056,6056,6056,6056,6056,6056,6056,6056,6056,6056,6056,6056,6056,6056,6056,6048,6048,6048,6048,6048,6048,6048,6048,6048,6048,6048,6048,6048,6048,6048,6048,6048,6048,6048,6048,6048,6048,6048,6048,6048,6048,6048,6048,6048,6048,6048,6048,6048,6048,6048,6048,6048,6048,6048,6048,6048,6048,6048,6048,6048,6048,6048,6048,6048,6048,6048,6048,6048,6048,6048,6048,6048,6048,6048,6048,6048,6048,6048,6048,6048,6056,6056,6056,6056,6056,6056,6056,6056,6056,6056,6056,6056,6056,6056,6056,6056,6056,6056,6056,6056,6056,6056,6056,6056,6056,6056,6056,6056,6056,6056,6056,6056,6056,6056,6056,6056,6056,6056,6056,6056,6056,6056,6056,6056,6056,6056,6056,6056,6056,6056,6056,6056,6056,6056,6056,6056,6056,6056,6056,6056,6056,6056,6056,6056,6072,6072,6072,6072,6072,6072,6072,6072,6072,6072,6072,6072,6072,6072,6072,6072,6072,6072,6072,6072,6072,6072,6072,6072,6072,6072,6072,6072,6072,6072,6072,6072,6072,6072,6072,6072,6072,6072,6072,6072,6072,6072,6072,6072,6072,6072,6072,6072,6072,6072,6072,6072,6072,6072,6072,6072,6072,6072,6072,6072,6072,6072,6072,6072,6072,6056,6056,6056,6056,6056,6056,6056,6056,6056,6056,6056,6056,6056,6056,6056,6056,6056,6056,6056,6056,6056,6056,6056,6056,6056,6056,6056,6056,6056,6056,6056,6056,6056,6056,6056,6056,6056,6056,6056,6056,6056,6056,6056,6056,6056,6056,6056,6056,6056,6056,6056,6056,6056,6056,6056,6056,6056,6056,6056,6056,6056,6056,6056,6056,6056,6056,6056,6056,6056,6056,6056,6056,6056,6056,6056,6056,6056,6056,6056,6056,6056,6056,6056,6056,6056,6056,6056,6056,6056,6056,6056,6056,6056,6056,6056,6056,6056,6056,6056,6056,6056,6056,6056,6056,6056,6056,6056,6056,6056,6056,6056,6056,6056,6056,6056,6056,6056,6056,6056,6056,6056,6056,6056,6056,6056,6056,6056,6056,6048,6048,6048,6048,6048,6048,6048,6048,6048,6048,6048,6048,6048,6048,6048,6048,6048,6048,6048,6048,6048,6048,6048,6048,6048,6048,6048,6048,6048,6048,6048,6048,6048,6048,6048,6048,6048,6048,6048,6048,6048,6048,6048,6048,6048,6048,6048,6048,6048,6048,6048,6048,6048,6048,6048,6048,6048,6048,6048,6048,6048,6048,6048,6048,6048,6056,6056,6056,6056,6056,6056,6056,6056,6056,6056,6056,6056,6056,6056,6056,6056,6056,6056,6056,6056,6056,6056,6056,6056,6056,6056,6056,6056,6056,6056,6056,6056,6056,6056,6056,6056,6056,6056,6056,6056,6056,6056,6056,6056,6056,6056,6056,6056,6056,6056,6056,6056,6056,6056,6056,6056,6056,6056,6056,6056,6056,6056,6056,6064,6064,6064,6064,6064,6064,6064,6064,6064,6064,6064,6064,6064,6064,6064,6064,6064,6064,6064,6064,6064,6064,6064,6064,6064,6064,6064,6064,6064,6064,6064,6064,6064,6064,6064,6064,6064,6064,6064,6064,6064,6064,6064,6064,6064,6064,6064,6064,6064,6064,6064,6064,6064,6064,6064,6064,6064,6064,6064,6064,6064,6064,6064,6064,6064,6064,6072,6072,6072,6072,6072,6072,6072,6072,6072,6072,6072,6072,6072,6072,6072,6072,6072,6072,6072,6072,6072,6072,6072,6072,6072,6072,6072,6072
