0,0,0,0,0,0,0,0,0,0,0,0,0,0,0,0,0,0,0,0,0,0,0,0,0,0,0,0,0,0,0,0,0,0,0,0,0,0,0,0,0,0,0,0,0,0,0,0,0,0,6152,6152,6152,6152,6152,6152,6152,6152,6152,6152,6152,6152,6152,6152,6152,6152,6152,6152,6152,6152,6152,6152,6152,6152,6152,6152,6152,6152,6152,6152,6152,6152,6152,6152,6152,6152,6152,6152,6152,6152,6152,6152,6152,6152,6152,6152,6152,6152,6152,6152,6152,6152,6152,6152,6152,6152,6152,6152,6152,6152,6152,6152,6152,6152,6152,6160,6160,6160,6160,6160,6160,6160,6160,6160,6160,6160,6160,6160,6160,6160,6160,6160,6160,6160,6160,6160,6160,6160,6160,6160,6160,6160,6160,6160,6160,6160,6160,6160,6160,6160,6160,6160,6160,6160,6160,6160,6160,6160,6160,6160,6160,6160,6160,6160,6160,6160,6160,6160,6160,6160,6160,6160,6160,6160,6160,6160,6160,6160,6160,6160,6144,6144,6144,6144,6144,6144,6144,6144,6144,6144,6144,6144,6144,6144,6144,6144,6144,6144,6144,6144,6144,6144,6144,6144,6144,6144,6144,6144,6144,6144,6144,6144,6144,6144,6144,6144,6144,6144,6144,6144,6144,6144,6144,6144,6144,6144,6144,6144,6144,6144,6144,6144,6144,6144,6144,6144,6144,6144,6144,6144,6144,6144,6144,6136,6136,6136,6136,6136,6136,6136,6136,6136,6136,6136,6136,6136,6136,6136,6136,6136,6136,6136,6136,6136,6136,6136,6136,6136,6136,6136,6136,6136,6136,6136,6136,6136,6136,6136,6136,6136,6136,6136,6136,6136,6136,6136,6136,6136,6136,6136,6136,6136,6136,6136,6136,6136,6136,6136,6136,6136,6136,6136,6136,6136,6136,6136,6136,6136,6112,6112,6112,6112,6112,6112,6112,6112,6112,6112,6112,6112,6112,6112,6112,6112,6112,6112,6112,6112,6112,6112,6112,6112,6112,6112,6112,6112,6112,6112,6112,6112,6112,6112,6112,6112,6112,6112,6112,6112,6112,6112,6112,6112,6112,6112,6112,6112,6112,6112,6112,6112,6112,6112,6112,6112,6112,6112,6112,6112,6112,6112,6112,6112,6136,6136,6136,6136,6136,6136,6136,6136,6136,6136,6136,6136,6136,6136,6136,6136,6136,6136,6136,6136,6136,6136,6136,6136,6136,6136,6136,6136,6136,6136,6136,6136,6136,6136,6136,6136,6136,6136,6136,6136,6136,6136,6136,6136,6136,6136,6136,6136,6136,6136,6136,6136,6136,6136,6136,6136,6136,6136,6136,6136,6136,6136,6136,6136,6136,6112,6112,6112,6112,6112,6112,6112,6112,6112,6112,6112,6112,6112,6112,6112,6112,6112,6112,6112,6112,6112,6112,6112,6112,6112,6112,6112,6112,6112,6112,6112,6112,6112,6112,6112,6112,6112,6112,6112,6112,6112,6112,6112,6112,6112,6112,6112,6112,6112,6112,6112,6112,6112,6112,6112,6112,6112,6112,6112,6112,6112,6112,6112,6112,6112,6128,6128,6128,6128,6128,6128,6128,6128,6128,6128,6128,6128,6128,6128,6128,6128,6128,6128,6128,6128,6128,6128,6128,6128,6128,6128,6128,6128,6128,6128,6128,6128,6128,6128,6128,6128,6128,6128,6128,6128,6128,6128,6128,6128,6128,6128,6128,6128,6128,6128,6128,6128,6128,6128,6128,6128,6128,6128,6128,6128,6128,6128,6128,6128,6112,6112,6112,6112,6112,6112,6112,6112,6112,6112,6112,6112,6112,6112,6112,6112,6112,6112,6112,6112,6112,6112,6112,6112,6112,6112,6112,6112,6112,6112,6112,6112,6112,6112,6112,6112,6112,6112,6112,6112,6112,6112,6112,6112,6112,6112,6112,6112,6112,6112,6112,6112,6112,6112,6112,6112,6112,6112,6112,6112,6112,6112,6112,6112,6112,6112,6112,6112,6112,6112,6112,6112,6112,6112
0,0,0,0,0,0,0,0,0,0,0,0,0,0,0,0,0,6136,6136,6136,6136,6136,6136,6136,6136,6136,6136,6136,6136,6136,6136,6136,6136,6136,6136,6136,6136,6136,6136,6136,6136,6136,6136,6136,6136,6136,6136,6136,6136,6136,6136,6136,6136,6136,6136,6136,6136,6136,6136,6136,6136,6136,6136,6136,6136,6136,6136,6136,6136,6136,6136,6136,6136,6136,6136,6136,6136,6136,6136,6136,6136,6136,6120,6120,6120,6120,6120,6120,6120,6120,6120,6120,6120,6120,6120,6120,6120,6120,6120,6120,6120,6120,6120,6120,6120,6120,6120,6120,6120,6120,6120,6120,6120,6120,6120,6120,6120,6120,6120,6120,6120,6120,6120,6120,6120,6120,6120,6120,6120,6120,6120,6120,6120,6120,6120,6120,6120,6120,6120,6120,6120,6120,6120,6120,6120,6120,6120,6120,6120,6128,6128,6128,6128,6128,6128,6128,6128,6128,6128,6128,6128,6128,6128,6128,6128,6128,6128,6128,6128,6128,6128,6128,6128,6128,6128,6128,6128,6128,6128,6128,6128,6128,6128,6128,6128,6128,6128,6128,6128,6128,6128,6128,6128,6128,6128,6128,6128,6128,6128,6128,6128,6128,6128,6128,6128,6128,6128,6128,6128,6128,6128,6128,6128,6112,6112,6112,6112,6112,6112,6112,6112,6112,6112,6112,6112,6112,6112,6112,6112,6112,6112,6112,6112,6112,6112,6112,6112,6112,6112,6112,6112,6112,6112,6112,6112,6112,6112,6112,6112,6112,6112,6112,6112,6112,6112,6112,6112,6112,6112,6112,6112,6112,6112,6112,6112,6112,6112,6112,6112,6112,6112,6112,6112,6112,6112,6112,6112,6112,6112,6112,6112,6112,6112,6112,6112,6112,6112,6112,6112,6112,6112,6112,6112,6112,6112,6112,6112,6112,6112,6112,6112,6112,6112,6112,6112,6112,6112,6112,6112,6112,6112,6112,6112,6112,6112,6112,6112,6112,6112,6112,6112,6112,6112,6112,6112,6112,6112,6112,6112,6112,6112,6112,6112,6112,6112,6112,6112,6112,6112,6112,6112,6112,6128,6128,6128,6128,6128,6128,6128,6128,6128,6128,6128,6128,6128,6128,6128,6128,6128,6128,6128,6128,6128,6128,6128,6128,6128,6128,6128,6128,6128,6128,6128,6128,6128,6128,6128,6128,6128,6128,6128,6128,6128,6128,6128,6128,6128,6128,6128,6128,6128,6128,6128,6128,6128,6128,6128,6128,6128,6128,6128,6128,6128,6128,6128,6128,6120,6120,6120,6120,6120,6120,6120,6120,6120,6120,6120,6120,6120,6120,6120,6120,6120,6120,6120,6120,6120,6120,6120,6120,6120,6120,6120,6120,6120,6120,6120,6120,6120,6120,6120,6120,6120,6120,6120,6120,6120,6120,6120,6120,6120,6120,6120,6120,6120,6120,6120,6120,6120,6120,6120,6120,6120,6120,6120,6120,6120,6120,6120,6120,6136,6136,6136,6136,6136,6136,6136,6136,6136,6136,6136,6136,6136,6136,6136,6136,6136,6136,6136,6136,6136,6136,6136,6136,6136,6136,6136,6136,6136,6136,6136,6136,6136,6136,6136,6136,6136,6136,6136,6136,6136,6136,6136,6136,6136,6136,6136,6136,6136,6136,6136,6136,6136,6136,6136,6136,6136,6136,6136,6136,6136,6136,6136,6136,6136,6136,6112,6112,6112,6112,6112,6112,6112,6112,6112,6112,6112,6112,6112,6112,6112,6112,6112,6112,6112,6112,6112,6112,6112,6112,6112,6112,6112,6112,6112,6112,6112,6112,6112,6112,6112,6112,6112,6112,6112,6112,6112,6112,6112,6112,6112,6112,6112,6112,6112,6112,6112,6112,6112,6112,6112,6112,6112,6112,6112,6112,6112,6112,6112,6112,6128,6128,6128,6128,6128,6128,6128,6128,6128,6128,6128,6128,6128,6128,6128,6128,6128,6128,6128,6128,6128,6128,6128,6128,6128,6128,6128,6128,6128,6128,6128,6128,6128,6128,6128,6128,6128,6128,6128,6128
0,0,0,0,0,0,0,0,0,0,0,0,0,0,0,0,0,0,0,0,0,0,0,0,0,0,0,0,0,0,0,0,0,0,0,0,0,0,0,0,0,0,0,0,0,0,0,0,0,0,0,0,6136,6136,6136,6136,6136,6136,6136,6136,6136,6136,6136,6136,6136,6136,6136,6136,6136,6136,6136,6136,6136,6136,6136,6136,6136,6136,6136,6136,6136,6136,6136,6136,6136,6136,6136,6136,6136,6136,6136,6136,6136,6136,6136,6136,6136,6136,6136,6136,6136,6136,6136,6136,6136,6136,6136,6136,6136,6136,6136,6136,6136,6136,6136,6136,6136,6136,6136,6136,6136,6136,6136,6136,6136,6136,6136,6136,6136,6136,6136,6136,6136,6136,6136,6136,6136,6136,6136,6136,6136,6136,6136,6136,6136,6136,6136,6136,6136,6136,6136,6136,6136,6136,6136,6136,6136,6136,6136,6136,6136,6136,6136,6136,6136,6136,6136,6136,6136,6136,6136,6136,6136,6136,6136,6136,6136,6136,6136,6136,6136,6136,6136,6136,6136,6136,6136,6136,6136,6136,6136,6136,6136,6136,6136,6136,6136,6136,6136,6136,6136,6136,6136,6136,6136,6136,6136,6136,6136,6136,6136,6136,6136,6136,6136,6136,6136,6136,6136,6136,6136,6136,6136,6136,6136,6136,6136,6136,6136,6136,6136,6136,6136,6136,6136,6136,6136,6136,6136,6136,6136,6136,6136,6136,6136,6112,6112,6112,6112,6112,6112,6112,6112,6112,6112,6112,6112,6112,6112,6112,6112,6112,6112,6112,6112,6112,6112,6112,6112,6112,6112,6112,6112,6112,6112,6112,6112,6112,6112,6112,6112,6112,6112,6112,6112,6112,6112,6112,6112,6112,6112,6112,6112,6112,6112,6112,6112,6112,6112,6112,6112,6112,6112,6112,6112,6112,6112,6112,6112,6112,6120,6120,6120,6120,6120,6120,6120,6120,6120,6120,6120,6120,6120,6120,6120,6120,6120,6120,6120,6120,6120,6120,6120,6120,6120,6120,6120,6120,6120,6120,6120,6120,6120,6120,6120,6120,6120,6120,6120,6120,6120,6120,6120,6120,6120,6120,6120,6120,6120,6120,6120,6120,6120,6120,6120,6120,6120,6120,6120,6120,6120,6120,6120,6120,6128,6128,6128,6128,6128,6128,6128,6128,6128,6128,6128,6128,6128,6128,6128,6128,6128,6128,6128,6128,6128,6128,6128,6128,6128,6128,6128,6128,6128,6128,6128,6128,6128,6128,6128,6128,6128,6128,6128,6128,6128,6128,6128,6128,6128,6128,6128,6128,6128,6128,6128,6128,6128,6128,6128,6128,6128,6128,6128,6128,6128,6128,6128,6128,6128,6128,6128,6128,6128,6128,6128,6128,6128,6128,6128,6128,6128,6128,6128,6128,6128,6128,6128,6128,6128,6128,6128,6128,6128,6128,6128,6128,6128,6128,6128,6128,6128,6128,6128,6128,6128,6128,6128,6128,6128,6128,6128,6128,6128,6128,6128,6128,6128,6128,6128,6128,6128,6128,6128,6128,6128,6128,6128,6128,6128,6128,6128,6120,6120,6120,6120,6120,6120,6120,6120,6120,6120,6120,6120,6120,6120,6120,6120,6120,6120,6120,6120,6120,6120,6120,6120,6120,6120,6120,6120,6120,6120,6120,6120,6120,6120,6120,6120,6120,6120,6120,6120,6120,6120,6120,6120,6120,6120,6120,6120,6120,6120,6120,6120,6120,6120,6120,6120,6120,6120,6120,6120,6120,6120,6120,6120,6120,6120,6136,6136,6136,6136,6136,6136,6136,6136,6136,6136,6136,6136,6136,6136,6136,6136,6136,6136,6136,6136,6136,6136,6136,6136,6136,6136,6136,6136,6136,6136,6136,6136,6136,6136,6136,6136,6136,6136,6136,6136,6136,6136,6136,6136,6136,6136,6136,6136,6136,6136,6136,6136,6136,6136,6136,6136,6136,6136,6136,6136,6136,6136,6136,6136,6136,6112,6112,6112,6112,6112,6112,6112,6112
0,0,0,0,0,0,0,0,0,0,0,0,0,0,0,0,0,0,0,6112,6112,6112,6112,6112,6112,6112,6112,6112,6112,6112,6112,6112,6112,6112,6112,6112,6112,6112,6112,6112,6112,6112,6112,6112,6112,6112,6112,6112,6112,6112,6112,6112,6112,6112,6112,6112,6112,6112,6112,6112,6112,6112,6112,6112,6112,6112,6112,6112,6112,6112,6112,6112,6112,6112,6112,6112,6112,6112,6112,6112,6112,6112,6112,6112,6112,6112,6112,6112,6112,6112,6112,6112,6112,6112,6112,6112,6112,6112,6112,6112,6112,6112,6112,6112,6112,6112,6112,6112,6112,6112,6112,6112,6112,6112,6112,6112,6112,6112,6112,6112,6112,6112,6112,6112,6112,6112,6112,6112,6112,6112,6112,6112,6112,6112,6112,6112,6112,6112,6112,6112,6112,6112,6112,6112,6112,6112,6112,6112,6136,6136,6136,6136,6136,6136,6136,6136,6136,6136,6136,6136,6136,6136,6136,6136,6136,6136,6136,6136,6136,6136,6136,6136,6136,6136,6136,6136,6136,6136,6136,6136,6136,6136,6136,6136,6136,6136,6136,6136,6136,6136,6136,6136,6136,6136,6136,6136,6136,6136,6136,6136,6136,6136,6136,6136,6136,6136,6136,6136,6136,6136,6136,6136,6136,6136,6120,6120,6120,6120,6120,6120,6120,6120,6120,6120,6120,6120,6120,6120,6120,6120,6120,6120,6120,6120,6120,6120,6120,6120,6120,6120,6120,6120,6120,6120,6120,6120,6120,6120,6120,6120,6120,6120,6120,6120,6120,6120,6120,6120,6120,6120,6120,6120,6120,6120,6120,6120,6120,6120,6120,6120,6120,6120,6120,6120,6120,6120,6120,6136,6136,6136,6136,6136,6136,6136,6136,6136,6136,6136,6136,6136,6136,6136,6136,6136,6136,6136,6136,6136,6136,6136,6136,6136,6136,6136,6136,6136,6136,6136,6136,6136,6136,6136,6136,6136,6136,6136,6136,6136,6136,6136,6136,6136,6136,6136,6136,6136,6136,6136,6136,6136,6136,6136,6136,6136,6136,6136,6136,6136,6136,6136,6136,6136,6112,6112,6112,6112,6112,6112,6112,6112,6112,6112,6112,6112,6112,6112,6112,6112,6112,6112,6112,6112,6112,6112,6112,6112,6112,6112,6112,6112,6112,6112,6112,6112,6112,6112,6112,6112,6112,6112,6112,6112,6112,6112,6112,6112,6112,6112,6112,6112,6112,6112,6112,6112,6112,6112,6112,6112,6112,6112,6112,6112,6112,6112,6112,6112,6120,6120,6120,6120,6120,6120,6120,6120,6120,6120,6120,6120,6120,6120,6120,6120,6120,6120,6120,6120,6120,6120,6120,6120,6120,6120,6120,6120,6120,6120,6120,6120,6120,6120,6120,6120,6120,6120,6120,6120,6120,6120,6120,6120,6120,6120,6120,6120,6120,6120,6120,6120,6120,6120,6120,6120,6120,6120,6120,6120,6120,6120,6120,6120,6120,6136,6136,6136,6136,6136,6136,6136,6136,6136,6136,6136,6136,6136,6136,6136,6136,6136,6136,6136,6136,6136,6136,6136,6136,6136,6136,6136,6136,6136,6136,6136,6136,6136,6136,6136,6136,6136,6136,6136,6136,6136,6136,6136,6136,6136,6136,6136,6136,6136,6136,6136,6136,6136,6136,6136,6136,6136,6136,6136,6136,6120,6120,6120,6120,6120,6120,6120,6120,6120,6120,6120,6120,6120,6120,6120,6120,6120,6120,6120,6120,6120,6120,6120,6120,6120,6120,6120,6120,6120,6120,6120,6120,6120,6120,6120,6120,6120,6120,6120,6120,6120,6120,6120,6120,6120,6120,6120,6120,6120,6120,6120,6120,6120,6120,6120,6120,6120,6120,6120,6120,6120,6120,6120,6120,6120,6120,6120,6120,6120,6136,6136,6136,6136,6136,6136,6136,6136,6136,6136,6136,6136,6136,6136,6136,6136,6136,6136,6136,6136,6136,6136,6136,6136,6136,6136,6136,6136,6136,6136,6136,6136,6136,6136,6136,6136,6136,6136,6136,6136
0,0,0,0,0,0,0,0,0,0,0,0,0,0,0,0,0,0,0,0,0,0,0,0,0,0,0,0,0,0,0,0,0,0,0,0,0,0,0,0,0,0,0,0,0,0,0,0,0,0,0,0,0,0,5944,5944,5944,5944,5944,5944,5944,5944,5944,5944,5944,5944,5944,5944,5944,5944,5944,5944,5944,5944,5944,5944,5944,5944,5944,5944,5944,5944,5944,5944,5944,5944,5944,5944,5944,5944,5944,5944,5944,5944,5944,5944,5944,5944,5944,5944,5944,5944,5944,5944,5944,5944,5944,5944,5944,5944,5944,5944,5944,5944,5936,5936,5936,5936,5936,5936,5936,5936,5936,5936,5936,5936,5936,5936,5936,5936,5936,5936,5936,5936,5936,5936,5936,5936,5936,5936,5936,5936,5936,5936,5936,5936,5936,5936,5936,5936,5936,5936,5936,5936,5936,5936,5936,5936,5936,5936,5936,5936,5936,5936,5936,5936,5936,5936,5936,5936,5936,5936,5936,5936,5936,5936,5936,5936,5936,5936,5936,5936,5936,5936,5936,5936,5936,5936,5936,5936,5936,5936,5936,5936,5936,5936,5936,5936,5936,5936,5936,5936,5936,5936,5936,5936,5936,5936,5936,5936,5936,5936,5936,5936,5936,5936,5936,5936,5936,5936,5936,5936,5936,5936,5936,5936,5936,5936,5936,5936,5936,5936,5936,5936,5936,5936,5936,5936,5936,5936,5936,5936,5936,5936,5936,5936,5936,5936,5936,5936,5936,5936,5936,5936,5936,5936,5936,5936,5936,5936,5936,5936,5936,5936,5936,5936,5936,5936,5936,5936,5936,5936,5936,5936,5936,5936,5936,5936,5936,5936,5936,5936,5936,5936,5936,5936,5936,5936,5936,5936,5936,5936,5936,5936,5936,5936,5936,5936,5936,5936,5936,5936,5936,5936,5936,5936,5936,5936,5936,5936,5936,5944,5944,5944,5944,5944,5944,5944,5944,5944,5944,5944,5944,5944,5944,5944,5944,5944,5944,5944,5944,5944,5944,5944,5944,5944,5944,5944,5944,5944,5944,5944,5944,5944,5944,5944,5944,5944,5944,5944,5944,5944,5944,5944,5944,5944,5944,5944,5944,5944,5944,5944,5944,5944,5944,5944,5944,5944,5944,5944,5944,5944,5944,5944,5944,5944,5928,5928,5928,5928,5928,5928,5928,5928,5928,5928,5928,5928,5928,5928,5928,5928,5928,5928,5928,5928,5928,5928,5928,5928,5928,5928,5928,5928,5928,5928,5928,5928,5928,5928,5928,5928,5928,5928,5928,5928,5928,5928,5928,5928,5928,5928,5928,5928,5928,5928,5928,5928,5928,5928,5928,5928,5928,5928,5928,5928,5928,5928,5928,5928,5944,5944,5944,5944,5944,5944,5944,5944,5944,5944,5944,5944,5944,5944,5944,5944,5944,5944,5944,5944,5944,5944,5944,5944,5944,5944,5944,5944,5944,5944,5944,5944,5944,5944,5944,5944,5944,5944,5944,5944,5944,5944,5944,5944,5944,5944,5944,5944,5944,5944,5944,5944,5944,5944,5944,5944,5944,5944,5944,5944,5944,5944,5944,5944,5944,5944,5928,5928,5928,5928,5928,5928,5928,5928,5928,5928,5928,5928,5928,5928,5928,5928,5928,5928,5928,5928,5928,5928,5928,5928,5928,5928,5928,5928,5928,5928,5928,5928,5928,5928,5928,5928,5928,5928,5928,5928,5928,5928,5928,5928,5928,5928,5928,5928,5928,5928,5928,5928,5928,5928,5928,5928,5928,5928,5928,5928,5928,5928,5928,5928,5920,5920,5920,5920,5920,5920,5920,5920,5920,5920,5920,5920,5920,5920,5920,5920,5920,5920,5920,5920,5920,5920,5920,5920,5920,5920,5920,5920,5920,5920,5920,5920,5920,5920,5920,5920,5920,5920,5920,5920,5920,5920,5920,5920,5920,5920,5920,5920,5920,5920,5920,5920,5920,5920,5920,5920,5920,5920,5920,5920,5920,5920,5920,5920,5920,5928,5928,5928,5928,5928
0,0,0,0,0,0,0,0,0,0,0,0,0,0,0,0,0,0,0,0,0,6032,6032,6032,6032,6032,6032,6032,6032,6032,6032,6032,6032,6032,6032,6032,6032,6032,6032,6032,6032,6032,6032,6032,6032,6032,6032,6032,6032,6032,6032,6032,6032,6032,6032,6032,6032,6032,6032,6032,6032,6032,6032,6032,6032,6032,6032,6032,6032,6032,6032,6032,6032,6032,6032,6032,6032,6032,6032,6032,6032,6032,6032,6032,6032,6032,6032,6032,6032,6032,6032,6032,6032,6032,6032,6032,6032,6032,6032,6032,6032,6032,6032,6032,6032,6032,6032,6032,6032,6032,6032,6032,6032,6032,6032,6032,6032,6032,6032,6032,6032,6032,6032,6032,6032,6032,6032,6032,6032,6032,6032,6032,6032,6032,6032,6032,6032,6032,6032,6032,6032,6032,6032,6032,6032,6032,6032,6032,6032,6016,6016,6016,6016,6016,6016,6016,6016,6016,6016,6016,6016,6016,6016,6016,6016,6016,6016,6016,6016,6016,6016,6016,6016,6016,6016,6016,6016,6016,6016,6016,6016,6016,6016,6016,6016,6016,6016,6016,6016,6016,6016,6016,6016,6016,6016,6016,6016,6016,6016,6016,6016,6016,6016,6016,6016,6016,6016,6016,6016,6016,6016,6016,6016,6016,6016,6016,6016,6016,6016,6016,6016,6016,6016,6016,6016,6016,6016,6016,6016,6016,6016,6016,6016,6016,6016,6016,6016,6016,6016,6016,6016,6016,6016,6016,6016,6016,6016,6016,6016,6016,6016,6016,6016,6016,6016,6016,6016,6016,6016,6016,6016,6016,6016,6016,6016,6016,6016,6016,6016,6016,6016,6016,6016,6016,6016,6016,6016,6016,6032,6032,6032,6032,6032,6032,6032,6032,6032,6032,6032,6032,6032,6032,6032,6032,6032,6032,6032,6032,6032,6032,6032,6032,6032,6032,6032,6032,6032,6032,6032,6032,6032,6032,6032,6032,6032,6032,6032,6032,6032,6032,6032,6032,6032,6032,6032,6032,6032,6032,6032,6032,6032,6032,6032,6032,6032,6032,6032,6032,6032,6032,6032,6024,6024,6024,6024,6024,6024,6024,6024,6024,6024,6024,6024,6024,6024,6024,6024,6024,6024,6024,6024,6024,6024,6024,6024,6024,6024,6024,6024,6024,6024,6024,6024,6024,6024,6024,6024,6024,6024,6024,6024,6024,6024,6024,6024,6024,6024,6024,6024,6024,6024,6024,6024,6024,6024,6024,6024,6024,6024,6024,6024,6024,6024,6024,6024,6024,6024,6024,6024,6024,6024,6024,6024,6024,6024,6024,6024,6024,6024,6024,6024,6024,6024,6024,6024,6024,6024,6024,6024,6024,6024,6024,6024,6024,6024,6024,6024,6024,6024,6024,6024,6024,6024,6024,6024,6024,6024,6024,6024,6024,6024,6024,6024,6024,6024,6024,6024,6024,6024,6024,6024,6024,6024,6024,6024,6024,6024,6024,6024,6024,6024,6024,6032,6032,6032,6032,6032,6032,6032,6032,6032,6032,6032,6032,6032,6032,6032,6032,6032,6032,6032,6032,6032,6032,6032,6032,6032,6032,6032,6032,6032,6032,6032,6032,6032,6032,6032,6032,6032,6032,6032,6032,6032,6032,6032,6032,6032,6032,6032,6032,6032,6032,6032,6032,6032,6032,6032,6032,6032,6032,6032,6032,6032,6032,6032,6032,6024,6024,6024,6024,6024,6024,6024,6024,6024,6024,6024,6024,6024,6024,6024,6024,6024,6024,6024,6024,6024,6024,6024,6024,6024,6024,6024,6024,6024,6024,6024,6024,6024,6024,6024,6024,6024,6024,6024,6024,6024,6024,6024,6024,6024,6024,6024,6024,6024,6024,6024,6024,6024,6024,6024,6024,6024,6024,6024,6024,6024,6024,6024,6024,6024,6016,6016,6016,6016,6016,6016,6016,6016,6016,6016,6016,6016,6016,6016,6016,6016,6016,6016,6016,6016,6016,6016,6016,6016,6016,6016,6016,6016,6016,6016,6016,6016,6016,6016,6016,6016,6016,6016,6016
0,0,0,0,0,0,0,0,0,0,0,0,0,0,0,0,0,0,0,0,0,0,0,0,0,0,0,0,0,0,0,0,0,0,0,0,0,0,0,0,0,0,0,0,0,0,0,0,0,0,0,0,0,0,6032,6032,6032,6032,6032,6032,6032,6032,6032,6032,6032,6032,6032,6032,6032,6032,6032,6032,6032,6032,6032,6032,6032,6032,6032,6032,6032,6032,6032,6032,6032,6032,6032,6032,6032,6032,6032,6032,6032,6032,6032,6032,6032,6032,6032,6032,6032,6032,6032,6032,6032,6032,6032,6032,6032,6032,6032,6032,6032,6032,6032,6032,6032,6032,6032,6032,6032,6032,6032,6032,6032,6032,6032,6032,6032,6032,6032,6032,6032,6032,6032,6032,6032,6032,6032,6032,6032,6032,6032,6032,6032,6032,6032,6032,6032,6032,6032,6032,6032,6032,6032,6032,6032,6032,6032,6032,6032,6032,6032,6032,6032,6032,6032,6032,6032,6032,6032,6032,6032,6032,6032,6032,6032,6032,6032,6032,6032,6032,6024,6024,6024,6024,6024,6024,6024,6024,6024,6024,6024,6024,6024,6024,6024,6024,6024,6024,6024,6024,6024,6024,6024,6024,6024,6024,6024,6024,6024,6024,6024,6024,6024,6024,6024,6024,6024,6024,6024,6024,6024,6024,6024,6024,6024,6024,6024,6024,6024,6024,6024,6024,6024,6024,6024,6024,6024,6024,6024,6024,6024,6024,6024,6024,6024,6032,6032,6032,6032,6032,6032,6032,6032,6032,6032,6032,6032,6032,6032,6032,6032,6032,6032,6032,6032,6032,6032,6032,6032,6032,6032,6032,6032,6032,6032,6032,6032,6032,6032,6032,6032,6032,6032,6032,6032,6032,6032,6032,6032,6032,6032,6032,6032,6032,6032,6032,6032,6032,6032,6032,6032,6032,6032,6032,6032,6032,6032,6032,6032,6032,6032,6032,6032,6032,6032,6032,6032,6032,6032,6032,6032,6032,6032,6032,6032,6032,6032,6032,6032,6032,6032,6032,6032,6032,6032,6032,6032,6032,6032,6032,6032,6032,6032,6032,6032,6032,6032,6032,6032,6032,6032,6032,6032,6032,6032,6032,6032,6032,6032,6032,6032,6032,6032,6032,6032,6032,6032,6032,6032,6032,6032,6032,6032,6032,6064,6064,6064,6064,6064,6064,6064,6064,6064,6064,6064,6064,6064,6064,6064,6064,6064,6064,6064,6064,6064,6064,6064,6064,6064,6064,6064,6064,6064,6064,6064,6064,6064,6064,6064,6064,6064,6064,6064,6064,6064,6064,6064,6064,6064,6064,6064,6064,6064,6064,6064,6064,6064,6064,6064,6064,6064,6064,6064,6064,6064,6064,6064,6064,6064,6064,6064,6064,6064,6064,6064,6064,6064,6064,6064,6064,6064,6064,6064,6064,6064,6064,6064,6064,6064,6064,6064,6064,6064,6064,6064,6064,6064,6064,6064,6064,6064,6064,6064,6064,6064,6064,6064,6064,6064,6064,6064,6064,6064,6064,6064,6064,6064,6064,6064,6064,6064,6064,6064,6064,6064,6064,6064,6064,6064,6064,6064,6064,6064,6048,6048,6048,6048,6048,6048,6048,6048,6048,6048,6048,6048,6048,6048,6048,6048,6048,6048,6048,6048,6048,6048,6048,6048,6048,6048,6048,6048,6048,6048,6048,6048,6048,6048,6048,6048,6048,6048,6048,6048,6048,6048,6048,6048,6048,6048,6048,6048,6048,6048,6048,6048,6048,6048,6048,6048,6048,6048,6048,6048,6048,6048,6048,6048,6064,6064,6064,6064,6064,6064,6064,6064,6064,6064,6064,6064,6064,6064,6064,6064,6064,6064,6064,6064,6064,6064,6064,6064,6064,6064,6064,6064,6064,6064,6064,6064,6064,6064,6064,6064,6064,6064,6064,6064,6064,6064,6064,6064,6064,6064,6064,6064,6064,6064,6064,6064,6064,6064,6064,6064,6064,6064,6064,6064,6064,6064,6064,6064,6064,6064,6064,6064,6064,6064,6064
0,0,0,0,0,0,0,0,0,0,0,0,0,0,0,0,0,0,0,0,0,0,0,0,0,0,0,6064,6064,6064,6064,6064,6064,6064,6064,6064,6064,6064,6064,6064,6064,6064,6064,6064,6064,6064,6064,6064,6064,6064,6064,6064,6064,6064,6064,6064,6064,6064,6064,6064,6064,6064,6064,6064,6064,6064,6064,6064,6064,6064,6064,6064,6064,6064,6064,6064,6064,6064,6064,6064,6064,6064,6064,6064,6064,6064,6064,6064,6064,6064,6064,6064,6056,6056,6056,6056,6056,6056,6056,6056,6056,6056,6056,6056,6056,6056,6056,6056,6056,6056,6056,6056,6056,6056,6056,6056,6056,6056,6056,6056,6056,6056,6056,6056,6056,6056,6056,6056,6056,6056,6056,6056,6056,6056,6056,6056,6056,6056,6056,6056,6056,6056,6056,6056,6056,6056,6056,6056,6056,6056,6056,6056,6056,6056,6056,6056,6064,6064,6064,6064,6064,6064,6064,6064,6064,6064,6064,6064,6064,6064,6064,6064,6064,6064,6064,6064,6064,6064,6064,6064,6064,6064,6064,6064,6064,6064,6064,6064,6064,6064,6064,6064,6064,6064,6064,6064,6064,6064,6064,6064,6064,6064,6064,6064,6064,6064,6064,6064,6064,6064,6064,6064,6064,6064,6064,6064,6064,6064,6064,6064,6064,6064,6048,6048,6048,6048,6048,6048,6048,6048,6048,6048,6048,6048,6048,6048,6048,6048,6048,6048,6048,6048,6048,6048,6048,6048,6048,6048,6048,6048,6048,6048,6048,6048,6048,6048,6048,6048,6048,6048,6048,6048,6048,6048,6048,6048,6048,6048,6048,6048,6048,6048,6048,6048,6048,6048,6048,6048,6048,6048,6048,6048,6048,6048,6048,6048,6064,6064,6064,6064,6064,6064,6064,6064,6064,6064,6064,6064,6064,6064,6064,6064,6064,6064,6064,6064,6064,6064,6064,6064,6064,6064,6064,6064,6064,6064,6064,6064,6064,6064,6064,6064,6064,6064,6064,6064,6064,6064,6064,6064,6064,6064,6064,6064,6064,6064,6064,6064,6064,6064,6064,6064,6064,6064,6064,6064,6064,6064,6064,6048,6048,6048,6048,6048,6048,6048,6048,6048,6048,6048,6048,6048,6048,6048,6048,6048,6048,6048,6048,6048,6048,6048,6048,6048,6048,6048,6048,6048,6048,6048,6048,6048,6048,6048,6048,6048,6048,6048,6048,6048,6048,6048,6048,6048,6048,6048,6048,6048,6048,6048,6048,6048,6048,6048,6048,6048,6048,6048,6048,6048,6048,6048,6048,6048,6072,6072,6072,6072,6072,6072,6072,6072,6072,6072,6072,6072,6072,6072,6072,6072,6072,6072,6072,6072,6072,6072,6072,6072,6072,6072,6072,6072,6072,6072,6072,6072,6072,6072,6072,6072,6072,6072,6072,6072,6072,6072,6072,6072,6072,6072,6072,6072,6072,6072,6072,6072,6072,6072,6072,6072,6072,6072,6072,6072,6072,6072,6072,6072,6072,6064,6064,6064,6064,6064,6064,6064,6064,6064,6064,6064,6064,6064,6064,6064,6064,6064,6064,6064,6064,6064,6064,6064,6064,6064,6064,6064,6064,6064,6064,6064,6064,6064,6064,6064,6064,6064,6064,6064,6064,6064,6064,6064,6064,6064,6064,6064,6064,6064,6064,6064,6064,6064,6064,6064,6064,6064,6064,6064,6064,6064,6064,6064,6064,6056,6056,6056,6056,6056,6056,6056,6056,6056,6056,6056,6056,6056,6056,6056,6056,6056,6056,6056,6056,6056,6056,6056,6056,6056,6056,6056,6056,6056,6056,6056,6056,6056,6056,6056,6056,6056,6056,6056,6056,6056,6056,6056,6056,6056,6056,6056,6056,6056,6056,6056,6056,6056,6056,6056,6056,6056,6056,6056,6056,6056,6056,6056,6056,6056,6056,6048,6048,6048,6048,6048,6048,6048,6048,6048,6048,6048,6048,6048,6048,6048,6048,6048,6048,6048,6048,6048,6048,6048,6048,6048,6048,6048,6048,6048,6048,6048
0,0,0,0,0,0,0,0,0,0,0,0,0,0,0,0,0,0,0,0,0,0,0,0,0,0,0,0,0,0,0,0,0,0,0,0,0,0,0,0,0,0,0,0,0,0,0,0,0,0,0,0,0,0,0,0,0,0,0,0,0,0,0,0,5920,5920,5920,5920,5920,5920,5920,5920,5920,5920,5920,5920,5920,5920,5920,5920,5920,5920,5920,5920,5920,5920,5920,5920,5920,5920,5920,5920,5920,5920,5920,5920,5920,5920,5920,5920,5920,5920,5920,5920,5920,5920,5920,5920,5920,5920,5920,5920,5920,5920,5920,5920,5920,5920,5920,5920,5920,5920,5920,5920,5920,5920,5920,5920,5928,5928,5928,5928,5928,5928,5928,5928,5928,5928,5928,5928,5928,5928,5928,5928,5928,5928,5928,5928,5928,5928,5928,5928,5928,5928,5928,5928,5928,5928,5928,5928,5928,5928,5928,5928,5928,5928,5928,5928,5928,5928,5928,5928,5928,5928,5928,5928,5928,5928,5928,5928,5928,5928,5928,5928,5928,5928,5928,5928,5928,5928,5928,5928,5928,5928,5928,5928,5928,5928,5928,5928,5928,5928,5928,5928,5928,5928,5928,5928,5928,5928,5928,5928,5928,5928,5928,5928,5928,5928,5928,5928,5928,5928,5928,5928,5928,5928,5928,5928,5928,5928,5928,5928,5928,5928,5928,5928,5928,5928,5928,5928,5928,5928,5928,5928,5928,5928,5928,5928,5928,5928,5928,5928,5928,5928,5928,5928,5928,5928,5928,5928,5928,5928,5928,5928,5928,5928,5928,5928,5928,5928,5928,5928,5928,5928,5928,5928,5928,5928,5928,5928,5928,5928,5928,5928,5928,5928,5928,5928,5928,5928,5928,5928,5928,5928,5928,5928,5928,5928,5928,5928,5928,5928,5928,5928,5928,5928,5928,5928,5928,5928,5928,5928,5928,5928,5928,5928,5928,5928,5928,5928,5928,5920,5920,5920,5920,5920,5920,5920,5920,5920,5920,5920,5920,5920,5920,5920,5920,5920,5920,5920,5920,5920,5920,5920,5920,5920,5920,5920,5920,5920,5920,5920,5920,5920,5920,5920,5920,5920,5920,5920,5920,5920,5920,5920,5920,5920,5920,5920,5920,5920,5920,5920,5920,5920,5920,5920,5920,5920,5920,5920,5920,5920,5920,5920,5920,5920,5936,5936,5936,5936,5936,5936,5936,5936,5936,5936,5936,5936,5936,5936,5936,5936,5936,5936,5936,5936,5936,5936,5936,5936,5936,5936,5936,5936,5936,5936,5936,5936,5936,5936,5936,5936,5936,5936,5936,5936,5936,5936,5936,5936,5936,5936,5936,5936,5936,5936,5936,5936,5936,5936,5936,5936,5936,5936,5936,5936,5936,5936,5936,5952,5952,5952,5952,5952,5952,5952,5952,5952,5952,5952,5952,5952,5952,5952,5952,5952,5952,5952,5952,5952,5952,5952,5952,5952,5952,5952,5952,5952,5952,5952,5952,5952,5952,5952,5952,5952,5952,5952,5952,5952,5952,5952,5952,5952,5952,5952,5952,5952,5952,5952,5952,5952,5952,5952,5952,5952,5952,5952,5952,5952,5952,5952,5952,5952,5952,5960,5960,5960,5960,5960,5960,5960,5960,5960,5960,5960,5960,5960,5960,5960,5960,5960,5960,5960,5960,5960,5960,5960,5960,5960,5960,5960,5960,5960,5960,5960,5960,5960,5960,5960,5960,5960,5960,5960,5960,5960,5960,5960,5960,5960,5960,5960,5960,5960,5960,5960,5960,5960,5960,5960,5960,5960,5960,5960,5960,5960,5960,5960,5960,5960,5960,5960,5960,5960,5960,5960,5960,5960,5960,5960,5960,5960,5960,5960,5960,5960,5960,5960,5960,5960,5960,5960,5960,5960,5960,5960,5960,5960,5960,5960,5960,5960,5960,5960,5960,5960,5960,5960,5960,5960,5960,5960,5960,5960,5960,5960,5960,5960,5960,5960,5960,5960,5960,5960,5960,5960,5960,5960,5960,5960
0,0,0,0,0,0,0,0,0,0,0,0,0,0,0,0,0,0,0,0,0,0,0,0,0,0,0,0,0,0,6096,6096,6096,6096,6096,6096,6096,6096,6096,6096,6096,6096,6096,6096,6096,6096,6096,6096,6096,6096,6096,6096,6096,6096,6096,6096,6096,6096,6096,6096,6096,6096,6096,6096,6096,6096,6096,6096,6096,6096,6096,6096,6096,6096,6096,6096,6096,6096,6096,6096,6096,6096,6096,6096,6096,6096,6096,6096,6096,6096,6096,6096,6096,6096,6096,6096,6096,6096,6096,6096,6096,6096,6096,6096,6096,6096,6096,6096,6096,6096,6096,6096,6096,6096,6096,6096,6096,6096,6096,6096,6096,6096,6096,6096,6096,6096,6096,6096,6096,6096,6096,6096,6096,6096,6096,6096,6096,6096,6096,6096,6096,6096,6096,6096,6096,6096,6096,6096,6096,6096,6096,6096,6096,6096,6096,6096,6096,6096,6096,6080,6080,6080,6080,6080,6080,6080,6080,6080,6080,6080,6080,6080,6080,6080,6080,6080,6080,6080,6080,6080,6080,6080,6080,6080,6080,6080,6080,6080,6080,6080,6080,6080,6080,6080,6080,6080,6080,6080,6080,6080,6080,6080,6080,6080,6080,6080,6080,6080,6080,6080,6080,6080,6080,6080,6080,6080,6080,6080,6080,6104,6104,6104,6104,6104,6104,6104,6104,6104,6104,6104,6104,6104,6104,6104,6104,6104,6104,6104,6104,6104,6104,6104,6104,6104,6104,6104,6104,6104,6104,6104,6104,6104,6104,6104,6104,6104,6104,6104,6104,6104,6104,6104,6104,6104,6104,6104,6104,6104,6104,6104,6104,6104,6104,6104,6104,6104,6104,6104,6104,6104,6104,6104,6104,6104,6104,6104,6104,6104,6104,6104,6104,6104,6104,6104,6104,6104,6104,6104,6104,6104,6104,6104,6104,6104,6104,6104,6104,6104,6104,6104,6104,6104,6104,6104,6104,6104,6104,6104,6104,6104,6104,6104,6104,6104,6104,6104,6104,6104,6104,6104,6104,6104,6104,6104,6104,6104,6104,6104,6104,6104,6104,6104,6104,6104,6104,6104,6104,6104,6104,6104,6104,6104,6104,6104,6104,6104,6104,6104,6104,6104,6104,6104,6104,6104,6104,6104,6104,6104,6104,6104,6104,6104,6104,6104,6104,6104,6104,6104,6104,6104,6104,6104,6104,6104,6104,6104,6104,6104,6104,6104,6104,6104,6104,6104,6104,6104,6104,6104,6104,6104,6104,6104,6104,6104,6104,6104,6104,6104,6104,6104,6104,6104,6104,6104,6104,6104,6096,6096,6096,6096,6096,6096,6096,6096,6096,6096,6096,6096,6096,6096,6096,6096,6096,6096,6096,6096,6096,6096,6096,6096,6096,6096,6096,6096,6096,6096,6096,6096,6096,6096,6096,6096,6096,6096,6096,6096,6096,6096,6096,6096,6096,6096,6096,6096,6096,6096,6096,6096,6096,6096,6096,6096,6096,6096,6096,6096,6096,6096,6096,6096,6080,6080,6080,6080,6080,6080,6080,6080,6080,6080,6080,6080,6080,6080,6080,6080,6080,6080,6080,6080,6080,6080,6080,6080,6080,6080,6080,6080,6080,6080,6080,6080,6080,6080,6080,6080,6080,6080,6080,6080,6080,6080,6080,6080,6080,6080,6080,6080,6080,6080,6080,6080,6080,6080,6080,6080,6080,6080,6080,6080,6080,6080,6080,6080,6080,6080,6080,6080,6080,6080,6080,6080,6080,6080,6080,6080,6080,6080,6080,6080,6080,6080,6080,6080,6080,6080,6080,6080,6080,6080,6080,6080,6080,6080,6080,6080,6080,6080,6080,6080,6080,6080,6080,6080,6080,6080,6080,6080,6080,6080,6080,6080,6080,6080,6080,6080,6080,6080,6080,6080,6080,6080,6080,6080,6080,6080,6080,6088,6088,6088,6088,6088,6088,6088,6088,6088,6088,6088,6088,6088,6088,6088,6088,6088,6088,6088,6088,6088,6088,6088,6088,6088,6088,6088,6088,6088,6088,6088,6088,6088
0,0,0,0,0,0,0,0,0,0,0,0,0,0,0,0,0,0,0,0,0,0,0,0,0,0,0,0,0,0,0,0,0,0,0,0,0,0,0,0,0,0,0,0,0,0,0,0,0,0,0,0,0,0,0,0,0,0,0,0,0,0,0,6088,6088,6088,6088,6088,6088,6088,6088,6088,6088,6088,6088,6088,6088,6088,6088,6088,6088,6088,6088,6088,6088,6088,6088,6088,6088,6088,6088,6088,6088,6088,6088,6088,6088,6088,6088,6088,6088,6088,6088,6088,6088,6088,6088,6088,6088,6088,6088,6088,6088,6088,6088,6088,6088,6088,6088,6088,6088,6088,6088,6088,6088,6088,6088,6088,6088,6080,6080,6080,6080,6080,6080,6080,6080,6080,6080,6080,6080,6080,6080,6080,6080,6080,6080,6080,6080,6080,6080,6080,6080,6080,6080,6080,6080,6080,6080,6080,6080,6080,6080,6080,6080,6080,6080,6080,6080,6080,6080,6080,6080,6080,6080,6080,6080,6080,6080,6080,6080,6080,6080,6080,6080,6080,6080,6080,6080,6080,6080,6080,6080,6080,6080,6080,6080,6080,6080,6080,6080,6080,6080,6080,6080,6080,6080,6080,6080,6080,6080,6080,6080,6080,6080,6080,6080,6080,6080,6080,6080,6080,6080,6080,6080,6080,6080,6080,6080,6080,6080,6080,6080,6080,6080,6080,6080,6080,6080,6080,6080,6080,6080,6080,6080,6080,6080,6080,6080,6080,6080,6080,6080,6080,6080,6080,6080,6080,6088,6088,6088,6088,6088,6088,6088,6088,6088,6088,6088,6088,6088,6088,6088,6088,6088,6088,6088,6088,6088,6088,6088,6088,6088,6088,6088,6088,6088,6088,6088,6088,6088,6088,6088,6088,6088,6088,6088,6088,6088,6088,6088,6088,6088,6088,6088,6088,6088,6088,6088,6088,6088,6088,6088,6088,6088,6088,6088,6088,6088,6080,6080,6080,6080,6080,6080,6080,6080,6080,6080,6080,6080,6080,6080,6080,6080,6080,6080,6080,6080,6080,6080,6080,6080,6080,6080,6080,6080,6080,6080,6080,6080,6080,6080,6080,6080,6080,6080,6080,6080,6080,6080,6080,6080,6080,6080,6080,6080,6080,6080,6080,6080,6080,6080,6080,6080,6080,6080,6080,6080,6080,6080,6080,6080,6080,6080,6080,6080,6088,6088,6088,6088,6088,6088,6088,6088,6088,6088,6088,6088,6088,6088,6088,6088,6088,6088,6088,6088,6088,6088,6088,6088,6088,6088,6088,6088,6088,6088,6088,6088,6088,6088,6088,6088,6088,6088,6088,6088,6088,6088,6088,6088,6088,6088,6088,6088,6088,6088,6088,6088,6088,6088,6088,6088,6088,6088,6088,6088,6088,6088,6088,6088,6088,6088,6088,6088,6088,6088,6088,6088,6088,6088,6088,6088,6088,6088,6088,6088,6088,6088,6088,6088,6088,6088,6088,6088,6088,6088,6088,6088,6088,6088,6088,6088,6088,6088,6088,6088,6088,6088,6088,6088,6088,6088,6088,6088,6088,6088,6088,6088,6088,6088,6088,6088,6088,6088,6088,6088,6088,6088,6088,6088,6088,6088,6088,6088,6104,6104,6104,6104,6104,6104,6104,6104,6104,6104,6104,6104,6104,6104,6104,6104,6104,6104,6104,6104,6104,6104,6104,6104,6104,6104,6104,6104,6104,6104,6104,6104,6104,6104,6104,6104,6104,6104,6104,6104,6104,6104,6104,6104,6104,6104,6104,6104,6104,6104,6104,6104,6104,6104,6104,6104,6104,6104,6104,6104,6104,6104,6104,6104,6096,6096,6096,6096,6096,6096,6096,6096,6096,6096,6096,6096,6096,6096,6096,6096,6096,6096,6096,6096,6096,6096,6096,6096,6096,6096,6096,6096,6096,6096,6096,6096,6096,6096,6096,6096,6096,6096,6096,6096,6096,6096,6096,6096,6096,6096,6096,6096,6096,6096,6096,6096,6096,6096,6096,6096,6096,6096,6096,6096,6096
0,0,0,0,0,0,0,0,0,0,0,0,0,0,0,0,0,0,0,0,0,0,0,0,0,0,0,0,0,0,0,0,0,0,0,6056,6056,6056,6056,6056,6056,6056,6056,6056,6056,6056,6056,6056,6056,6056,6056,6056,6056,6056,6056,6056,6056,6056,6056,6056,6056,6056,6056,6056,6056,6056,6056,6056,6056,6056,6056,6056,6056,6056,6056,6056,6056,6056,6056,6056,6056,6056,6056,6056,6056,6056,6056,6056,6056,6056,6056,6056,6056,6056,6056,6056,6056,6056,6056,6056,6056,6056,6056,6056,6056,6056,6056,6056,6056,6056,6056,6056,6056,6056,6056,6056,6056,6056,6056,6056,6056,6056,6056,6056,6056,6056,6056,6056,6056,6056,6056,6056,6056,6056,6056,6056,6056,6056,6056,6056,6056,6056,6056,6056,6056,6056,6056,6056,6056,6056,6056,6056,6056,6056,6056,6056,6056,6056,6056,6056,6056,6056,6056,6056,6072,6072,6072,6072,6072,6072,6072,6072,6072,6072,6072,6072,6072,6072,6072,6072,6072,6072,6072,6072,6072,6072,6072,6072,6072,6072,6072,6072,6072,6072,6072,6072,6072,6072,6072,6072,6072,6072,6072,6072,6072,6072,6072,6072,6072,6072,6072,6072,6072,6072,6072,6072,6072,6072,6072,6072,6072,6072,6072,6072,6072,6072,6072,6064,6064,6064,6064,6064,6064,6064,6064,6064,6064,6064,6064,6064,6064,6064,6064,6064,6064,6064,6064,6064,6064,6064,6064,6064,6064,6064,6064,6064,6064,6064,6064,6064,6064,6064,6064,6064,6064,6064,6064,6064,6064,6064,6064,6064,6064,6064,6064,6064,6064,6064,6064,6064,6064,6064,6064,6064,6064,6064,6064,6064,6064,6064,6064,6064,6064,6064,6064,6064,6064,6064,6064,6064,6064,6064,6064,6064,6064,6064,6064,6064,6064,6064,6064,6064,6064,6064,6064,6064,6064,6064,6064,6064,6064,6064,6064,6064,6064,6064,6064,6064,6064,6064,6064,6064,6064,6064,6064,6064,6064,6064,6064,6064,6064,6064,6064,6064,6064,6064,6064,6064,6064,6064,6064,6064,6064,6064,6064,6064,6064,6064,6064,6064,6064,6064,6064,6064,6064,6064,6064,6064,6064,6064,6064,6064,6064,6064,6064,6064,6064,6064,6064,6064,6064,6064,6064,6064,6064,6064,6064,6064,6064,6064,6064,6064,6064,6064,6064,6064,6064,6064,6064,6064,6064,6064,6064,6064,6064,6064,6064,6064,6064,6064,6064,6064,6064,6064,6064,6064,6064,6064,6064,6064,6064,6064,6072,6072,6072,6072,6072,6072,6072,6072,6072,6072,6072,6072,6072,6072,6072,6072,6072,6072,6072,6072,6072,6072,6072,6072,6072,6072,6072,6072,6072,6072,6072,6072,6072,6072,6072,6072,6072,6072,6072,6072,6072,6072,6072,6072,6072,6072,6072,6072,6072,6072,6072,6072,6072,6072,6072,6072,6072,6072,6072,6072,6072,6072,6072,6072,6072,6072,6072,6072,6072,6072,6072,6072,6072,6072,6072,6072,6072,6072,6072,6072,6072,6072,6072,6072,6072,6072,6072,6072,6072,6072,6072,6072,6072,6072,6072,6072,6072,6072,6072,6072,6072,6072,6072,6072,6072,6072,6072,6072,6072,6072,6072,6072,6072,6072,6072,6072,6072,6072,6072,6072,6072,6072,6072,6072,6072,6072,6072,6072,6072,6072,6072,6072,6072,6072,6072,6072,6072,6072,6072,6072,6072,6072,6072,6072,6072,6072,6072,6072,6072,6072,6072,6072,6072,6072,6072,6072,6072,6072,6072,6072,6072,6072,6072,6072,6072,6072,6072,6072,6072,6072,6072,6072,6072,6072,6072,6072,6072,6072,6072,6072,6072,6072,6072,6072,6072,6072,6072,6072,6072,6072,6072,6072,6072,6072,6072,6064,6064,6064,6064,6064,6064,6064,6064,6064,6064,6064,6064,6064,6064,6064,6064,6064,6064,6064,6064,6064,6064,6064
0,0,0,0,0,0,0,0,0,0,0,0,0,0,0,0,0,0,0,0,0,0,0,0,0,0,6056,6056,6056,6056,6056,6056,6056,6056,6056,6056,6056,6056,6056,6056,6056,6056,6056,6056,6056,6056,6056,6056,6056,6056,6056,6056,6056,6056,6056,6056,6056,6056,6056,6056,6056,6056,6056,6056,6056,6056,6056,6056,6056,6056,6056,6056,6056,6056,6056,6056,6056,6056,6056,6056,6056,6056,6056,6056,6056,6056,6056,6056,6056,6056,6056,6056,6056,6056,6056,6056,6056,6056,6056,6056,6056,6056,6056,6056,6056,6056,6056,6056,6056,6056,6056,6056,6056,6056,6056,6056,6056,6056,6056,6056,6056,6056,6056,6056,6056,6056,6056,6056,6056,6056,6056,6056,6056,6056,6056,6056,6056,6056,6056,6056,6056,6056,6056,6056,6056,6056,6056,6056,6056,6056,6056,6056,6056,6056,6064,6064,6064,6064,6064,6064,6064,6064,6064,6064,6064,6064,6064,6064,6064,6064,6064,6064,6064,6064,6064,6064,6064,6064,6064,6064,6064,6064,6064,6064,6064,6064,6064,6064,6064,6064,6064,6064,6064,6064,6064,6064,6064,6064,6064,6064,6064,6064,6064,6064,6064,6064,6064,6064,6064,6064,6064,6064,6064,6064,6064,6064,6064,6064,6064,6064,6056,6056,6056,6056,6056,6056,6056,6056,6056,6056,6056,6056,6056,6056,6056,6056,6056,6056,6056,6056,6056,6056,6056,6056,6056,6056,6056,6056,6056,6056,6056,6056,6056,6056,6056,6056,6056,6056,6056,6056,6056,6056,6056,6056,6056,6056,6056,6056,6056,6056,6056,6056,6056,6056,6056,6056,6056,6056,6056,6056,6056,6056,6056,6056,6056,6072,6072,6072,6072,6072,6072,6072,6072,6072,6072,6072,6072,6072,6072,6072,6072,6072,6072,6072,6072,6072,6072,6072,6072,6072,6072,6072,6072,6072,6072,6072,6072,6072,6072,6072,6072,6072,6072,6072,6072,6072,6072,6072,6072,6072,6072,6072,6072,6072,6072,6072,6072,6072,6072,6072,6072,6072,6072,6072,6072,6072,6072,6072,6072,6064,6064,6064,6064,6064,6064,6064,6064,6064,6064,6064,6064,6064,6064,6064,6064,6064,6064,6064,6064,6064,6064,6064,6064,6064,6064,6064,6064,6064,6064,6064,6064,6064,6064,6064,6064,6064,6064,6064,6064,6064,6064,6064,6064,6064,6064,6064,6064,6064,6064,6064,6064,6064,6064,6064,6064,6064,6064,6064,6064,6064,6064,6064,6064,6056,6056,6056,6056,6056,6056,6056,6056,6056,6056,6056,6056,6056,6056,6056,6056,6056,6056,6056,6056,6056,6056,6056,6056,6056,6056,6056,6056,6056,6056,6056,6056,6056,6056,6056,6056,6056,6056,6056,6056,6056,6056,6056,6056,6056,6056,6056,6056,6056,6056,6056,6056,6056,6056,6056,6056,6056,6056,6056,6056,6056,6056,6056,6056,6056,6064,6064,6064,6064,6064,6064,6064,6064,6064,6064,6064,6064,6064,6064,6064,6064,6064,6064,6064,6064,6064,6064,6064,6064,6064,6064,6064,6064,6064,6064,6064,6064,6064,6064,6064,6064,6064,6064,6064,6064,6064,6064,6064,6064,6064,6064,6064,6064,6064,6064,6064,6064,6064,6064,6064,6064,6064,6064,6064,6064,6064,6064,6064,6064,6048,6048,6048,6048,6048,6048,6048,6048,6048,6048,6048,6048,6048,6048,6048,6048,6048,6048,6048,6048,6048,6048,6048,6048,6048,6048,6048,6048,6048,6048,6048,6048,6048,6048,6048,6048,6048,6048,6048,6048,6048,6048,6048,6048,6048,6048,6048,6048,6048,6048,6048,6048,6048,6048,6048,6048,6048,6048,6048,6048,6048,6048,6048,6048,6048,6048,6048,6048,6048,6048,6048,6048,6048,6048,6048,6048,6048,6048,6048,6048,6048,6048,6048,6048,6048,6048,6048,6048,6048,6048,6048,6048,6048,6048,6048,6048,6048,6048
0,0,0,0,0,0,0,0,0,0,0,0,0,0,0,0,0,0,0,0,0,0,0,0,0,0,0,0,0,0,0,0,0,0,0,0,0,0,0,0,0,0,0,0,0,0,0,0,0,0,0,0,0,0,0,0,0,0,0,0,6064,6064,6064,6064,6064,6064,6064,6064,6064,6064,6064,6064,6064,6064,6064,6064,6064,6064,6064,6064,6064,6064,6064,6064,6064,6064,6064,6064,6064,6064,6064,6064,6064,6064,6064,6064,6064,6064,6064,6064,6064,6064,6064,6064,6064,6064,6064,6064,6064,6064,6064,6064,6064,6064,6064,6064,6064,6064,6064,6064,6064,6064,6064,6064,6064,6064,6064,6064,6064,6064,6064,6064,6064,6064,6064,6064,6064,6064,6064,6064,6064,6064,6064,6064,6064,6064,6064,6064,6064,6064,6064,6064,6064,6064,6064,6064,6064,6064,6064,6064,6064,6064,6064,6064,6064,6064,6064,6064,6064,6064,6064,6064,6064,6064,6064,6064,6064,6064,6064,6064,6064,6064,6064,6064,6064,6064,6064,6064,6064,6064,6048,6048,6048,6048,6048,6048,6048,6048,6048,6048,6048,6048,6048,6048,6048,6048,6048,6048,6048,6048,6048,6048,6048,6048,6048,6048,6048,6048,6048,6048,6048,6048,6048,6048,6048,6048,6048,6048,6048,6048,6048,6048,6048,6048,6048,6048,6048,6048,6048,6048,6048,6048,6048,6048,6048,6048,6048,6048,6048,6048,6048,6048,6048,6072,6072,6072,6072,6072,6072,6072,6072,6072,6072,6072,6072,6072,6072,6072,6072,6072,6072,6072,6072,6072,6072,6072,6072,6072,6072,6072,6072,6072,6072,6072,6072,6072,6072,6072,6072,6072,6072,6072,6072,6072,6072,6072,6072,6072,6072,6072,6072,6072,6072,6072,6072,6072,6072,6072,6072,6072,6072,6072,6072,6072,6072,6072,6072,6072,6072,6064,6064,6064,6064,6064,6064,6064,6064,6064,6064,6064,6064,6064,6064,6064,6064,6064,6064,6064,6064,6064,6064,6064,6064,6064,6064,6064,6064,6064,6064,6064,6064,6064,6064,6064,6064,6064,6064,6064,6064,6064,6064,6064,6064,6064,6064,6064,6064,6064,6064,6064,6064,6064,6064,6064,6064,6064,6064,6064,6064,6064,6064,6064,6056,6056,6056,6056,6056,6056,6056,6056,6056,6056,6056,6056,6056,6056,6056,6056,6056,6056,6056,6056,6056,6056,6056,6056,6056,6056,6056,6056,6056,6056,6056,6056,6056,6056,6056,6056,6056,6056,6056,6056,6056,6056,6056,6056,6056,6056,6056,6056,6056,6056,6056,6056,6056,6056,6056,6056,6056,6056,6056,6056,6056,6056,6056,6064,6064,6064,6064,6064,6064,6064,6064,6064,6064,6064,6064,6064,6064,6064,6064,6064,6064,6064,6064,6064,6064,6064,6064,6064,6064,6064,6064,6064,6064,6064,6064,6064,6064,6064,6064,6064,6064,6064,6064,6064,6064,6064,6064,6064,6064,6064,6064,6064,6064,6064,6064,6064,6064,6064,6064,6064,6064,6064,6064,6064,6056,6056,6056,6056,6056,6056,6056,6056,6056,6056,6056,6056,6056,6056,6056,6056,6056,6056,6056,6056,6056,6056,6056,6056,6056,6056,6056,6056,6056,6056,6056,6056,6056,6056,6056,6056,6056,6056,6056,6056,6056,6056,6056,6056,6056,6056,6056,6056,6056,6056,6056,6056,6056,6056,6056,6056,6056,6056,6056,6056,6056,6056,6056,6056,6056,6056,6056,6056,6056,6056,6056,6048,6048,6048,6048,6048,6048,6048,6048,6048,6048,6048,6048,6048,6048,6048,6048,6048,6048,6048,6048,6048,6048,6048,6048,6048,6048,6048,6048,6048,6048,6048,6048,6048,6048,6048,6048,6048,6048,6048,6048,6048,6048,6048,6048,6048,6048,6048,6048,6048,6048,6048,6048,6048,6048,6048,6048,6048,6048,6048,6048,6048,6048,6048
6040,6040,6040,6040,6040,6040,6040,6040,6040,6040,6040,6040,6040,6040,6040,6040,6040,6040,6040,6040,6040,6040,6040,6040,6040,6040,6040,6040,6040,6040,6040,6040,6040,6040,6040,6040,6040,6040,6040,6040,6040,6040,6040,6040,6040,6040,6040,6040,6040,6040,6040,6040,6040,6040,6040,6040,6040,6040,6040,6040,6040,6040,6040,6040,6040,6040,6040,6040,6040,6040,6040,6040,6040,6040,6040,6040,6016,6016,6016,6016,6016,6016,6016,6016,6016,6016,6016,6016,6016,6016,6016,6016,6016,6016,6016,6016,6016,6016,6016,6016,6016,6016,6016,6016,6016,6016,6016,6016,6016,6016,6016,6016,6016,6016,6016,6016,6016,6016,6016,6016,6016,6016,6016,6016,6016,6016,6016,6016,6016,6016,6016,6016,6016,6016,6016,6016,6016,6016,6016,6016,6016,6016,6016,6016,6016,6016,6016,6016,6016,6016,6016,6016,6016,6016,6016,6016,6016,6016,6016,6016,6016,6016,6016,6016,6016,6016,6016,6016,6016,6016,6016,6016,6016,6016,6016,6016,6016,6016,6016,6016,6016,6016,6016,6016,6016,6016,6016,6016,6016,6016,6016,6016,6016,6016,6016,6016,6016,6016,6016,6016,6016,6016,6016,6016,6016,6016,6032,6032,6032,6032,6032,6032,6032,6032,6032,6032,6032,6032,6032,6032,6032,6032,6032,6032,6032,6032,6032,6032,6032,6032,6032,6032,6032,6032,6032,6032,6032,6032,6032,6032,6032,6032,6032,6032,6032,6032,6032,6032,6032,6032,6032,6032,6032,6032,6032,6032,6032,6032,6032,6032,6032,6032,6032,6032,6032,6032,6032,6032,6032,6016,6016,6016,6016,6016,6016,6016,6016,6016,6016,6016,6016,6016,6016,6016,6016,6016,6016,6016,6016,6016,6016,6016,6016,6016,6016,6016,6016,6016,6016,6016,6016,6016,6016,6016,6016,6016,6016,6016,6016,6016,6016,6016,6016,6016,6016,6016,6016,6016,6016,6016,6016,6016,6016,6016,6016,6016,6016,6016,6016,6016,6016,6016,6016,6016,6024,6024,6024,6024,6024,6024,6024,6024,6024,6024,6024,6024,6024,6024,6024,6024,6024,6024,6024,6024,6024,6024,6024,6024,6024,6024,6024,6024,6024,6024,6024,6024,6024,6024,6024,6024,6024,6024,6024,6024,6024,6024,6024,6024,6024,6024,6024,6024,6024,6024,6024,6024,6024,6024,6024,6024,6024,6024,6024,6024,6024,6024,6024,6024,6024,6024,6024,6032,6032,6032,6032,6032,6032,6032,6032,6032,6032,6032,6032,6032,6032,6032,6032,6032,6032,6032,6032,6032,6032,6032,6032,6032,6032,6032,6032,6032,6032,6032,6032,6032,6032,6032,6032,6032,6032,6032,6032,6032,6032,6032,6032,6032,6032,6032,6032,6032,6032,6032,6032,6032,6032,6032,6032,6032,6032,6032,6032,6032,6032,6032,6032,6032,6032,6032,6032,6032,6032,6032,6032,6032,6032,6032,6032,6032,6032,6032,6032,6032,6032,6032,6032,6032,6032,6032,6032,6032,6032,6032,6032,6032,6032,6032,6032,6032,6032,6032,6032,6032,6032,6032,6032,6032,6032,6032,6032,6032,6032,6032,6032,6032,6032,6032,6032,6032,6032,6032,6032,6032,6032,6032,6032,6032,6032,6032,6032,6016,6016,6016,6016,6016,6016,6016,6016,6016,6016,6016,6016,6016,6016,6016,6016,6016,6016,6016,6016,6016,6016,6016,6016,6016,6016,6016,6016,6016,6016,6016,6016,6016,6016,6016,6016,6016,6016,6016,6016,6016,6016,6016,6016,6016,6016,6016,6016,6016,6016,6016,6016,6016,6016,6016,6016,6016,6016,6016,6016,6016,6016,6016,6016,6040,6040,6040,6040,6040,6040,6040,6040,6040,6040,6040,6040,6040,6040,6040,6040,6040,6040,6040,6040,6040,6040,6040,6040,6040,6040,6040,6040,6040,6040,6040,6040,6040,6040,6040,6040,6040,6040,6040,6040,6040,6040,6040,6040,6040,6040,6040
0,0,0,0,0,0,0,0,0,0,0,0,0,0,0,0,0,0,0,0,0,0,0,0,0,0,0,0,0,0,0,0,0,0,0,0,0,0,0,0,0,0,6024,6024,6024,6024,6024,6024,6024,6024,6024,6024,6024,6024,6024,6024,6024,6024,6024,6024,6024,6024,6024,6024,6024,6024,6024,6024,6024,6024,6024,6024,6024,6024,6024,6024,6024,6024,6024,6024,6024,6024,6024,6024,6024,6024,6024,6024,6024,6024,6024,6024,6024,6024,6024,6024,6024,6024,6024,6024,6024,6024,6024,6024,6024,6024,6024,6032,6032,6032,6032,6032,6032,6032,6032,6032,6032,6032,6032,6032,6032,6032,6032,6032,6032,6032,6032,6032,6032,6032,6032,6032,6032,6032,6032,6032,6032,6032,6032,6032,6032,6032,6032,6032,6032,6032,6032,6032,6032,6032,6032,6032,6032,6032,6032,6032,6032,6032,6032,6032,6032,6032,6032,6032,6032,6032,6032,6032,6032,6040,6040,6040,6040,6040,6040,6040,6040,6040,6040,6040,6040,6040,6040,6040,6040,6040,6040,6040,6040,6040,6040,6040,6040,6040,6040,6040,6040,6040,6040,6040,6040,6040,6040,6040,6040,6040,6040,6040,6040,6040,6040,6040,6040,6040,6040,6040,6040,6040,6040,6040,6040,6040,6040,6040,6040,6040,6040,6040,6040,6040,6040,6040,6040,6040,6040,6040,6040,6040,6040,6040,6040,6040,6040,6040,6040,6040,6040,6040,6040,6040,6040,6040,6040,6040,6040,6040,6040,6040,6040,6040,6040,6040,6040,6040,6040,6040,6040,6040,6040,6040,6040,6040,6040,6040,6040,6040,6040,6040,6040,6040,6040,6040,6040,6040,6040,6040,6040,6040,6040,6040,6040,6040,6040,6040,6040,6040,6040,6040,6040,5936,5936,5936,5936,5936,5936,5936,5936,5936,5936,5936,5936,5936,5936,5936,5936,5936,5936,5936,5936,5936,5936,5936,5936,5936,5936,5936,5936,5936,5936,5936,5936,5936,5936,5936,5936,5936,5936,5936,5936,5936,5936,5936,5936,5936,5936,5936,5936,5936,5936,5936,5936,5936,5936,5936,5936,5936,5936,5936,5936,5936,5936,5936,5928,5928,5928,5928,5928,5928,5928,5928,5928,5928,5928,5928,5928,5928,5928,5928,5928,5928,5928,5928,5928,5928,5928,5928,5928,5928,5928,5928,5928,5928,5928,5928,5928,5928,5928,5928,5928,5928,5928,5928,5928,5928,5928,5928,5928,5928,5928,5928,5928,5928,5928,5928,5928,5928,5928,5928,5928,5928,5928,5928,5928,5928,5928,5928,5928,5928,5928,5928,5928,5928,5928,5928,5928,5928,5928,5928,5928,5928,5928,5928,5928,5928,5928,5928,5928,5928,5928,5928,5928,5928,5928,5928,5928,5928,5928,5928,5928,5928,5928,5928,5928,5928,5928,5928,5928,5928,5928,5928,5928,5928,5928,5928,5928,5928,5928,5928,5928,5928,5928,5928,5928,5928,5928,5928,5928,5928,5928,5928,5928,5928,5928,5944,5944,5944,5944,5944,5944,5944,5944,5944,5944,5944,5944,5944,5944,5944,5944,5944,5944,5944,5944,5944,5944,5944,5944,5944,5944,5944,5944,5944,5944,5944,5944,5944,5944,5944,5944,5944,5944,5944,5944,5944,5944,5944,5944,5944,5944,5944,5944,5944,5944,5944,5944,5944,5944,5944,5944,5944,5944,5944,5944,5944,5944,5944,5944,5928,5928,5928,5928,5928,5928,5928,5928,5928,5928,5928,5928,5928,5928,5928,5928,5928,5928,5928,5928,5928,5928,5928,5928,5928,5928,5928,5928,5928,5928,5928,5928,5928,5928,5928,5928,5928,5928,5928,5928,5928,5928,5928,5928,5928,5928,5928,5928,5928,5928,5928,5928,5928,5928,5928,5928,5928,5928,5928,5928,5928,5928,5928,5928,5928,5928,5920,5920,5920,5920,5920,5920,5920,5920,5920,5920,5920,5920,5920,5920,5920,5920,5920
5960,5960,5960,5960,5960,5960,5960,5960,5960,5960,5960,5960,5960,5960,5960,5960,5960,5960,5960,5960,5960,5960,5960,5960,5960,5960,5960,5960,5960,5960,5960,5960,5960,5960,5960,5960,5960,5960,5960,5960,5960,5960,5960,5960,5960,5960,5960,5960,5960,5960,5960,5960,5960,5960,5960,5960,5960,5960,5960,5960,5960,5960,5960,5960,5960,5960,5960,5960,5960,5960,5960,5960,5960,5960,5960,5960,5960,5952,5952,5952,5952,5952,5952,5952,5952,5952,5952,5952,5952,5952,5952,5952,5952,5952,5952,5952,5952,5952,5952,5952,5952,5952,5952,5952,5952,5952,5952,5952,5952,5952,5952,5952,5952,5952,5952,5952,5952,5952,5952,5952,5952,5952,5952,5952,5952,5952,5952,5952,5952,5952,5952,5952,5952,5952,5952,5952,5952,5952,5952,5952,5976,5976,5976,5976,5976,5976,5976,5976,5976,5976,5976,5976,5976,5976,5976,5976,5976,5976,5976,5976,5976,5976,5976,5976,5976,5976,5976,5976,5976,5976,5976,5976,5976,5976,5976,5976,5976,5976,5976,5976,5976,5976,5976,5976,5976,5976,5976,5976,5976,5976,5976,5976,5976,5976,5976,5976,5976,5976,5976,5976,5976,5976,5976,5976,5976,5976,5976,5976,5976,5976,5976,5976,5976,5976,5976,5976,5976,5976,5976,5976,5976,5976,5976,5976,5976,5976,5976,5976,5976,5976,5976,5976,5976,5976,5976,5976,5976,5976,5976,5976,5976,5976,5976,5976,5976,5976,5976,5976,5976,5976,5976,5976,5976,5976,5976,5976,5976,5976,5976,5976,5976,5976,5976,5976,5976,5976,5976,5976,5976,5976,5976,5976,5976,5976,5976,5976,5976,5976,5976,5976,5976,5976,5976,5976,5976,5976,5976,5976,5976,5976,5976,5976,5976,5976,5976,5976,5976,5976,5976,5976,5976,5976,5976,5976,5976,5976,5976,5976,5976,5976,5976,5976,5976,5976,5976,5976,5976,5976,5976,5976,5976,5976,5976,5976,5976,5976,5976,5976,5976,5976,5960,5960,5960,5960,5960,5960,5960,5960,5960,5960,5960,5960,5960,5960,5960,5960,5960,5960,5960,5960,5960,5960,5960,5960,5960,5960,5960,5960,5960,5960,5960,5960,5960,5960,5960,5960,5960,5960,5960,5960,5960,5960,5960,5960,5960,5960,5960,5960,5960,5960,5960,5960,5960,5960,5960,5960,5960,5960,5960,5960,5960,5960,5960,5960,5960,5960,5960,5960,5976,5976,5976,5976,5976,5976,5976,5976,5976,5976,5976,5976,5976,5976,5976,5976,5976,5976,5976,5976,5976,5976,5976,5976,5976,5976,5976,5976,5976,5976,5976,5976,5976,5976,5976,5976,5976,5976,5976,5976,5976,5976,5976,5976,5976,5976,5976,5976,5976,5976,5976,5976,5976,5976,5976,5976,5976,5976,5976,5976,5976,5976,5976,5976,5976,5976,5976,5976,5976,5976,5976,5976,5976,5976,5976,5976,5976,5976,5976,5976,5976,5976,5976,5976,5976,5976,5976,5976,5976,5976,5976,5976,5976,5976,5976,5976,5976,5976,5976,5976,5976,5976,5976,5976,5976,5976,5976,5976,5976,5976,5976,5976,5976,5976,5976,5976,5976,5976,5976,5976,5976,5976,5976,5976,5976,5976,5976,5976,5976,5976,5968,5968,5968,5968,5968,5968,5968,5968,5968,5968,5968,5968,5968,5968,5968,5968,5968,5968,5968,5968,5968,5968,5968,5968,5968,5968,5968,5968,5968,5968,5968,5968,5968,5968,5968,5968,5968,5968,5968,5968,5968,5968,5968,5968,5968,5968,5968,5968,5968,5968,5968,5968,5968,5968,5968,5968,5968,5968,5968,5968,5968,5968,5968,5968,5968,5960,5960,5960,5960,5960,5960,5960,5960,5960,5960,5960,5960,5960,5960,5960,5960,5960,5960,5960,5960,5960,5960,5960,5960,5960,5960,5960,5960,5960,5960,5960,5960,5960,5960,5960,5960,5960,5960,5960,5960,5960,5960,5960,5960,5960,5960,5960
0,0,0,0,0,0,0,0,0,0,0,0,0,0,0,0,0,0,0,0,0,0,0,0,0,0,0,0,0,0,0,0,0,0,0,0,0,0,0,0,0,6056,6056,6056,6056,6056,6056,6056,6056,6056,6056,6056,6056,6056,6056,6056,6056,6056,6056,6056,6056,6056,6056,6056,6056,6056,6056,6056,6056,6056,6056,6056,6056,6056,6056,6056,6056,6056,6056,6056,6056,6056,6056,6056,6056,6056,6056,6056,6056,6056,6056,6056,6056,6056,6056,6056,6056,6056,6056,6056,6056,6056,6056,6056,6056,6056,6056,6056,6056,6032,6032,6032,6032,6032,6032,6032,6032,6032,6032,6032,6032,6032,6032,6032,6032,6032,6032,6032,6032,6032,6032,6032,6032,6032,6032,6032,6032,6032,6032,6032,6032,6032,6032,6032,6032,6032,6032,6032,6032,6032,6032,6032,6032,6032,6032,6032,6032,6032,6032,6032,6032,6032,6032,6032,6032,6032,6032,6032,6032,6032,6032,6040,6040,6040,6040,6040,6040,6040,6040,6040,6040,6040,6040,6040,6040,6040,6040,6040,6040,6040,6040,6040,6040,6040,6040,6040,6040,6040,6040,6040,6040,6040,6040,6040,6040,6040,6040,6040,6040,6040,6040,6040,6040,6040,6040,6040,6040,6040,6040,6040,6040,6040,6040,6040,6040,6040,6040,6040,6040,6040,6040,6040,6040,6040,6040,6040,6040,6040,6040,6040,6040,6040,6040,6040,6040,6040,6040,6040,6040,6040,6040,6040,6040,6040,6040,6040,6040,6040,6040,6040,6040,6040,6040,6040,6040,6040,6040,6040,6040,6040,6040,6040,6040,6040,6040,6040,6040,6040,6040,6040,6040,6040,6040,6040,6040,6040,6040,6040,6040,6040,6040,6040,6040,6040,6040,6040,6040,6040,6040,6040,6040,6040,6040,6040,6040,6040,6040,6040,6040,6040,6040,6040,6040,6040,6040,6040,6040,6040,6040,6040,6040,6040,6040,6040,6040,6040,6040,6040,6040,6040,6040,6040,6040,6040,6040,6040,6040,6040,6040,6040,6040,6040,6040,6040,6040,6040,6040,6040,6040,6040,6040,6040,6040,6040,6040,6040,6040,6040,6040,6040,6040,6040,6040,6040,6040,6040,6040,6032,6032,6032,6032,6032,6032,6032,6032,6032,6032,6032,6032,6032,6032,6032,6032,6032,6032,6032,6032,6032,6032,6032,6032,6032,6032,6032,6032,6032,6032,6032,6032,6032,6032,6032,6032,6032,6032,6032,6032,6032,6032,6032,6032,6032,6032,6032,6032,6032,6032,6032,6032,6032,6032,6032,6032,6032,6024,6024,6024,6024,6024,6024,6024,6024,6024,6024,6024,6024,6024,6024,6024,6024,6024,6024,6024,6024,6024,6024,6024,6024,6024,6024,6024,6024,6024,6024,6024,6024,6024,6024,6024,6024,6024,6024,6024,6024,6024,6024,6024,6024,6024,6024,6024,6024,6024,6024,6024,6024,6024,6024,6024,6024,6024,6024,6024,6024,6024,6024,6024,6024,6024,6024,6024,6024,6024,6024,6024,6024,6032,6032,6032,6032,6032,6032,6032,6032,6032,6032,6032,6032,6032,6032,6032,6032,6032,6032,6032,6032,6032,6032,6032,6032,6032,6032,6032,6032,6032,6032,6032,6032,6032,6032,6032,6032,6032,6032,6032,6032,6032,6032,6032,6032,6032,6032,6032,6032,6032,6032,6032,6032,6032,6032,6032,6032,6032,6032,6032,6032,6032,6032,6032,6032,6032,6016,6016,6016,6016,6016,6016,6016,6016,6016,6016,6016,6016,6016,6016,6016,6016,6016,6016,6016,6016,6016,6016,6016,6016,6016,6016,6016,6016,6016,6016,6016,6016,6016,6016,6016,6016,6016,6016,6016,6016,6016,6016,6016,6016,6016,6016,6016,6016,6016,6016,6016,6016,6016,6016,6016,6016,6016,6016,6016,6016,6016,6016,6016,6016,6016,6032,6032,6032,6032,6032,6032,6032,6032,6032,6032,6032,6032,6032,6032
0,0,0,0,0,0,0,6040,6040,6040,6040,6040,6040,6040,6040,6040,6040,6040,6040,6040,6040,6040,6040,6040,6040,6040,6040,6040,6040,6040,6040,6040,6040,6040,6040,6040,6040,6040,6040,6040,6040,6040,6040,6040,6040,6040,6040,6040,6040,6040,6040,6040,6040,6040,6040,6040,6040,6040,6040,6040,6040,6040,6040,6040,6040,6040,6040,6040,6040,6040,6040,6040,6040,6040,6040,6040,6040,6040,6040,6040,6040,6040,6040,6040,6040,6040,6040,6040,6040,6040,6040,6040,6040,6040,6040,6040,6040,6040,6040,6040,6040,6040,6040,6040,6040,6040,6040,6040,6040,6040,6040,6040,6040,6040,6040,6040,6040,6040,6040,6040,6040,6040,6040,6040,6040,6040,6040,6040,6040,6040,6040,6040,6040,6040,6040,6040,6040,6008,6008,6008,6008,6008,6008,6008,6008,6008,6008,6008,6008,6008,6008,6008,6008,6008,6008,6008,6008,6008,6008,6008,6008,6008,6008,6008,6008,6008,6008,6008,6008,6008,6008,6008,6008,6008,6008,6008,6008,6008,6008,6008,6008,6008,6008,6008,6008,6008,6008,6008,6008,6008,6008,6008,6008,6008,6008,6008,6008,6008,6008,6008,6008,5896,5896,5896,5896,5896,5896,5896,5896,5896,5896,5896,5896,5896,5896,5896,5896,5896,5896,5896,5896,5896,5896,5896,5896,5896,5896,5896,5896,5896,5896,5896,5896,5896,5896,5896,5896,5896,5896,5896,5896,5896,5896,5896,5896,5896,5896,5896,5896,5896,5896,5896,5896,5896,5896,5896,5896,5896,5896,5896,5896,5896,5896,5896,5904,5904,5904,5904,5904,5904,5904,5904,5904,5904,5904,5904,5904,5904,5904,5904,5904,5904,5904,5904,5904,5904,5904,5904,5904,5904,5904,5904,5904,5904,5904,5904,5904,5904,5904,5904,5904,5904,5904,5904,5904,5904,5904,5904,5904,5904,5904,5904,5904,5904,5904,5904,5904,5904,5904,5904,5904,5904,5904,5904,5904,5904,5904,5904,5904,5904,5912,5912,5912,5912,5912,5912,5912,5912,5912,5912,5912,5912,5912,5912,5912,5912,5912,5912,5912,5912,5912,5912,5912,5912,5912,5912,5912,5912,5912,5912,5912,5912,5912,5912,5912,5912,5912,5912,5912,5912,5912,5912,5912,5912,5912,5912,5912,5912,5912,5912,5912,5912,5912,5912,5912,5912,5912,5912,5912,5912,5912,5912,5912,5912,5904,5904,5904,5904,5904,5904,5904,5904,5904,5904,5904,5904,5904,5904,5904,5904,5904,5904,5904,5904,5904,5904,5904,5904,5904,5904,5904,5904,5904,5904,5904,5904,5904,5904,5904,5904,5904,5904,5904,5904,5904,5904,5904,5904,5904,5904,5904,5904,5904,5904,5904,5904,5904,5904,5904,5904,5904,5904,5904,5904,5904,5904,5904,5904,5896,5896,5896,5896,5896,5896,5896,5896,5896,5896,5896,5896,5896,5896,5896,5896,5896,5896,5896,5896,5896,5896,5896,5896,5896,5896,5896,5896,5896,5896,5896,5896,5896,5896,5896,5896,5896,5896,5896,5896,5896,5896,5896,5896,5896,5896,5896,5896,5896,5896,5896,5896,5896,5896,5896,5896,5896,5896,5896,5896,5896,5896,5896,5896,5896,5944,5944,5944,5944,5944,5944,5944,5944,5944,5944,5944,5944,5944,5944,5944,5944,5944,5944,5944,5944,5944,5944,5944,5944,5944,5944,5944,5944,5944,5944,5944,5944,5944,5944,5944,5944,5944,5944,5944,5944,5944,5944,5944,5944,5944,5944,5944,5944,5944,5944,5944,5944,5944,5944,5944,5944,5944,5944,5944,5944,5944,5944,5944,5944,5944,5960,5960,5960,5960,5960,5960,5960,5960,5960,5960,5960,5960,5960,5960,5960,5960,5960,5960,5960,5960,5960,5960,5960,5960,5960,5960,5960,5960,5960,5960,5960,5960,5960,5960,5960,5960,5960,5960,5960,5960,5960,5960,5960,5960,5960,5960,5960,5960,5960,5960,5960,5960
0,0,0,0,0,0,0,0,0,0,0,0,0,0,0,0,0,0,0,0,0,0,0,0,0,0,0,0,0,0,0,0,0,0,0,5928,5928,5928,5928,5928,5928,5928,5928,5928,5928,5928,5928,5928,5928,5928,5928,5928,5928,5928,5928,5928,5928,5928,5928,5928,5928,5928,5928,5928,5928,5928,5928,5928,5928,5928,5928,5928,5928,5928,5928,5928,5928,5928,5928,5928,5928,5928,5928,5928,5928,5928,5928,5928,5928,5928,5928,5928,5928,5928,5928,5928,5928,5928,5928,5928,5944,5944,5944,5944,5944,5944,5944,5944,5944,5944,5944,5944,5944,5944,5944,5944,5944,5944,5944,5944,5944,5944,5944,5944,5944,5944,5944,5944,5944,5944,5944,5944,5944,5944,5944,5944,5944,5944,5944,5944,5944,5944,5944,5944,5944,5944,5944,5944,5944,5944,5944,5944,5944,5944,5944,5944,5944,5944,5944,5944,5944,5944,5944,5936,5936,5936,5936,5936,5936,5936,5936,5936,5936,5936,5936,5936,5936,5936,5936,5936,5936,5936,5936,5936,5936,5936,5936,5936,5936,5936,5936,5936,5936,5936,5936,5936,5936,5936,5936,5936,5936,5936,5936,5936,5936,5936,5936,5936,5936,5936,5936,5936,5936,5936,5936,5936,5936,5936,5936,5936,5936,5936,5936,5936,5936,5936,5936,5936,5928,5928,5928,5928,5928,5928,5928,5928,5928,5928,5928,5928,5928,5928,5928,5928,5928,5928,5928,5928,5928,5928,5928,5928,5928,5928,5928,5928,5928,5928,5928,5928,5928,5928,5928,5928,5928,5928,5928,5928,5928,5928,5928,5928,5928,5928,5928,5928,5928,5928,5928,5928,5928,5928,5928,5928,5928,5928,5928,5928,5928,5928,5928,5928,5928,5944,5944,5944,5944,5944,5944,5944,5944,5944,5944,5944,5944,5944,5944,5944,5944,5944,5944,5944,5944,5944,5944,5944,5944,5944,5944,5944,5944,5944,5944,5944,5944,5944,5944,5944,5944,5944,5944,5944,5944,5944,5944,5944,5944,5944,5944,5944,5944,5944,5944,5944,5944,5944,5944,5944,5944,5944,5944,5944,5944,5944,5944,5944,5944,5928,5928,5928,5928,5928,5928,5928,5928,5928,5928,5928,5928,5928,5928,5928,5928,5928,5928,5928,5928,5928,5928,5928,5928,5928,5928,5928,5928,5928,5928,5928,5928,5928,5928,5928,5928,5928,5928,5928,5928,5928,5928,5928,5928,5928,5928,5928,5928,5928,5928,5928,5928,5928,5928,5928,5928,5928,5928,5928,5928,5928,5928,5928,5928,5936,5936,5936,5936,5936,5936,5936,5936,5936,5936,5936,5936,5936,5936,5936,5936,5936,5936,5936,5936,5936,5936,5936,5936,5936,5936,5936,5936,5936,5936,5936,5936,5936,5936,5936,5936,5936,5936,5936,5936,5936,5936,5936,5936,5936,5936,5936,5936,5936,5936,5936,5936,5936,5936,5936,5936,5936,5936,5936,5936,5936,5936,5936,5936,5976,5976,5976,5976,5976,5976,5976,5976,5976,5976,5976,5976,5976,5976,5976,5976,5976,5976,5976,5976,5976,5976,5976,5976,5976,5976,5976,5976,5976,5976,5976,5976,5976,5976,5976,5976,5976,5976,5976,5976,5976,5976,5976,5976,5976,5976,5976,5976,5976,5976,5976,5976,5976,5976,5976,5976,5976,5976,5976,5976,5976,5976,5976,5976,5976,5976,5976,5976,5976,5976,5976,5976,5976,5976,5976,5976,5976,5976,5976,5976,5976,5976,5976,5976,5976,5976,5976,5976,5976,5976,5976,5976,5976,5976,5976,5976,5976,5976,5976,5976,5976,5976,5976,5976,5976,5976,5976,5976,5976,5976,5976,5976,5976,5976,5976,5976,5976,5976,5976,5976,5976,5976,5976,5976,5976,5976,5976,5976,5976,5976,5968,5968,5968,5968,5968,5968,5968,5968,5968,5968,5968,5968,5968,5968,5968,5968,5968,5968,5968,5968,5968,5968,5968,5968,5968
5968,5968,5968,5968,5968,5968,5968,5968,5968,5968,5968,5968,5968,5968,5968,5968,5968,5968,5968,5968,5968,5968,5968,5968,5968,5968,5968,5968,5968,5968,5968,5968,5968,5968,5968,5968,5968,5968,5968,5968,5968,5968,5968,5968,5968,5968,5968,5968,5968,5968,5968,5968,5968,5968,5968,5968,5968,5968,5968,5968,5968,5968,5968,5968,5968,5960,5960,5960,5960,5960,5960,5960,5960,5960,5960,5960,5960,5960,5960,5960,5960,5960,5960,5960,5960,5960,5960,5960,5960,5960,5960,5960,5960,5960,5960,5960,5960,5960,5960,5960,5960,5960,5960,5960,5960,5960,5960,5960,5960,5960,5960,5960,5960,5960,5960,5960,5960,5960,5960,5960,5960,5960,5960,5960,5960,5960,5960,5960,5960,5952,5952,5952,5952,5952,5952,5952,5952,5952,5952,5952,5952,5952,5952,5952,5952,5952,5952,5952,5952,5952,5952,5952,5952,5952,5952,5952,5952,5952,5952,5952,5952,5952,5952,5952,5952,5952,5952,5952,5952,5952,5952,5952,5952,5952,5952,5952,5952,5952,5952,5952,5952,5952,5952,5952,5952,5952,5952,5952,5952,5952,5976,5976,5976,5976,5976,5976,5976,5976,5976,5976,5976,5976,5976,5976,5976,5976,5976,5976,5976,5976,5976,5976,5976,5976,5976,5976,5976,5976,5976,5976,5976,5976,5976,5976,5976,5976,5976,5976,5976,5976,5976,5976,5976,5976,5976,5976,5976,5976,5976,5976,5976,5976,5976,5976,5976,5976,5976,5976,5976,5976,5976,5976,5976,5976,5976,5976,5976,5976,5952,5952,5952,5952,5952,5952,5952,5952,5952,5952,5952,5952,5952,5952,5952,5952,5952,5952,5952,5952,5952,5952,5952,5952,5952,5952,5952,5952,5952,5952,5952,5952,5952,5952,5952,5952,5952,5952,5952,5952,5952,5952,5952,5952,5952,5952,5952,5952,5952,5952,5952,5952,5952,5952,5952,5952,5952,5952,5952,5952,5952,5952,5952,5952,5952,5960,5960,5960,5960,5960,5960,5960,5960,5960,5960,5960,5960,5960,5960,5960,5960,5960,5960,5960,5960,5960,5960,5960,5960,5960,5960,5960,5960,5960,5960,5960,5960,5960,5960,5960,5960,5960,5960,5960,5960,5960,5960,5960,5960,5960,5960,5960,5960,5960,5960,5960,5960,5960,5960,5960,5960,5960,5960,5960,5960,5960,5960,5960,5960,5960,5976,5976,5976,5976,5976,5976,5976,5976,5976,5976,5976,5976,5976,5976,5976,5976,5976,5976,5976,5976,5976,5976,5976,5976,5976,5976,5976,5976,5976,5976,5976,5976,5976,5976,5976,5976,5976,5976,5976,5976,5976,5976,5976,5976,5976,5976,5976,5976,5976,5976,5976,5976,5976,5976,5976,5976,5976,5976,5976,5976,5976,5976,5976,5976,5960,5960,5960,5960,5960,5960,5960,5960,5960,5960,5960,5960,5960,5960,5960,5960,5960,5960,5960,5960,5960,5960,5960,5960,5960,5960,5960,5960,5960,5960,5960,5960,5960,5960,5960,5960,5960,5960,5960,5960,5960,5960,5960,5960,5960,5960,5960,5960,5960,5960,5960,5960,5960,5960,5960,5960,5960,5960,5960,5960,5960,5960,5960,5960,5952,5952,5952,5952,5952,5952,5952,5952,5952,5952,5952,5952,5952,5952,5952,5952,5952,5952,5952,5952,5952,5952,5952,5952,5952,5952,5952,5952,5952,5952,5952,5952,5952,5952,5952,5952,5952,5952,5952,5952,5952,5952,5952,5952,5952,5952,5952,5952,5952,5952,5952,5952,5952,5952,5952,5952,5952,5952,5952,5952,5952,5952,5952,5952,5952,5952,5952,5952,5952,5952,5952,5952,5952,5952,5952,5952,5952,5952,5952,5952,5952,5952,5952,5952,5952,5952,5952,5952,5952,5952,5952,5952,5952,5952,5952,5952,5952,5952,5952,5952,5952,5952,5952,5952,5952,5952,5952,5952,5952,5952,5952,5952,5952,5952,5952,5952,5952,5952,5952,5952,5952,5952,5952,5952
0,0,0,0,0,0,0,0,0,0,0,0,0,0,0,0,0,0,0,0,0,0,0,0,0,0,0,0,0,0,0,0,0,0,0,0,6064,6064,6064,6064,6064,6064,6064,6064,6064,6064,6064,6064,6064,6064,6064,6064,6064,6064,6064,6064,6064,6064,6064,6064,6064,6064,6064,6064,6064,6064,6064,6064,6064,6064,6064,6064,6064,6064,6064,6064,6064,6064,6064,6064,6064,6064,6064,6064,6064,6064,6064,6064,6064,6064,6064,6064,6064,6064,6064,6064,6064,6064,6064,6056,6056,6056,6056,6056,6056,6056,6056,6056,6056,6056,6056,6056,6056,6056,6056,6056,6056,6056,6056,6056,6056,6056,6056,6056,6056,6056,6056,6056,6056,6056,6056,6056,6056,6056,6056,6056,6056,6056,6056,6056,6056,6056,6056,6056,6056,6056,6056,6056,6056,6056,6056,6056,6056,6056,6056,6056,6056,6056,6056,6056,6056,6056,6056,6056,6056,6048,6048,6048,6048,6048,6048,6048,6048,6048,6048,6048,6048,6048,6048,6048,6048,6048,6048,6048,6048,6048,6048,6048,6048,6048,6048,6048,6048,6048,6048,6048,6048,6048,6048,6048,6048,6048,6048,6048,6048,6048,6048,6048,6048,6048,6048,6048,6048,6048,6048,6048,6048,6048,6048,6048,6048,6048,6048,6048,6048,6048,6064,6064,6064,6064,6064,6064,6064,6064,6064,6064,6064,6064,6064,6064,6064,6064,6064,6064,6064,6064,6064,6064,6064,6064,6064,6064,6064,6064,6064,6064,6064,6064,6064,6064,6064,6064,6064,6064,6064,6064,6064,6064,6064,6064,6064,6064,6064,6064,6064,6064,6064,6064,6064,6064,6064,6064,6064,6064,6064,6064,6064,6064,6064,6064,6064,6064,6064,6064,6064,6064,6064,6064,6064,6064,6064,6064,6064,6064,6064,6064,6064,6064,6064,6064,6064,6064,6064,6064,6064,6064,6064,6064,6064,6064,6064,6064,6064,6064,6064,6064,6064,6064,6064,6064,6064,6064,6064,6064,6064,6064,6064,6064,6064,6064,6064,6064,6064,6064,6064,6064,6064,6064,6064,6064,6064,6064,6064,6064,6064,6064,6064,6064,6064,6064,6064,6064,6064,6064,6064,6064,6064,6064,6064,6064,6064,6064,6064,6064,6064,6064,6064,6064,6064,6064,6064,6064,6064,6064,6064,6064,6064,6064,6064,6064,6064,6064,6064,6064,6064,6064,6064,6064,6064,6064,6064,6064,6064,6064,6064,6064,6064,6064,6064,6064,6064,6064,6064,6064,6064,6064,6064,6064,6064,6064,6064,6064,6072,6072,6072,6072,6072,6072,6072,6072,6072,6072,6072,6072,6072,6072,6072,6072,6072,6072,6072,6072,6072,6072,6072,6072,6072,6072,6072,6072,6072,6072,6072,6072,6072,6072,6072,6072,6072,6072,6072,6072,6072,6072,6072,6072,6072,6072,6072,6072,6072,6072,6072,6072,6072,6072,6072,6072,6072,6072,6072,6072,6072,6072,6072,6064,6064,6064,6064,6064,6064,6064,6064,6064,6064,6064,6064,6064,6064,6064,6064,6064,6064,6064,6064,6064,6064,6064,6064,6064,6064,6064,6064,6064,6064,6064,6064,6064,6064,6064,6064,6064,6064,6064,6064,6064,6064,6064,6064,6064,6064,6064,6064,6064,6064,6064,6064,6064,6064,6064,6064,6064,6064,6064,6064,6064,6064,6064,6064,6064,6064,6016,6016,6016,6016,6016,6016,6016,6016,6016,6016,6016,6016,6016,6016,6016,6016,6016,6016,6016,6016,6016,6016,6016,6016,6016,6016,6016,6016,6016,6016,6016,6016,6016,6016,6016,6016,6016,6016,6016,6016,6016,6016,6016,6016,6016,6016,6016,6016,6016,6016,6016,6016,6016,6016,6016,6016,6016,6016,6016,6016,6016,6016,6016,6032,6032,6032,6032,6032,6032,6032,6032,6032,6032,6032,6032,6032,6032,6032,6032,6032,6032,6032,6032,6032,6032,6032,6032,6032,6032
6024,6024,6024,6024,6024,6024,6024,6024,6024,6024,6024,6024,6024,6024,6024,6024,6024,6024,6024,6024,6024,6024,6024,6024,6024,6024,6024,6024,6024,6024,6024,6024,6024,6024,6024,6024,6024,6024,6024,6024,6024,6024,6024,6024,6024,6024,6024,6024,6024,6024,6024,6024,6024,6024,6024,6024,6024,6024,6024,6024,6024,6024,6024,6024,6024,6024,6024,6024,6024,5920,5920,5920,5920,5920,5920,5920,5920,5920,5920,5920,5920,5920,5920,5920,5920,5920,5920,5920,5920,5920,5920,5920,5920,5920,5920,5920,5920,5920,5920,5920,5920,5920,5920,5920,5920,5920,5920,5920,5920,5920,5920,5920,5920,5920,5920,5920,5920,5920,5920,5920,5920,5920,5920,5920,5920,5920,5920,5920,5920,5920,5920,5920,5920,5920,5944,5944,5944,5944,5944,5944,5944,5944,5944,5944,5944,5944,5944,5944,5944,5944,5944,5944,5944,5944,5944,5944,5944,5944,5944,5944,5944,5944,5944,5944,5944,5944,5944,5944,5944,5944,5944,5944,5944,5944,5944,5944,5944,5944,5944,5944,5944,5944,5944,5944,5944,5944,5944,5944,5944,5944,5944,5944,5944,5944,5944,5944,5944,5944,5920,5920,5920,5920,5920,5920,5920,5920,5920,5920,5920,5920,5920,5920,5920,5920,5920,5920,5920,5920,5920,5920,5920,5920,5920,5920,5920,5920,5920,5920,5920,5920,5920,5920,5920,5920,5920,5920,5920,5920,5920,5920,5920,5920,5920,5920,5920,5920,5920,5920,5920,5920,5920,5920,5920,5920,5920,5920,5920,5920,5920,5920,5920,5920,5920,5920,5944,5944,5944,5944,5944,5944,5944,5944,5944,5944,5944,5944,5944,5944,5944,5944,5944,5944,5944,5944,5944,5944,5944,5944,5944,5944,5944,5944,5944,5944,5944,5944,5944,5944,5944,5944,5944,5944,5944,5944,5944,5944,5944,5944,5944,5944,5944,5944,5944,5944,5944,5944,5944,5944,5944,5944,5944,5944,5944,5944,5944,5944,5944,5936,5936,5936,5936,5936,5936,5936,5936,5936,5936,5936,5936,5936,5936,5936,5936,5936,5936,5936,5936,5936,5936,5936,5936,5936,5936,5936,5936,5936,5936,5936,5936,5936,5936,5936,5936,5936,5936,5936,5936,5936,5936,5936,5936,5936,5936,5936,5936,5936,5936,5936,5936,5936,5936,5936,5936,5936,5936,5936,5936,5936,5936,5936,5936,5936,5936,5936,5936,5936,5936,5936,5936,5936,5936,5936,5936,5936,5936,5936,5936,5936,5936,5936,5936,5936,5936,5936,5936,5936,5936,5936,5936,5936,5936,5936,5936,5936,5936,5936,5936,5936,5936,5936,5936,5936,5936,5936,5936,5936,5936,5936,5936,5936,5936,5936,5936,5936,5936,5936,5936,5936,5936,5936,5936,5936,5936,5936,5936,5936,5928,5928,5928,5928,5928,5928,5928,5928,5928,5928,5928,5928,5928,5928,5928,5928,5928,5928,5928,5928,5928,5928,5928,5928,5928,5928,5928,5928,5928,5928,5928,5928,5928,5928,5928,5928,5928,5928,5928,5928,5928,5928,5928,5928,5928,5928,5928,5928,5928,5928,5928,5928,5928,5928,5928,5928,5928,5928,5928,5928,5928,5928,5928,5928,5928,5928,5944,5944,5944,5944,5944,5944,5944,5944,5944,5944,5944,5944,5944,5944,5944,5944,5944,5944,5944,5944,5944,5944,5944,5944,5944,5944,5944,5944,5944,5944,5944,5944,5944,5944,5944,5944,5944,5944,5944,5944,5944,5944,5944,5944,5944,5944,5944,5944,5944,5944,5944,5944,5944,5944,5944,5944,5944,5944,5944,5944,5944,5944,5944,5944,5944,5944,5944,5944,5944,5944,5944,5944,5944,5944,5944,5944,5944,5944,5944,5944,5944,5944,5944,5944,5944,5944,5944,5944,5944,5944,5944,5944,5944,5944,5944,5944,5944,5944,5944,5944,5944,5944,5944,5944,5944,5944,5944,5944,5944,5944,5944,5944,5944,5944,5944,5944,5944,5944
0,0,0,0,0,0,0,0,0,0,0,0,0,0,0,0,0,0,0,0,0,0,0,0,0,0,0,0,0,0,0,0,0,0,0,0,0,0,0,0,0,0,0,0,0,5936,5936,5936,5936,5936,5936,5936,5936,5936,5936,5936,5936,5936,5936,5936,5936,5936,5936,5936,5936,5936,5936,5936,5936,5936,5936,5936,5936,5936,5936,5936,5936,5936,5936,5936,5936,5936,5936,5936,5936,5936,5936,5936,5936,5936,5936,5936,5936,5936,5936,5936,5936,5936,5936,5936,5936,5936,5936,5936,5936,5936,5936,5936,5944,5944,5944,5944,5944,5944,5944,5944,5944,5944,5944,5944,5944,5944,5944,5944,5944,5944,5944,5944,5944,5944,5944,5944,5944,5944,5944,5944,5944,5944,5944,5944,5944,5944,5944,5944,5944,5944,5944,5944,5944,5944,5944,5944,5944,5944,5944,5944,5944,5944,5944,5944,5944,5944,5944,5944,5944,5944,5944,5944,5944,5944,5944,5944,5928,5928,5928,5928,5928,5928,5928,5928,5928,5928,5928,5928,5928,5928,5928,5928,5928,5928,5928,5928,5928,5928,5928,5928,5928,5928,5928,5928,5928,5928,5928,5928,5928,5928,5928,5928,5928,5928,5928,5928,5928,5928,5928,5928,5928,5928,5928,5928,5928,5928,5928,5928,5928,5928,5928,5928,5928,5928,5928,5928,5928,5928,5928,5928,5928,5928,5944,5944,5944,5944,5944,5944,5944,5944,5944,5944,5944,5944,5944,5944,5944,5944,5944,5944,5944,5944,5944,5944,5944,5944,5944,5944,5944,5944,5944,5944,5944,5944,5944,5944,5944,5944,5944,5944,5944,5944,5944,5944,5944,5944,5944,5944,5944,5944,5944,5944,5944,5944,5944,5944,5944,5944,5944,5944,5944,5944,5944,5944,5944,5944,5936,5936,5936,5936,5936,5936,5936,5936,5936,5936,5936,5936,5936,5936,5936,5936,5936,5936,5936,5936,5936,5936,5936,5936,5936,5936,5936,5936,5936,5936,5936,5936,5936,5936,5936,5936,5936,5936,5936,5936,5936,5936,5936,5936,5936,5936,5936,5936,5936,5936,5936,5936,5936,5936,5936,5936,5936,5936,5936,5936,5936,5936,5936,5936,5936,5936,5936,5936,5936,5936,5936,5936,5936,5936,5936,5936,5936,5936,5936,5936,5936,5936,5936,5936,5936,5936,5936,5936,5936,5936,5936,5936,5936,5936,5936,5936,5936,5936,5936,5936,5936,5936,5936,5936,5936,5936,5936,5936,5936,5936,5936,5936,5936,5936,5936,5936,5936,5936,5936,5936,5936,5936,5936,5936,5936,5936,5936,5936,5936,5928,5928,5928,5928,5928,5928,5928,5928,5928,5928,5928,5928,5928,5928,5928,5928,5928,5928,5928,5928,5928,5928,5928,5928,5928,5928,5928,5928,5928,5928,5928,5928,5928,5928,5928,5928,5928,5928,5928,5928,5928,5928,5928,5928,5928,5928,5928,5928,5928,5928,5928,5928,5928,5928,5928,5928,5928,5928,5928,5928,5928,5928,5928,5928,5928,5928,5928,5928,5928,5928,5928,5928,5928,5928,5928,5928,5928,5928,5928,5928,5928,5928,5928,5928,5928,5928,5928,5928,5928,5928,5928,5928,5928,5928,5928,5928,5928,5928,5928,5928,5928,5928,5928,5928,5928,5928,5928,5928,5928,5928,5928,5928,5928,5928,5928,5928,5928,5928,5928,5928,5928,5928,5928,5928,5928,5928,5928,5928,5928,5936,5936,5936,5936,5936,5936,5936,5936,5936,5936,5936,5936,5936,5936,5936,5936,5936,5936,5936,5936,5936,5936,5936,5936,5936,5936,5936,5936,5936,5936,5936,5936,5936,5936,5936,5936,5936,5936,5936,5936,5936,5936,5936,5936,5936,5936,5936,5936,5936,5936,5936,5936,5936,5936,5936,5936,5936,5936,5936,5936,5936,5936,5936,5936,5936,5944,5944,5944,5944,5944,5944,5944,5944,5944,5944,5944,5944,5944,5944,5944
0,0,0,0,0,0,0,0,0,0,0,0,0,0,0,0,0,0,0,0,0,0,5936,5936,5936,5936,5936,5936,5936,5936,5936,5936,5936,5936,5936,5936,5936,5936,5936,5936,5936,5936,5936,5936,5936,5936,5936,5936,5936,5936,5936,5936,5936,5936,5936,5936,5936,5936,5936,5936,5936,5936,5936,5936,5936,5936,5936,5936,5936,5936,5936,5936,5936,5936,5936,5936,5936,5936,5936,5936,5936,5936,5936,5936,5936,5936,5944,5944,5944,5944,5944,5944,5944,5944,5944,5944,5944,5944,5944,5944,5944,5944,5944,5944,5944,5944,5944,5944,5944,5944,5944,5944,5944,5944,5944,5944,5944,5944,5944,5944,5944,5944,5944,5944,5944,5944,5944,5944,5944,5944,5944,5944,5944,5944,5944,5944,5944,5944,5944,5944,5944,5944,5944,5944,5944,5944,5944,5944,5944,5944,5944,5928,5928,5928,5928,5928,5928,5928,5928,5928,5928,5928,5928,5928,5928,5928,5928,5928,5928,5928,5928,5928,5928,5928,5928,5928,5928,5928,5928,5928,5928,5928,5928,5928,5928,5928,5928,5928,5928,5928,5928,5928,5928,5928,5928,5928,5928,5928,5928,5928,5928,5928,5928,5928,5928,5928,5928,5928,5928,5928,5928,5928,5928,5928,5928,5928,5928,5928,5928,5928,5928,5928,5928,5928,5928,5928,5928,5928,5928,5928,5928,5928,5928,5928,5928,5928,5928,5928,5928,5928,5928,5928,5928,5928,5928,5928,5928,5928,5928,5928,5928,5928,5928,5928,5928,5928,5928,5928,5928,5928,5928,5928,5928,5928,5928,5944,5944,5944,5944,5944,5944,5944,5944,5944,5944,5944,5944,5944,5944,5944,5944,5944,5944,5944,5944,5944,5944,5944,5944,5944,5944,5944,5944,5944,5944,5944,5944,5944,5944,5944,5944,5944,5944,5944,5944,5944,5944,5944,5944,5944,5944,5944,5944,5944,5944,5944,5944,5944,5944,5944,5944,5944,5944,5944,5944,5944,5944,5944,5944,5944,5944,5944,5944,5944,5944,5944,5944,5944,5944,5944,5944,5944,5920,5920,5920,5920,5920,5920,5920,5920,5920,5920,5920,5920,5920,5920,5920,5920,5920,5920,5920,5920,5920,5920,5920,5920,5920,5920,5920,5920,5920,5920,5920,5920,5920,5920,5920,5920,5920,5920,5920,5920,5920,5920,5920,5920,5920,5920,5920,5920,5920,5920,5920,5920,5920,5920,5920,5920,5920,5920,5920,5920,5920,5920,5920,5920,5920,5920,5920,5920,5920,5920,5920,5920,5920,5920,5920,5920,5920,5920,5920,5920,5920,5920,5920,5920,5920,5920,5920,5920,5920,5920,5920,5920,5920,5920,5920,5920,5920,5920,5920,5920,5920,5920,5920,5920,5920,5920,5920,5920,5920,5920,5920,5920,5920,5920,5920,5920,5920,5920,5920,5920,5920,5920,5920,5920,5920,5920,5920,5920,5920,5920,5920,5920,5928,5928,5928,5928,5928,5928,5928,5928,5928,5928,5928,5928,5928,5928,5928,5928,5928,5928,5928,5928,5928,5928,5928,5928,5928,5928,5928,5928,5928,5928,5928,5928,5928,5928,5928,5928,5928,5928,5928,5928,5928,5928,5928,5928,5928,5928,5928,5928,5928,5928,5928,5928,5928,5928,5928,5928,5928,5928,5928,5928,5928,5928,5928,5928,5920,5920,5920,5920,5920,5920,5920,5920,5920,5920,5920,5920,5920,5920,5920,5920,5920,5920,5920,5920,5920,5920,5920,5920,5920,5920,5920,5920,5920,5920,5920,5920,5920,5920,5920,5920,5920,5920,5920,5920,5920,5920,5920,5920,5920,5920,5920,5920,5920,5920,5920,5920,5920,5920,5920,5920,5920,5920,5920,5920,5920,5920,5920,5920,5920,5936,5936,5936,5936,5936,5936,5936,5936,5936,5936,5936,5936,5936,5936,5936,5936,5936,5936,5936,5936,5936,5936,5936,5936,5936,5936,5936,5936,5936,5936,5936,5936,5936,5936,5936,5936,5936
