0,0,0,0,0,0,0,0,0,0,0,0,0,0,0,0,0,0,0,0,0,0,0,0,0,0,0,0,0,0,0,0,0,0,0,0,0,0,0,0,0,0,0,0,0,0,0,0,5888,5888,5888,5888,5888,5888,5888,5888,5888,5888,5888,5888,5888,5888,5888,5888,5888,5888,5888,5888,5888,5888,5888,5888,5888,5888,5888,5888,5888,5888,5888,5888,5888,5888,5888,5888,5888,5888,5888,5888,5888,5888,5888,5888,5888,5888,5888,5888,5888,5888,5888,5888,5888,5888,5888,5888,5888,5888,5888,5888,5888,5888,5888,5888,5912,5912,5912,5912,5912,5912,5912,5912,5912,5912,5912,5912,5912,5912,5912,5912,5912,5912,5912,5912,5912,5912,5912,5912,5912,5912,5912,5912,5912,5912,5912,5912,5912,5912,5912,5912,5912,5912,5912,5912,5912,5912,5912,5912,5912,5912,5912,5912,5912,5912,5912,5912,5912,5912,5912,5912,5912,5912,5912,5912,5912,5912,5912,5912,5912,5912,5944,5944,5944,5944,5944,5944,5944,5944,5944,5944,5944,5944,5944,5944,5944,5944,5944,5944,5944,5944,5944,5944,5944,5944,5944,5944,5944,5944,5944,5944,5944,5944,5944,5944,5944,5944,5944,5944,5944,5944,5944,5944,5944,5944,5944,5944,5944,5944,5944,5944,5944,5944,5944,5944,5944,5944,5944,5944,5944,5944,5944,5944,5944,5984,5984,5984,5984,5984,5984,5984,5984,5984,5984,5984,5984,5984,5984,5984,5984,5984,5984,5984,5984,5984,5984,5984,5984,5984,5984,5984,5984,5984,5984,5984,5984,5984,5984,5984,5984,5984,5984,5984,5984,5984,5984,5984,5984,5984,5984,5984,5984,5984,5984,5984,5984,5984,5984,5984,5984,5984,5984,5984,5984,5984,5984,5984,5984,6008,6008,6008,6008,6008,6008,6008,6008,6008,6008,6008,6008,6008,6008,6008,6008,6008,6008,6008,6008,6008,6008,6008,6008,6008,6008,6008,6008,6008,6008,6008,6008,6008,6008,6008,6008,6008,6008,6008,6008,6008,6008,6008,6008,6008,6008,6008,6008,6008,6008,6008,6008,6008,6008,6008,6008,6008,6008,6008,6008,6008,6008,6008,6000,6000,6000,6000,6000,6000,6000,6000,6000,6000,6000,6000,6000,6000,6000,6000,6000,6000,6000,6000,6000,6000,6000,6000,6000,6000,6000,6000,6000,6000,6000,6000,6000,6000,6000,6000,6000,6000,6000,6000,6000,6000,6000,6000,6000,6000,6000,6000,6000,6000,6000,6000,6000,6000,6000,6000,6000,6000,6000,6000,6000,6000,6000,6000,6000,6000,6000,6000,5992,5992,5992,5992,5992,5992,5992,5992,5992,5992,5992,5992,5992,5992,5992,5992,5992,5992,5992,5992,5992,5992,5992,5992,5992,5992,5992,5992,5992,5992,5992,5992,5992,5992,5992,5992,5992,5992,5992,5992,5992,5992,5992,5992,5992,5992,5992,5992,5992,5992,5992,5992,5992,5992,5992,5992,5992,5992,5992,5992,5992,5984,5984,5984,5984,5984,5984,5984,5984,5984,5984,5984,5984,5984,5984,5984,5984,5984,5984,5984,5984,5984,5984,5984,5984,5984,5984,5984,5984,5984,5984,5984,5984,5984,5984,5984,5984,5984,5984,5984,5984,5984,5984,5984,5984,5984,5984,5984,5984,5984,5984,5984,5984,5984,5984,5984,5984,5984,5984,5984,5984,5984,5984,5984,5984,5984,5984,6008,6008,6008,6008,6008,6008,6008,6008,6008,6008,6008,6008,6008,6008,6008,6008,6008,6008,6008,6008,6008,6008,6008,6008,6008,6008,6008,6008,6008,6008,6008,6008,6008,6008,6008,6008,6008,6008,6008,6008,6008,6008,6008,6008,6008,6008,6008,6008,6008,6008,6008,6008,6008,6008,6008,6008,6008,6008,6008,6008,6008,6008,6008,6008,6008,6008,6008,6008,6008,6008,6008,6008,6008,6008,6008,6008,6008
0,0,0,0,0,0,0,0,0,0,0,0,0,0,0,0,0,6008,6008,6008,6008,6008,6008,6008,6008,6008,6008,6008,6008,6008,6008,6008,6008,6008,6008,6008,6008,6008,6008,6008,6008,6008,6008,6008,6008,6008,6008,6008,6008,6008,6008,6008,6008,6008,6008,6008,6008,6008,6008,6008,6008,6008,6008,6008,6008,6008,6008,6008,6008,6008,6008,6008,6008,6008,6008,6008,6008,6008,6008,6008,6016,6016,6016,6016,6016,6016,6016,6016,6016,6016,6016,6016,6016,6016,6016,6016,6016,6016,6016,6016,6016,6016,6016,6016,6016,6016,6016,6016,6016,6016,6016,6016,6016,6016,6016,6016,6016,6016,6016,6016,6016,6016,6016,6016,6016,6016,6016,6016,6016,6016,6016,6016,6016,6016,6016,6016,6016,6016,6016,6016,6016,6016,6016,6016,6016,6016,6032,6032,6032,6032,6032,6032,6032,6032,6032,6032,6032,6032,6032,6032,6032,6032,6032,6032,6032,6032,6032,6032,6032,6032,6032,6032,6032,6032,6032,6032,6032,6032,6032,6032,6032,6032,6032,6032,6032,6032,6032,6032,6032,6032,6032,6032,6032,6032,6032,6032,6032,6032,6032,6032,6032,6032,6032,6032,6032,6032,6032,6032,6032,6024,6024,6024,6024,6024,6024,6024,6024,6024,6024,6024,6024,6024,6024,6024,6024,6024,6024,6024,6024,6024,6024,6024,6024,6024,6024,6024,6024,6024,6024,6024,6024,6024,6024,6024,6024,6024,6024,6024,6024,6024,6024,6024,6024,6024,6024,6024,6024,6024,6024,6024,6024,6024,6024,6024,6024,6024,6024,6024,6024,6024,6024,6024,6024,6024,6024,6032,6032,6032,6032,6032,6032,6032,6032,6032,6032,6032,6032,6032,6032,6032,6032,6032,6032,6032,6032,6032,6032,6032,6032,6032,6032,6032,6032,6032,6032,6032,6032,6032,6032,6032,6032,6032,6032,6032,6032,6032,6032,6032,6032,6032,6032,6032,6032,6032,6032,6032,6032,6032,6032,6032,6032,6032,6032,6032,6032,6032,6032,6040,6040,6040,6040,6040,6040,6040,6040,6040,6040,6040,6040,6040,6040,6040,6040,6040,6040,6040,6040,6040,6040,6040,6040,6040,6040,6040,6040,6040,6040,6040,6040,6040,6040,6040,6040,6040,6040,6040,6040,6040,6040,6040,6040,6040,6040,6040,6040,6040,6040,6040,6040,6040,6040,6040,6040,6040,6040,6040,6040,6040,6040,6040,6040,6040,6040,6040,6040,6040,6040,6040,6040,6040,6040,6040,6040,6040,6040,6040,6040,6040,6040,6040,6040,6040,6040,6040,6040,6040,6040,6040,6040,6040,6040,6040,6040,6040,6040,6040,6040,6040,6040,6040,6040,6040,6040,6040,6040,6040,6040,6040,6040,6040,6040,6040,6040,6040,6040,6040,6040,6040,6040,6040,6040,6040,6040,6040,6040,6040,6040,6040,6032,6032,6032,6032,6032,6032,6032,6032,6032,6032,6032,6032,6032,6032,6032,6032,6032,6032,6032,6032,6032,6032,6032,6032,6032,6032,6032,6032,6032,6032,6032,6032,6032,6032,6032,6032,6032,6032,6032,6032,6032,6032,6032,6032,6032,6032,6032,6032,6032,6032,6032,6032,6032,6032,6032,6032,6032,6032,6032,6032,6032,6032,6032,6032,6032,6032,6024,6024,6024,6024,6024,6024,6024,6024,6024,6024,6024,6024,6024,6024,6024,6024,6024,6024,6024,6024,6024,6024,6024,6024,6024,6024,6024,6024,6024,6024,6024,6024,6024,6024,6024,6024,6024,6024,6024,6024,6024,6024,6024,6024,6024,6024,6024,6024,6024,6024,6024,6024,6024,6024,6024,6024,6024,6024,6024,6024,6024,6024,6024,6032,6032,6032,6032,6032,6032,6032,6032,6032,6032,6032,6032,6032,6032,6032,6032,6032,6032,6032,6032,6032,6032,6032,6032,6032,6032,6032,6032,6032,6032,6032,6032,6032,6032,6032,6032,6032,6032,6032,6032,6032,6032,6032
0,0,0,0,0,0,0,0,0,0,0,0,0,0,0,0,0,0,0,0,0,0,0,0,0,0,0,0,0,0,0,0,0,0,0,0,0,0,0,0,0,0,0,0,0,0,0,0,0,6032,6032,6032,6032,6032,6032,6032,6032,6032,6032,6032,6032,6032,6032,6032,6032,6032,6032,6032,6032,6032,6032,6032,6032,6032,6032,6032,6032,6032,6032,6032,6032,6032,6032,6032,6032,6032,6032,6032,6032,6032,6032,6032,6032,6032,6032,6032,6032,6032,6032,6032,6032,6032,6032,6032,6032,6032,6032,6032,6032,6032,6032,6032,6032,6032,6032,6024,6024,6024,6024,6024,6024,6024,6024,6024,6024,6024,6024,6024,6024,6024,6024,6024,6024,6024,6024,6024,6024,6024,6024,6024,6024,6024,6024,6024,6024,6024,6024,6024,6024,6024,6024,6024,6024,6024,6024,6024,6024,6024,6024,6024,6024,6024,6024,6024,6024,6024,6024,6024,6024,6024,6024,6024,6024,6024,6024,6024,6024,6024,6032,6032,6032,6032,6032,6032,6032,6032,6032,6032,6032,6032,6032,6032,6032,6032,6032,6032,6032,6032,6032,6032,6032,6032,6032,6032,6032,6032,6032,6032,6032,6032,6032,6032,6032,6032,6032,6032,6032,6032,6032,6032,6032,6032,6032,6032,6032,6032,6032,6032,6032,6032,6032,6032,6032,6032,6032,6032,6032,6032,6032,6032,6032,6032,6032,6032,6040,6040,6040,6040,6040,6040,6040,6040,6040,6040,6040,6040,6040,6040,6040,6040,6040,6040,6040,6040,6040,6040,6040,6040,6040,6040,6040,6040,6040,6040,6040,6040,6040,6040,6040,6040,6040,6040,6040,6040,6040,6040,6040,6040,6040,6040,6040,6040,6040,6040,6040,6040,6040,6040,6040,6040,6040,6040,6040,6040,6040,6040,6040,6040,6032,6032,6032,6032,6032,6032,6032,6032,6032,6032,6032,6032,6032,6032,6032,6032,6032,6032,6032,6032,6032,6032,6032,6032,6032,6032,6032,6032,6032,6032,6032,6032,6032,6032,6032,6032,6032,6032,6032,6032,6032,6032,6032,6032,6032,6032,6032,6032,6032,6032,6032,6032,6032,6032,6032,6032,6032,6032,6032,6032,6032,6032,6032,6032,6032,6032,6032,6032,6032,6032,6032,6032,6032,6032,6032,6032,6032,6032,6032,6032,6032,6032,6032,6032,6032,6032,6032,6032,6032,6032,6032,6032,6032,6032,6032,6032,6032,6032,6032,6032,6032,6032,6032,6032,6032,6032,6032,6032,6032,6032,6032,6032,6032,6032,6032,6032,6032,6032,6032,6032,6032,6032,6032,6032,6032,6032,6032,6032,6016,6016,6016,6016,6016,6016,6016,6016,6016,6016,6016,6016,6016,6016,6016,6016,6016,6016,6016,6016,6016,6016,6016,6016,6016,6016,6016,6016,6016,6016,6016,6016,6016,6016,6016,6016,6016,6016,6016,6016,6016,6016,6016,6016,6016,6016,6016,6016,6016,6016,6016,6016,6016,6016,6016,6016,6016,6016,6016,6016,6016,6016,6016,6016,6016,6032,6032,6032,6032,6032,6032,6032,6032,6032,6032,6032,6032,6032,6032,6032,6032,6032,6032,6032,6032,6032,6032,6032,6032,6032,6032,6032,6032,6032,6032,6032,6032,6032,6032,6032,6032,6032,6032,6032,6032,6032,6032,6032,6032,6032,6032,6032,6032,6032,6032,6032,6032,6032,6032,6032,6032,6032,6032,6032,6032,6032,6032,6032,6032,6032,6016,6016,6016,6016,6016,6016,6016,6016,6016,6016,6016,6016,6016,6016,6016,6016,6016,6016,6016,6016,6016,6016,6016,6016,6016,6016,6016,6016,6016,6016,6016,6016,6016,6016,6016,6016,6016,6016,6016,6016,6016,6016,6016,6016,6016,6016,6016,6016,6016,6016,6016,6016,6016,6016,6016,6016,6016,6016,6016,6016,6016,6016,6016,6016,6016,6024,6024,6024,6024,6024,6024,6024,6024,6024
0,0,0,0,0,0,0,0,0,0,0,0,0,0,0,0,0,0,6024,6024,6024,6024,6024,6024,6024,6024,6024,6024,6024,6024,6024,6024,6024,6024,6024,6024,6024,6024,6024,6024,6024,6024,6024,6024,6024,6024,6024,6024,6024,6024,6024,6024,6024,6024,6024,6024,6024,6024,6024,6024,6024,6024,6024,6024,6024,6024,6024,6024,6024,6024,6024,6024,6024,6024,6024,6024,6024,6024,6024,6024,6024,6024,6024,6024,6024,6024,6024,6024,6024,6024,6024,6024,6024,6024,6024,6024,6024,6024,6024,6024,6024,6024,6024,6024,6024,6024,6024,6024,6024,6024,6024,6024,6024,6024,6024,6024,6024,6024,6024,6024,6024,6024,6024,6024,6024,6024,6024,6024,6024,6024,6024,6024,6024,6024,6024,6024,6024,6024,6024,6024,6024,6024,6024,6024,6024,6024,6024,6056,6056,6056,6056,6056,6056,6056,6056,6056,6056,6056,6056,6056,6056,6056,6056,6056,6056,6056,6056,6056,6056,6056,6056,6056,6056,6056,6056,6056,6056,6056,6056,6056,6056,6056,6056,6056,6056,6056,6056,6056,6056,6056,6056,6056,6056,6056,6056,6056,6056,6056,6056,6056,6056,6056,6056,6056,6056,6056,6056,6056,6056,6056,6056,6056,6056,6056,6056,6056,6056,6056,6056,6056,6056,6056,6056,6056,6056,6056,6056,6056,6056,6056,6056,6056,6056,6056,6056,6056,6056,6056,6056,6056,6056,6056,6056,6056,6056,6056,6056,6056,6056,6056,6056,6056,6056,6056,6056,6056,6056,6056,6056,6056,6056,6056,6056,6056,6056,6056,6056,6056,6056,6056,6056,6056,6056,6056,6056,6048,6048,6048,6048,6048,6048,6048,6048,6048,6048,6048,6048,6048,6048,6048,6048,6048,6048,6048,6048,6048,6048,6048,6048,6048,6048,6048,6048,6048,6048,6048,6048,6048,6048,6048,6048,6048,6048,6048,6048,6048,6048,6048,6048,6048,6048,6048,6048,6048,6048,6048,6048,6048,6048,6048,6048,6048,6048,6048,6048,6048,6048,6048,6048,6048,6064,6064,6064,6064,6064,6064,6064,6064,6064,6064,6064,6064,6064,6064,6064,6064,6064,6064,6064,6064,6064,6064,6064,6064,6064,6064,6064,6064,6064,6064,6064,6064,6064,6064,6064,6064,6064,6064,6064,6064,6064,6064,6064,6064,6064,6064,6064,6064,6064,6064,6064,6064,6064,6064,6064,6064,6064,6064,6064,6064,6064,6064,6064,6064,6064,6048,6048,6048,6048,6048,6048,6048,6048,6048,6048,6048,6048,6048,6048,6048,6048,6048,6048,6048,6048,6048,6048,6048,6048,6048,6048,6048,6048,6048,6048,6048,6048,6048,6048,6048,6048,6048,6048,6048,6048,6048,6048,6048,6048,6048,6048,6048,6048,6048,6048,6048,6048,6048,6048,6048,6048,6048,6048,6048,6048,6048,6048,6048,6048,6048,6056,6056,6056,6056,6056,6056,6056,6056,6056,6056,6056,6056,6056,6056,6056,6056,6056,6056,6056,6056,6056,6056,6056,6056,6056,6056,6056,6056,6056,6056,6056,6056,6056,6056,6056,6056,6056,6056,6056,6056,6056,6056,6056,6056,6056,6056,6056,6056,6056,6056,6056,6056,6056,6056,6056,6056,6056,6056,6056,6056,6056,6064,6064,6064,6064,6064,6064,6064,6064,6064,6064,6064,6064,6064,6064,6064,6064,6064,6064,6064,6064,6064,6064,6064,6064,6064,6064,6064,6064,6064,6064,6064,6064,6064,6064,6064,6064,6064,6064,6064,6064,6064,6064,6064,6064,6064,6064,6064,6064,6064,6064,6064,6064,6064,6064,6064,6064,6064,6064,6064,6064,6064,6064,6064,6064,6064,6064,6064,6072,6072,6072,6072,6072,6072,6072,6072,6072,6072,6072,6072,6072,6072,6072,6072,6072,6072,6072,6072,6072,6072,6072,6072,6072,6072,6072,6072,6072,6072,6072,6072,6072,6072,6072,6072,6072,6072,6072,6072,6072,6072
0,0,0,0,0,0,0,0,0,0,0,0,0,0,0,0,0,0,0,0,0,0,0,0,0,0,0,0,0,0,0,0,0,0,0,0,0,0,0,0,0,0,0,0,0,0,0,0,0,0,6056,6056,6056,6056,6056,6056,6056,6056,6056,6056,6056,6056,6056,6056,6056,6056,6056,6056,6056,6056,6056,6056,6056,6056,6056,6056,6056,6056,6056,6056,6056,6056,6056,6056,6056,6056,6056,6056,6056,6056,6056,6056,6056,6056,6056,6056,6056,6056,6056,6056,6056,6056,6056,6056,6056,6056,6056,6056,6056,6056,6056,6056,6056,6056,6056,6056,6056,6056,6056,6056,6056,6056,6056,6056,6056,6056,6056,6056,6056,6056,6056,6056,6056,6056,6056,6056,6056,6056,6056,6056,6056,6056,6056,6056,6056,6056,6056,6056,6056,6056,6056,6056,6056,6056,6056,6056,6056,6056,6056,6056,6056,6056,6056,6056,6056,6056,6056,6056,6056,6056,6056,6056,6056,6056,6056,6056,6056,6056,6056,6056,6072,6072,6072,6072,6072,6072,6072,6072,6072,6072,6072,6072,6072,6072,6072,6072,6072,6072,6072,6072,6072,6072,6072,6072,6072,6072,6072,6072,6072,6072,6072,6072,6072,6072,6072,6072,6072,6072,6072,6072,6072,6072,6072,6072,6072,6072,6072,6072,6072,6072,6072,6072,6072,6072,6072,6072,6072,6072,6072,6072,6072,6072,6072,6072,6072,6072,6064,6064,6064,6064,6064,6064,6064,6064,6064,6064,6064,6064,6064,6064,6064,6064,6064,6064,6064,6064,6064,6064,6064,6064,6064,6064,6064,6064,6064,6064,6064,6064,6064,6064,6064,6064,6064,6064,6064,6064,6064,6064,6064,6064,6064,6064,6064,6064,6064,6064,6064,6064,6064,6064,6064,6064,6064,6064,6064,6064,6064,6064,6064,6064,6072,6072,6072,6072,6072,6072,6072,6072,6072,6072,6072,6072,6072,6072,6072,6072,6072,6072,6072,6072,6072,6072,6072,6072,6072,6072,6072,6072,6072,6072,6072,6072,6072,6072,6072,6072,6072,6072,6072,6072,6072,6072,6072,6072,6072,6072,6072,6072,6072,6072,6072,6072,6072,6072,6072,6072,6072,6072,6072,6072,6072,6072,6072,6072,6072,6056,6056,6056,6056,6056,6056,6056,6056,6056,6056,6056,6056,6056,6056,6056,6056,6056,6056,6056,6056,6056,6056,6056,6056,6056,6056,6056,6056,6056,6056,6056,6056,6056,6056,6056,6056,6056,6056,6056,6056,6056,6056,6056,6056,6056,6056,6056,6056,6056,6056,6056,6056,6056,6056,6056,6056,6056,6056,6056,6056,6056,6056,6056,6056,6056,6064,6064,6064,6064,6064,6064,6064,6064,6064,6064,6064,6064,6064,6064,6064,6064,6064,6064,6064,6064,6064,6064,6064,6064,6064,6064,6064,6064,6064,6064,6064,6064,6064,6064,6064,6064,6064,6064,6064,6064,6064,6064,6064,6064,6064,6064,6064,6064,6064,6064,6064,6064,6064,6064,6064,6064,6064,6064,6064,6064,6064,6064,6064,6048,6048,6048,6048,6048,6048,6048,6048,6048,6048,6048,6048,6048,6048,6048,6048,6048,6048,6048,6048,6048,6048,6048,6048,6048,6048,6048,6048,6048,6048,6048,6048,6048,6048,6048,6048,6048,6048,6048,6048,6048,6048,6048,6048,6048,6048,6048,6048,6048,6048,6048,6048,6048,6048,6048,6048,6048,6048,6048,6048,6048,6048,6048,6048,6048,6064,6064,6064,6064,6064,6064,6064,6064,6064,6064,6064,6064,6064,6064,6064,6064,6064,6064,6064,6064,6064,6064,6064,6064,6064,6064,6064,6064,6064,6064,6064,6064,6064,6064,6064,6064,6064,6064,6064,6064,6064,6064,6064,6064,6064,6064,6064,6064,6064,6064,6064,6064,6064,6064,6064,6064,6064,6064,6064,6064,6064,6064,6064,6064,6064,6064,6064,6064,6064,6064,6064,6064
0,0,0,0,0,0,0,0,0,0,0,0,0,0,0,0,0,0,6072,6072,6072,6072,6072,6072,6072,6072,6072,6072,6072,6072,6072,6072,6072,6072,6072,6072,6072,6072,6072,6072,6072,6072,6072,6072,6072,6072,6072,6072,6072,6072,6072,6072,6072,6072,6072,6072,6072,6072,6072,6072,6072,6072,6072,6072,6072,6072,6072,6072,6072,6072,6072,6072,6072,6072,6072,6072,6072,6072,6072,6072,6072,6072,6072,6048,6048,6048,6048,6048,6048,6048,6048,6048,6048,6048,6048,6048,6048,6048,6048,6048,6048,6048,6048,6048,6048,6048,6048,6048,6048,6048,6048,6048,6048,6048,6048,6048,6048,6048,6048,6048,6048,6048,6048,6048,6048,6048,6048,6048,6048,6048,6048,6048,6048,6048,6048,6048,6048,6048,6048,6048,6048,6048,6048,6048,6048,6048,6048,6064,6064,6064,6064,6064,6064,6064,6064,6064,6064,6064,6064,6064,6064,6064,6064,6064,6064,6064,6064,6064,6064,6064,6064,6064,6064,6064,6064,6064,6064,6064,6064,6064,6064,6064,6064,6064,6064,6064,6064,6064,6064,6064,6064,6064,6064,6064,6064,6064,6064,6064,6064,6064,6064,6064,6064,6064,6064,6064,6064,6064,6064,6064,6064,6064,6056,6056,6056,6056,6056,6056,6056,6056,6056,6056,6056,6056,6056,6056,6056,6056,6056,6056,6056,6056,6056,6056,6056,6056,6056,6056,6056,6056,6056,6056,6056,6056,6056,6056,6056,6056,6056,6056,6056,6056,6056,6056,6056,6056,6056,6056,6056,6056,6056,6056,6056,6056,6056,6056,6056,6056,6056,6056,6056,6056,6056,6056,6056,6056,6056,6056,6056,6056,6056,6056,6056,6056,6056,6056,6056,6056,6056,6056,6056,6056,6056,6056,6056,6056,6056,6056,6056,6056,6056,6056,6056,6056,6056,6056,6056,6056,6056,6056,6056,6056,6056,6056,6056,6056,6056,6056,6056,6056,6056,6056,6056,6056,6056,6056,6056,6056,6056,6056,6056,6056,6056,6056,6056,6056,6056,6056,6056,6072,6072,6072,6072,6072,6072,6072,6072,6072,6072,6072,6072,6072,6072,6072,6072,6072,6072,6072,6072,6072,6072,6072,6072,6072,6072,6072,6072,6072,6072,6072,6072,6072,6072,6072,6072,6072,6072,6072,6072,6072,6072,6072,6072,6072,6072,6072,6072,6072,6072,6072,6072,6072,6072,6072,6072,6072,6072,6072,6072,6072,6072,6072,6072,6072,6072,6072,6064,6064,6064,6064,6064,6064,6064,6064,6064,6064,6064,6064,6064,6064,6064,6064,6064,6064,6064,6064,6064,6064,6064,6064,6064,6064,6064,6064,6064,6064,6064,6064,6064,6064,6064,6064,6064,6064,6064,6064,6064,6064,6064,6064,6064,6064,6064,6064,6064,6064,6064,6064,6064,6064,6064,6064,6064,6064,6064,6064,6064,6064,6064,6064,6064,6064,6064,6064,6064,6064,6064,6064,6064,6064,6064,6064,6064,6064,6064,6064,6064,6064,6064,6064,6064,6064,6064,6064,6064,6064,6064,6064,6064,6064,6064,6064,6064,6064,6064,6064,6064,6064,6064,6064,6064,6064,6064,6064,6064,6064,6064,6064,6064,6064,6064,6064,6064,6064,6064,6064,6064,6064,6064,6064,6064,6064,6064,6064,6064,6064,6064,6064,6064,6064,6064,6064,6064,6064,6064,6064,6064,6064,6064,6064,6064,6064,6064,6064,6064,6064,6064,6064,6064,6064,6064,6064,6064,6064,6064,6064,6064,6064,6064,6064,6064,6064,6064,6064,6064,6064,6064,6064,6064,6064,6064,6064,6064,6064,6064,6064,6064,6064,6064,6064,6064,6064,6064,6064,6064,6064,6064,6064,6072,6072,6072,6072,6072,6072,6072,6072,6072,6072,6072,6072,6072,6072,6072,6072,6072,6072,6072,6072,6072,6072,6072,6072,6072,6072,6072,6072,6072,6072,6072,6072,6072,6072,6072,6072,6072,6072,6072,6072,6072,6072
0,0,0,0,0,0,0,0,0,0,0,0,0,0,0,0,0,0,0,0,0,0,0,0,0,0,0,0,0,0,0,0,0,0,0,0,0,0,0,0,0,0,0,0,0,0,0,0,0,0,0,0,6080,6080,6080,6080,6080,6080,6080,6080,6080,6080,6080,6080,6080,6080,6080,6080,6080,6080,6080,6080,6080,6080,6080,6080,6080,6080,6080,6080,6080,6080,6080,6080,6080,6080,6080,6080,6080,6080,6080,6080,6080,6080,6080,6080,6080,6080,6080,6080,6080,6080,6080,6080,6080,6080,6080,6080,6080,6080,6080,6080,6080,6080,6080,6096,6096,6096,6096,6096,6096,6096,6096,6096,6096,6096,6096,6096,6096,6096,6096,6096,6096,6096,6096,6096,6096,6096,6096,6096,6096,6096,6096,6096,6096,6096,6096,6096,6096,6096,6096,6096,6096,6096,6096,6096,6096,6096,6096,6096,6096,6096,6096,6096,6096,6096,6096,6096,6096,6096,6096,6096,6096,6096,6096,6096,6096,6096,6096,6096,6080,6080,6080,6080,6080,6080,6080,6080,6080,6080,6080,6080,6080,6080,6080,6080,6080,6080,6080,6080,6080,6080,6080,6080,6080,6080,6080,6080,6080,6080,6080,6080,6080,6080,6080,6080,6080,6080,6080,6080,6080,6080,6080,6080,6080,6080,6080,6080,6080,6080,6080,6080,6080,6080,6080,6080,6080,6080,6080,6080,6080,6080,6080,6080,6080,6096,6096,6096,6096,6096,6096,6096,6096,6096,6096,6096,6096,6096,6096,6096,6096,6096,6096,6096,6096,6096,6096,6096,6096,6096,6096,6096,6096,6096,6096,6096,6096,6096,6096,6096,6096,6096,6096,6096,6096,6096,6096,6096,6096,6096,6096,6096,6096,6096,6096,6096,6096,6096,6096,6096,6096,6096,6096,6096,6096,6096,6096,6096,6080,6080,6080,6080,6080,6080,6080,6080,6080,6080,6080,6080,6080,6080,6080,6080,6080,6080,6080,6080,6080,6080,6080,6080,6080,6080,6080,6080,6080,6080,6080,6080,6080,6080,6080,6080,6080,6080,6080,6080,6080,6080,6080,6080,6080,6080,6080,6080,6080,6080,6080,6080,6080,6080,6080,6080,6080,6080,6080,6080,6080,6080,6080,6080,6080,6080,6088,6088,6088,6088,6088,6088,6088,6088,6088,6088,6088,6088,6088,6088,6088,6088,6088,6088,6088,6088,6088,6088,6088,6088,6088,6088,6088,6088,6088,6088,6088,6088,6088,6088,6088,6088,6088,6088,6088,6088,6088,6088,6088,6088,6088,6088,6088,6088,6088,6088,6088,6088,6088,6088,6088,6088,6088,6088,6088,6088,6088,6088,6088,6088,6088,6096,6096,6096,6096,6096,6096,6096,6096,6096,6096,6096,6096,6096,6096,6096,6096,6096,6096,6096,6096,6096,6096,6096,6096,6096,6096,6096,6096,6096,6096,6096,6096,6096,6096,6096,6096,6096,6096,6096,6096,6096,6096,6096,6096,6096,6096,6096,6096,6096,6096,6096,6096,6096,6096,6096,6096,6096,6096,6096,6096,6096,6096,6096,6096,6104,6104,6104,6104,6104,6104,6104,6104,6104,6104,6104,6104,6104,6104,6104,6104,6104,6104,6104,6104,6104,6104,6104,6104,6104,6104,6104,6104,6104,6104,6104,6104,6104,6104,6104,6104,6104,6104,6104,6104,6104,6104,6104,6104,6104,6104,6104,6104,6104,6104,6104,6104,6104,6104,6104,6104,6104,6104,6104,6104,6104,6104,6104,6104,6104,6080,6080,6080,6080,6080,6080,6080,6080,6080,6080,6080,6080,6080,6080,6080,6080,6080,6080,6080,6080,6080,6080,6080,6080,6080,6080,6080,6080,6080,6080,6080,6080,6080,6080,6080,6080,6080,6080,6080,6080,6080,6080,6080,6080,6080,6080,6080,6080,6080,6080,6080,6080,6080,6080,6080,6080,6080,6080,6080,6080,6080,6080,6080,6080,6080,6080,6080,6080,6080,6080,6080,6080
0,0,0,0,0,0,0,0,0,0,0,0,0,0,0,0,0,0,0,0,0,0,0,0,6080,6080,6080,6080,6080,6080,6080,6080,6080,6080,6080,6080,6080,6080,6080,6080,6080,6080,6080,6080,6080,6080,6080,6080,6080,6080,6080,6080,6080,6080,6080,6080,6080,6080,6080,6080,6080,6080,6080,6080,6080,6080,6080,6080,6080,6080,6080,6080,6080,6080,6080,6080,6080,6080,6080,6080,6080,6080,6080,6080,6080,6080,6080,6080,6080,6080,6080,6104,6104,6104,6104,6104,6104,6104,6104,6104,6104,6104,6104,6104,6104,6104,6104,6104,6104,6104,6104,6104,6104,6104,6104,6104,6104,6104,6104,6104,6104,6104,6104,6104,6104,6104,6104,6104,6104,6104,6104,6104,6104,6104,6104,6104,6104,6104,6104,6104,6104,6104,6104,6104,6104,6104,6104,6104,6104,6104,6104,6104,6088,6088,6088,6088,6088,6088,6088,6088,6088,6088,6088,6088,6088,6088,6088,6088,6088,6088,6088,6088,6088,6088,6088,6088,6088,6088,6088,6088,6088,6088,6088,6088,6088,6088,6088,6088,6088,6088,6088,6088,6088,6088,6088,6088,6088,6088,6088,6088,6088,6088,6088,6088,6088,6088,6088,6088,6088,6088,6088,6088,6088,6088,6088,6088,6088,6088,6088,6168,6168,6168,6168,6168,6168,6168,6168,6168,6168,6168,6168,6168,6168,6168,6168,6168,6168,6168,6168,6168,6168,6168,6168,6168,6168,6168,6168,6168,6168,6168,6168,6168,6168,6168,6168,6168,6168,6168,6168,6168,6168,6168,6168,6168,6168,6168,6168,6168,6168,6168,6168,6168,6168,6168,6168,6168,6168,6168,6168,6168,6168,6168,6168,6168,6152,6152,6152,6152,6152,6152,6152,6152,6152,6152,6152,6152,6152,6152,6152,6152,6152,6152,6152,6152,6152,6152,6152,6152,6152,6152,6152,6152,6152,6152,6152,6152,6152,6152,6152,6152,6152,6152,6152,6152,6152,6152,6152,6152,6152,6152,6152,6152,6152,6152,6152,6152,6152,6152,6152,6152,6152,6152,6152,6152,6152,6152,6152,6152,6152,6176,6176,6176,6176,6176,6176,6176,6176,6176,6176,6176,6176,6176,6176,6176,6176,6176,6176,6176,6176,6176,6176,6176,6176,6176,6176,6176,6176,6176,6176,6176,6176,6176,6176,6176,6176,6176,6176,6176,6176,6176,6176,6176,6176,6176,6176,6176,6176,6176,6176,6176,6176,6176,6176,6176,6176,6176,6176,6176,6176,6176,6176,6176,6192,6192,6192,6192,6192,6192,6192,6192,6192,6192,6192,6192,6192,6192,6192,6192,6192,6192,6192,6192,6192,6192,6192,6192,6192,6192,6192,6192,6192,6192,6192,6192,6192,6192,6192,6192,6192,6192,6192,6192,6192,6192,6192,6192,6192,6192,6192,6192,6192,6192,6192,6192,6192,6192,6192,6192,6192,6192,6192,6192,6192,6192,6192,6192,6192,6176,6176,6176,6176,6176,6176,6176,6176,6176,6176,6176,6176,6176,6176,6176,6176,6176,6176,6176,6176,6176,6176,6176,6176,6176,6176,6176,6176,6176,6176,6176,6176,6176,6176,6176,6176,6176,6176,6176,6176,6176,6176,6176,6176,6176,6176,6176,6176,6176,6176,6176,6176,6176,6176,6176,6176,6176,6176,6176,6176,6176,6176,6176,6176,6184,6184,6184,6184,6184,6184,6184,6184,6184,6184,6184,6184,6184,6184,6184,6184,6184,6184,6184,6184,6184,6184,6184,6184,6184,6184,6184,6184,6184,6184,6184,6184,6184,6184,6184,6184,6184,6184,6184,6184,6184,6184,6184,6184,6184,6184,6184,6184,6184,6184,6184,6184,6184,6184,6184,6184,6184,6184,6184,6184,6184,6184,6184,6184,6184,6184,6184,6184,6184,6184,6184,6184,6184,6184,6184,6184,6184,6184,6184,6184,6184,6184,6184,6184,6184,6184,6184,6184,6184,6184,6184,6184,6184,6184,6184,6184,6184,6184,6184
0,0,0,0,0,0,0,0,0,0,0,0,0,0,0,0,0,0,0,0,0,0,0,0,0,0,0,0,0,0,0,0,0,0,0,0,0,0,0,0,0,0,0,0,0,0,0,0,0,0,0,0,0,0,0,0,0,0,0,0,0,0,6176,6176,6176,6176,6176,6176,6176,6176,6176,6176,6176,6176,6176,6176,6176,6176,6176,6176,6176,6176,6176,6176,6176,6176,6176,6176,6176,6176,6176,6176,6176,6176,6176,6176,6176,6176,6176,6176,6176,6176,6176,6176,6176,6176,6176,6176,6176,6176,6176,6176,6176,6176,6176,6176,6176,6176,6176,6176,6176,6176,6176,6176,6176,6176,6176,6224,6224,6224,6224,6224,6224,6224,6224,6224,6224,6224,6224,6224,6224,6224,6224,6224,6224,6224,6224,6224,6224,6224,6224,6224,6224,6224,6224,6224,6224,6224,6224,6224,6224,6224,6224,6224,6224,6224,6224,6224,6224,6224,6224,6224,6224,6224,6224,6224,6224,6224,6224,6224,6224,6224,6224,6224,6224,6224,6224,6224,6224,6232,6232,6232,6232,6232,6232,6232,6232,6232,6232,6232,6232,6232,6232,6232,6232,6232,6232,6232,6232,6232,6232,6232,6232,6232,6232,6232,6232,6232,6232,6232,6232,6232,6232,6232,6232,6232,6232,6232,6232,6232,6232,6232,6232,6232,6232,6232,6232,6232,6232,6232,6232,6232,6232,6232,6232,6232,6232,6232,6232,6232,6232,6232,6232,6232,6232,6232,6232,6232,6232,6232,6232,6232,6232,6232,6232,6232,6232,6232,6232,6232,6232,6232,6232,6232,6232,6232,6232,6232,6232,6232,6232,6232,6232,6232,6232,6232,6232,6232,6232,6232,6232,6232,6232,6232,6232,6232,6232,6232,6232,6232,6232,6232,6232,6232,6232,6232,6232,6232,6232,6232,6232,6232,6232,6232,6232,6232,6232,6232,6232,6232,6232,6208,6208,6208,6208,6208,6208,6208,6208,6208,6208,6208,6208,6208,6208,6208,6208,6208,6208,6208,6208,6208,6208,6208,6208,6208,6208,6208,6208,6208,6208,6208,6208,6208,6208,6208,6208,6208,6208,6208,6208,6208,6208,6208,6208,6208,6208,6208,6208,6208,6208,6208,6208,6208,6208,6208,6208,6208,6208,6208,6208,6208,6208,6208,6224,6224,6224,6224,6224,6224,6224,6224,6224,6224,6224,6224,6224,6224,6224,6224,6224,6224,6224,6224,6224,6224,6224,6224,6224,6224,6224,6224,6224,6224,6224,6224,6224,6224,6224,6224,6224,6224,6224,6224,6224,6224,6224,6224,6224,6224,6224,6224,6224,6224,6224,6224,6224,6224,6224,6224,6224,6224,6224,6224,6224,6224,6224,6224,6224,6208,6208,6208,6208,6208,6208,6208,6208,6208,6208,6208,6208,6208,6208,6208,6208,6208,6208,6208,6208,6208,6208,6208,6208,6208,6208,6208,6208,6208,6208,6208,6208,6208,6208,6208,6208,6208,6208,6208,6208,6208,6208,6208,6208,6208,6208,6208,6208,6208,6208,6208,6208,6208,6208,6208,6208,6208,6208,6208,6208,6208,6208,6208,6208,6208,6192,6192,6192,6192,6192,6192,6192,6192,6192,6192,6192,6192,6192,6192,6192,6192,6192,6192,6192,6192,6192,6192,6192,6192,6192,6192,6192,6192,6192,6192,6192,6192,6192,6192,6192,6192,6192,6192,6192,6192,6192,6192,6192,6192,6192,6192,6192,6192,6192,6192,6192,6192,6192,6192,6192,6192,6192,6192,6192,6192,6192,6192,6192,6192,6176,6176,6176,6176,6176,6176,6176,6176,6176,6176,6176,6176,6176,6176,6176,6176,6176,6176,6176,6176,6176,6176,6176,6176,6176,6176,6176,6176,6176,6176,6176,6176,6176,6176,6176,6176,6176,6176,6176,6176,6176,6176,6176,6176,6176,6176,6176,6176,6176,6176,6176,6176,6176,6176,6176,6176,6176,6176,6176,6176,6176,6176
0,0,0,0,0,0,0,0,0,0,0,0,0,0,0,0,0,0,0,0,0,0,0,0,0,0,0,6176,6176,6176,6176,6176,6176,6176,6176,6176,6176,6176,6176,6176,6176,6176,6176,6176,6176,6176,6176,6176,6176,6176,6176,6176,6176,6176,6176,6176,6176,6176,6176,6176,6176,6176,6176,6176,6176,6176,6176,6176,6176,6176,6176,6176,6176,6176,6176,6176,6176,6176,6176,6176,6176,6176,6176,6176,6176,6176,6176,6176,6176,6176,6176,6200,6200,6200,6200,6200,6200,6200,6200,6200,6200,6200,6200,6200,6200,6200,6200,6200,6200,6200,6200,6200,6200,6200,6200,6200,6200,6200,6200,6200,6200,6200,6200,6200,6200,6200,6200,6200,6200,6200,6200,6200,6200,6200,6200,6200,6200,6200,6200,6200,6200,6200,6200,6200,6200,6200,6200,6200,6200,6200,6200,6200,6200,6200,6200,6200,6200,6200,6200,6200,6200,6200,6200,6200,6200,6200,6200,6200,6200,6200,6200,6200,6200,6200,6200,6200,6200,6200,6200,6200,6200,6200,6200,6200,6200,6200,6200,6200,6200,6200,6200,6200,6200,6200,6200,6200,6200,6200,6200,6200,6200,6200,6200,6200,6200,6200,6200,6200,6200,6200,6200,6200,6200,6200,6200,6200,6200,6200,6200,6184,6184,6184,6184,6184,6184,6184,6184,6184,6184,6184,6184,6184,6184,6184,6184,6184,6184,6184,6184,6184,6184,6184,6184,6184,6184,6184,6184,6184,6184,6184,6184,6184,6184,6184,6184,6184,6184,6184,6184,6184,6184,6184,6184,6184,6184,6184,6184,6184,6184,6184,6184,6184,6184,6184,6184,6184,6184,6184,6184,6184,6184,6184,6184,6184,6200,6200,6200,6200,6200,6200,6200,6200,6200,6200,6200,6200,6200,6200,6200,6200,6200,6200,6200,6200,6200,6200,6200,6200,6200,6200,6200,6200,6200,6200,6200,6200,6200,6200,6200,6200,6200,6200,6200,6200,6200,6200,6200,6200,6200,6200,6200,6200,6200,6200,6200,6200,6200,6200,6200,6200,6200,6200,6200,6200,6200,6200,6200,6200,6200,6192,6192,6192,6192,6192,6192,6192,6192,6192,6192,6192,6192,6192,6192,6192,6192,6192,6192,6192,6192,6192,6192,6192,6192,6192,6192,6192,6192,6192,6192,6192,6192,6192,6192,6192,6192,6192,6192,6192,6192,6192,6192,6192,6192,6192,6192,6192,6192,6192,6192,6192,6192,6192,6192,6192,6192,6192,6192,6192,6192,6192,6192,6192,6192,6192,6192,6176,6176,6176,6176,6176,6176,6176,6176,6176,6176,6176,6176,6176,6176,6176,6176,6176,6176,6176,6176,6176,6176,6176,6176,6176,6176,6176,6176,6176,6176,6176,6176,6176,6176,6176,6176,6176,6176,6176,6176,6176,6176,6176,6176,6176,6176,6176,6176,6176,6176,6176,6176,6176,6176,6176,6176,6176,6176,6176,6176,6176,6176,6176,6176,6200,6200,6200,6200,6200,6200,6200,6200,6200,6200,6200,6200,6200,6200,6200,6200,6200,6200,6200,6200,6200,6200,6200,6200,6200,6200,6200,6200,6200,6200,6200,6200,6200,6200,6200,6200,6200,6200,6200,6200,6200,6200,6200,6200,6200,6200,6200,6200,6200,6200,6200,6200,6200,6200,6200,6200,6200,6200,6200,6200,6200,6200,6200,6200,6200,6192,6192,6192,6192,6192,6192,6192,6192,6192,6192,6192,6192,6192,6192,6192,6192,6192,6192,6192,6192,6192,6192,6192,6192,6192,6192,6192,6192,6192,6192,6192,6192,6192,6192,6192,6192,6192,6192,6192,6192,6192,6192,6192,6192,6192,6192,6192,6192,6192,6192,6192,6192,6192,6192,6192,6192,6192,6192,6192,6192,6192,6192,6192,6192,6192,6192,6192,6192,6192,6192,6192,6192,6192,6192,6192,6192,6192,6192,6192,6192,6192,6192,6192,6192,6192,6192,6192,6192,6192,6192,6192,6192,6192,6192,6192,6192
0,0,0,0,0,0,0,0,0,0,0,0,0,0,0,0,0,0,0,0,0,0,0,0,0,0,0,0,0,0,0,0,0,0,0,0,0,0,0,0,0,0,0,0,0,0,0,0,0,0,0,0,0,0,0,0,0,0,0,0,0,0,6176,6176,6176,6176,6176,6176,6176,6176,6176,6176,6176,6176,6176,6176,6176,6176,6176,6176,6176,6176,6176,6176,6176,6176,6176,6176,6176,6176,6176,6176,6176,6176,6176,6176,6176,6176,6176,6176,6176,6176,6176,6176,6176,6176,6176,6176,6176,6176,6176,6176,6176,6176,6176,6176,6176,6176,6176,6176,6176,6176,6176,6176,6176,6176,6200,6200,6200,6200,6200,6200,6200,6200,6200,6200,6200,6200,6200,6200,6200,6200,6200,6200,6200,6200,6200,6200,6200,6200,6200,6200,6200,6200,6200,6200,6200,6200,6200,6200,6200,6200,6200,6200,6200,6200,6200,6200,6200,6200,6200,6200,6200,6200,6200,6200,6200,6200,6200,6200,6200,6200,6200,6200,6200,6200,6200,6200,6200,6200,6176,6176,6176,6176,6176,6176,6176,6176,6176,6176,6176,6176,6176,6176,6176,6176,6176,6176,6176,6176,6176,6176,6176,6176,6176,6176,6176,6176,6176,6176,6176,6176,6176,6176,6176,6176,6176,6176,6176,6176,6176,6176,6176,6176,6176,6176,6176,6176,6176,6176,6176,6176,6176,6176,6176,6176,6176,6176,6176,6176,6176,6176,6176,6176,6176,6192,6192,6192,6192,6192,6192,6192,6192,6192,6192,6192,6192,6192,6192,6192,6192,6192,6192,6192,6192,6192,6192,6192,6192,6192,6192,6192,6192,6192,6192,6192,6192,6192,6192,6192,6192,6192,6192,6192,6192,6192,6192,6192,6192,6192,6192,6192,6192,6192,6192,6192,6192,6192,6192,6192,6192,6192,6192,6192,6192,6192,6192,6192,6192,6224,6224,6224,6224,6224,6224,6224,6224,6224,6224,6224,6224,6224,6224,6224,6224,6224,6224,6224,6224,6224,6224,6224,6224,6224,6224,6224,6224,6224,6224,6224,6224,6224,6224,6224,6224,6224,6224,6224,6224,6224,6224,6224,6224,6224,6224,6224,6224,6224,6224,6224,6224,6224,6224,6224,6224,6224,6224,6224,6224,6224,6224,6224,6224,6224,6232,6232,6232,6232,6232,6232,6232,6232,6232,6232,6232,6232,6232,6232,6232,6232,6232,6232,6232,6232,6232,6232,6232,6232,6232,6232,6232,6232,6232,6232,6232,6232,6232,6232,6232,6232,6232,6232,6232,6232,6232,6232,6232,6232,6232,6232,6232,6232,6232,6232,6232,6232,6232,6232,6232,6232,6232,6232,6232,6232,6232,6232,6232,6232,6232,6232,6232,6232,6232,6232,6232,6232,6232,6232,6232,6232,6232,6232,6232,6232,6232,6232,6232,6232,6232,6232,6232,6232,6232,6232,6232,6232,6232,6232,6232,6232,6232,6232,6232,6232,6232,6232,6232,6232,6232,6232,6232,6232,6232,6232,6232,6232,6232,6232,6232,6232,6232,6232,6232,6232,6232,6232,6232,6232,6232,6232,6232,6232,6232,6232,6232,6232,6232,6232,6232,6232,6232,6232,6232,6232,6232,6232,6232,6232,6232,6232,6232,6232,6232,6232,6232,6232,6232,6232,6232,6232,6232,6232,6232,6232,6232,6232,6232,6232,6232,6232,6232,6232,6232,6232,6232,6232,6232,6232,6232,6232,6232,6232,6232,6232,6232,6232,6232,6232,6232,6232,6232,6232,6232,6232,6232,6232,6232,6232,6232,6232,6232,6232,6232,6232,6232,6232,6232,6232,6232,6232,6232,6232,6232,6232,6232,6232,6232,6232,6232,6232,6232,6232,6232,6232,6232,6232,6232,6232,6232,6232,6232,6232,6232,6232,6232,6232,6232,6232,6232,6232,6232,6232,6232,6232,6232,6232,6232,6232,6232,6232,6232,6232,6232,6232,6232,6232,6232,6232,6232,6232
0,0,0,0,0,0,0,0,0,0,0,0,0,0,0,0,0,0,0,0,0,0,0,0,0,0,0,0,0,0,0,0,0,6240,6240,6240,6240,6240,6240,6240,6240,6240,6240,6240,6240,6240,6240,6240,6240,6240,6240,6240,6240,6240,6240,6240,6240,6240,6240,6240,6240,6240,6240,6240,6240,6240,6240,6240,6240,6240,6240,6240,6240,6240,6240,6240,6240,6240,6240,6240,6240,6240,6240,6240,6240,6240,6240,6240,6240,6240,6240,6240,6240,6240,6240,6240,6240,6256,6256,6256,6256,6256,6256,6256,6256,6256,6256,6256,6256,6256,6256,6256,6256,6256,6256,6256,6256,6256,6256,6256,6256,6256,6256,6256,6256,6256,6256,6256,6256,6256,6256,6256,6256,6256,6256,6256,6256,6256,6256,6256,6256,6256,6256,6256,6256,6256,6256,6256,6256,6256,6256,6256,6256,6256,6256,6256,6256,6256,6256,6256,6256,6256,6256,6256,6256,6256,6256,6256,6256,6256,6256,6256,6256,6256,6256,6256,6256,6256,6256,6256,6256,6256,6256,6256,6256,6256,6256,6256,6256,6256,6256,6256,6256,6256,6256,6256,6256,6256,6256,6256,6256,6256,6256,6256,6256,6256,6256,6256,6256,6256,6256,6256,6256,6256,6256,6256,6256,6256,6256,6256,6256,6256,6256,6256,6256,6256,6256,6248,6248,6248,6248,6248,6248,6248,6248,6248,6248,6248,6248,6248,6248,6248,6248,6248,6248,6248,6248,6248,6248,6248,6248,6248,6248,6248,6248,6248,6248,6248,6248,6248,6248,6248,6248,6248,6248,6248,6248,6248,6248,6248,6248,6248,6248,6248,6248,6248,6248,6248,6248,6248,6248,6248,6248,6248,6248,6248,6248,6248,6248,6248,6248,6256,6256,6256,6256,6256,6256,6256,6256,6256,6256,6256,6256,6256,6256,6256,6256,6256,6256,6256,6256,6256,6256,6256,6256,6256,6256,6256,6256,6256,6256,6256,6256,6256,6256,6256,6256,6256,6256,6256,6256,6256,6256,6256,6256,6256,6256,6256,6256,6256,6256,6256,6256,6256,6256,6256,6256,6256,6256,6256,6256,6256,6256,6256,6256,6256,6256,6256,6256,6256,6256,6256,6256,6256,6256,6256,6256,6256,6256,6256,6256,6256,6256,6256,6256,6256,6256,6256,6256,6256,6256,6256,6256,6256,6256,6256,6256,6256,6256,6256,6256,6256,6256,6256,6256,6256,6256,6256,6256,6256,6256,6256,6256,6256,6256,6256,6256,6256,6256,6256,6256,6256,6256,6256,6256,6256,6256,6256,6256,6256,6256,6240,6240,6240,6240,6240,6240,6240,6240,6240,6240,6240,6240,6240,6240,6240,6240,6240,6240,6240,6240,6240,6240,6240,6240,6240,6240,6240,6240,6240,6240,6240,6240,6240,6240,6240,6240,6240,6240,6240,6240,6240,6240,6240,6240,6240,6240,6240,6240,6240,6240,6240,6240,6240,6240,6240,6240,6240,6240,6240,6240,6240,6240,6240,6248,6248,6248,6248,6248,6248,6248,6248,6248,6248,6248,6248,6248,6248,6248,6248,6248,6248,6248,6248,6248,6248,6248,6248,6248,6248,6248,6248,6248,6248,6248,6248,6248,6248,6248,6248,6248,6248,6248,6248,6248,6248,6248,6248,6248,6248,6248,6248,6248,6248,6248,6248,6248,6248,6248,6248,6248,6248,6248,6248,6248,6248,6248,6248,6248,6240,6240,6240,6240,6240,6240,6240,6240,6240,6240,6240,6240,6240,6240,6240,6240,6240,6240,6240,6240,6240,6240,6240,6240,6240,6240,6240,6240,6240,6240,6240,6240,6240,6240,6240,6240,6240,6240,6240,6240,6240,6240,6240,6240,6240,6240,6240,6240,6240,6240,6240,6240,6240,6240,6240,6240,6240,6240,6240,6240,6240,6240,6264,6264,6264,6264,6264,6264,6264,6264,6264,6264,6264,6264,6264,6264,6264,6264,6264,6264,6264,6264,6264,6264,6264,6264,6264,6264,6264,6264,6264
0,0,0,0,0,0,0,0,0,0,0,0,0,0,0,0,0,0,0,0,0,0,0,0,6256,6256,6256,6256,6256,6256,6256,6256,6256,6256,6256,6256,6256,6256,6256,6256,6256,6256,6256,6256,6256,6256,6256,6256,6256,6256,6256,6256,6256,6256,6256,6256,6256,6256,6256,6256,6256,6256,6256,6256,6256,6256,6256,6256,6256,6256,6256,6256,6256,6256,6256,6256,6256,6256,6256,6256,6256,6256,6256,6256,6256,6256,6256,6256,6256,6256,6264,6264,6264,6264,6264,6264,6264,6264,6264,6264,6264,6264,6264,6264,6264,6264,6264,6264,6264,6264,6264,6264,6264,6264,6264,6264,6264,6264,6264,6264,6264,6264,6264,6264,6264,6264,6264,6264,6264,6264,6264,6264,6264,6264,6264,6264,6264,6264,6264,6264,6264,6264,6264,6264,6264,6264,6264,6264,6264,6264,6264,6264,6264,6264,6240,6240,6240,6240,6240,6240,6240,6240,6240,6240,6240,6240,6240,6240,6240,6240,6240,6240,6240,6240,6240,6240,6240,6240,6240,6240,6240,6240,6240,6240,6240,6240,6240,6240,6240,6240,6240,6240,6240,6240,6240,6240,6240,6240,6240,6240,6240,6240,6240,6240,6240,6240,6240,6240,6240,6240,6240,6240,6240,6240,6240,6240,6240,6240,6240,6248,6248,6248,6248,6248,6248,6248,6248,6248,6248,6248,6248,6248,6248,6248,6248,6248,6248,6248,6248,6248,6248,6248,6248,6248,6248,6248,6248,6248,6248,6248,6248,6248,6248,6248,6248,6248,6248,6248,6248,6248,6248,6248,6248,6248,6248,6248,6248,6248,6248,6248,6248,6248,6248,6248,6248,6248,6248,6248,6248,6248,6248,6248,6240,6240,6240,6240,6240,6240,6240,6240,6240,6240,6240,6240,6240,6240,6240,6240,6240,6240,6240,6240,6240,6240,6240,6240,6240,6240,6240,6240,6240,6240,6240,6240,6240,6240,6240,6240,6240,6240,6240,6240,6240,6240,6240,6240,6240,6240,6240,6240,6240,6240,6240,6240,6240,6240,6240,6240,6240,6240,6240,6240,6240,6240,6240,6240,6240,6248,6248,6248,6248,6248,6248,6248,6248,6248,6248,6248,6248,6248,6248,6248,6248,6248,6248,6248,6248,6248,6248,6248,6248,6248,6248,6248,6248,6248,6248,6248,6248,6248,6248,6248,6248,6248,6248,6248,6248,6248,6248,6248,6248,6248,6248,6248,6248,6248,6248,6248,6248,6248,6248,6248,6248,6248,6248,6248,6248,6248,6248,6248,6248,6248,6264,6264,6264,6264,6264,6264,6264,6264,6264,6264,6264,6264,6264,6264,6264,6264,6264,6264,6264,6264,6264,6264,6264,6264,6264,6264,6264,6264,6264,6264,6264,6264,6264,6264,6264,6264,6264,6264,6264,6264,6264,6264,6264,6264,6264,6264,6264,6264,6264,6264,6264,6264,6264,6264,6264,6264,6264,6264,6264,6264,6264,6264,6264,6264,6248,6248,6248,6248,6248,6248,6248,6248,6248,6248,6248,6248,6248,6248,6248,6248,6248,6248,6248,6248,6248,6248,6248,6248,6248,6248,6248,6248,6248,6248,6248,6248,6248,6248,6248,6248,6248,6248,6248,6248,6248,6248,6248,6248,6248,6248,6248,6248,6248,6248,6248,6248,6248,6248,6248,6248,6248,6248,6248,6248,6248,6248,6248,6248,6264,6264,6264,6264,6264,6264,6264,6264,6264,6264,6264,6264,6264,6264,6264,6264,6264,6264,6264,6264,6264,6264,6264,6264,6264,6264,6264,6264,6264,6264,6264,6264,6264,6264,6264,6264,6264,6264,6264,6264,6264,6264,6264,6264,6264,6264,6264,6264,6264,6264,6264,6264,6264,6264,6264,6264,6264,6264,6264,6264,6264,6264,6264,6264,6264,6256,6256,6256,6256,6256,6256,6256,6256,6256,6256,6256,6256,6256,6256,6256,6256,6256,6256,6256,6256,6256,6256,6256,6256,6256,6256,6256,6256,6256,6256,6256,6256,6256,6256,6256
0,0,0,0,0,0,0,0,0,0,0,0,0,0,0,0,0,0,0,0,0,0,0,0,0,0,0,0,0,0,0,0,0,0,0,0,0,0,0,0,0,0,0,0,0,0,0,0,0,0,0,0,0,0,0,0,0,0,6264,6264,6264,6264,6264,6264,6264,6264,6264,6264,6264,6264,6264,6264,6264,6264,6264,6264,6264,6264,6264,6264,6264,6264,6264,6264,6264,6264,6264,6264,6264,6264,6264,6264,6264,6264,6264,6264,6264,6264,6264,6264,6264,6264,6264,6264,6264,6264,6264,6264,6264,6264,6264,6264,6264,6264,6264,6264,6264,6264,6264,6264,6264,6264,6256,6256,6256,6256,6256,6256,6256,6256,6256,6256,6256,6256,6256,6256,6256,6256,6256,6256,6256,6256,6256,6256,6256,6256,6256,6256,6256,6256,6256,6256,6256,6256,6256,6256,6256,6256,6256,6256,6256,6256,6256,6256,6256,6256,6256,6256,6256,6256,6256,6256,6256,6256,6256,6256,6256,6256,6256,6256,6256,6256,6256,6256,6256,6256,6256,6240,6240,6240,6240,6240,6240,6240,6240,6240,6240,6240,6240,6240,6240,6240,6240,6240,6240,6240,6240,6240,6240,6240,6240,6240,6240,6240,6240,6240,6240,6240,6240,6240,6240,6240,6240,6240,6240,6240,6240,6240,6240,6240,6240,6240,6240,6240,6240,6240,6240,6240,6240,6240,6240,6240,6240,6240,6240,6240,6240,6240,6240,6240,6240,6240,6264,6264,6264,6264,6264,6264,6264,6264,6264,6264,6264,6264,6264,6264,6264,6264,6264,6264,6264,6264,6264,6264,6264,6264,6264,6264,6264,6264,6264,6264,6264,6264,6264,6264,6264,6264,6264,6264,6264,6264,6264,6264,6264,6264,6264,6264,6264,6264,6264,6264,6264,6264,6264,6264,6264,6264,6264,6264,6264,6264,6264,6264,6264,6264,6240,6240,6240,6240,6240,6240,6240,6240,6240,6240,6240,6240,6240,6240,6240,6240,6240,6240,6240,6240,6240,6240,6240,6240,6240,6240,6240,6240,6240,6240,6240,6240,6240,6240,6240,6240,6240,6240,6240,6240,6240,6240,6240,6240,6240,6240,6240,6240,6240,6240,6240,6240,6240,6240,6240,6240,6240,6240,6240,6240,6240,6240,6240,6240,6248,6248,6248,6248,6248,6248,6248,6248,6248,6248,6248,6248,6248,6248,6248,6248,6248,6248,6248,6248,6248,6248,6248,6248,6248,6248,6248,6248,6248,6248,6248,6248,6248,6248,6248,6248,6248,6248,6248,6248,6248,6248,6248,6248,6248,6248,6248,6248,6248,6248,6248,6248,6248,6248,6248,6248,6248,6248,6248,6248,6248,6248,6248,6248,6248,6264,6264,6264,6264,6264,6264,6264,6264,6264,6264,6264,6264,6264,6264,6264,6264,6264,6264,6264,6264,6264,6264,6264,6264,6264,6264,6264,6264,6264,6264,6264,6264,6264,6264,6264,6264,6264,6264,6264,6264,6264,6264,6264,6264,6264,6264,6264,6264,6264,6264,6264,6264,6264,6264,6264,6264,6264,6264,6264,6264,6264,6264,6264,6264,6264,6264,6264,6264,6264,6264,6264,6264,6264,6264,6264,6264,6264,6264,6264,6264,6264,6264,6264,6264,6264,6264,6264,6264,6264,6264,6264,6264,6264,6264,6264,6264,6264,6264,6264,6264,6264,6264,6264,6264,6264,6264,6264,6264,6264,6264,6264,6264,6264,6264,6264,6264,6264,6264,6264,6264,6264,6264,6264,6264,6264,6264,6264,6264,6264,6240,6240,6240,6240,6240,6240,6240,6240,6240,6240,6240,6240,6240,6240,6240,6240,6240,6240,6240,6240,6240,6240,6240,6240,6240,6240,6240,6240,6240,6240,6240,6240,6240,6240,6240,6240,6240,6240,6240,6240,6240,6240,6240,6240,6240,6240,6240,6240,6240,6240,6240,6240,6240,6240,6240,6240,6240,6240,6240,6240,6240,6240,6240,6240,6240,6256
6240,6240,6240,6240,6240,6240,6240,6240,6240,6240,6240,6240,6240,6240,6240,6240,6240,6240,6240,6240,6240,6240,6240,6240,6240,6240,6240,6240,6240,6240,6240,6240,6240,6240,6240,6240,6240,6240,6240,6240,6240,6240,6240,6240,6240,6240,6240,6240,6240,6240,6240,6240,6240,6240,6240,6240,6240,6240,6240,6240,6240,6240,6240,6240,6240,6240,6240,6240,6240,6240,6240,6240,6240,6240,6240,6240,6240,6240,6240,6240,6240,6240,6240,6240,6240,6240,6240,6240,6240,6240,6240,6240,6240,6240,6240,6240,6240,6240,6240,6240,6240,6240,6240,6240,6240,6240,6240,6240,6240,6240,6240,6240,6240,6240,6240,6240,6240,6240,6240,6240,6240,6240,6240,6240,6240,6240,6240,6240,6240,6240,6240,6240,6240,6240,6240,6240,6240,6240,6240,6240,6264,6264,6264,6264,6264,6264,6264,6264,6264,6264,6264,6264,6264,6264,6264,6264,6264,6264,6264,6264,6264,6264,6264,6264,6264,6264,6264,6264,6264,6264,6264,6264,6264,6264,6264,6264,6264,6264,6264,6264,6264,6264,6264,6264,6264,6264,6264,6264,6264,6264,6264,6264,6264,6264,6264,6264,6264,6264,6264,6264,6264,6264,6264,6264,6240,6240,6240,6240,6240,6240,6240,6240,6240,6240,6240,6240,6240,6240,6240,6240,6240,6240,6240,6240,6240,6240,6240,6240,6240,6240,6240,6240,6240,6240,6240,6240,6240,6240,6240,6240,6240,6240,6240,6240,6240,6240,6240,6240,6240,6240,6240,6240,6240,6240,6240,6240,6240,6240,6240,6240,6240,6240,6240,6240,6240,6240,6240,6240,6240,6240,6240,6240,6240,6240,6240,6240,6240,6240,6240,6240,6240,6240,6240,6240,6240,6240,6240,6240,6240,6240,6240,6240,6240,6240,6240,6240,6240,6240,6240,6240,6240,6240,6240,6240,6240,6240,6240,6240,6240,6240,6240,6240,6240,6240,6240,6240,6240,6240,6240,6240,6240,6240,6240,6240,6240,6240,6240,6240,6240,6240,6240,6240,6240,6240,6256,6256,6256,6256,6256,6256,6256,6256,6256,6256,6256,6256,6256,6256,6256,6256,6256,6256,6256,6256,6256,6256,6256,6256,6256,6256,6256,6256,6256,6256,6256,6256,6256,6256,6256,6256,6256,6256,6256,6256,6256,6256,6256,6256,6256,6256,6256,6256,6256,6256,6256,6256,6256,6256,6256,6256,6256,6256,6256,6256,6256,6256,6256,6256,6264,6264,6264,6264,6264,6264,6264,6264,6264,6264,6264,6264,6264,6264,6264,6264,6264,6264,6264,6264,6264,6264,6264,6264,6264,6264,6264,6264,6264,6264,6264,6264,6264,6264,6264,6264,6264,6264,6264,6264,6264,6264,6264,6264,6264,6264,6264,6264,6264,6264,6264,6264,6264,6264,6264,6264,6264,6264,6264,6264,6264,6264,6256,6256,6256,6256,6256,6256,6256,6256,6256,6256,6256,6256,6256,6256,6256,6256,6256,6256,6256,6256,6256,6256,6256,6256,6256,6256,6256,6256,6256,6256,6256,6256,6256,6256,6256,6256,6256,6256,6256,6256,6256,6256,6256,6256,6256,6256,6256,6256,6256,6256,6256,6256,6256,6256,6256,6256,6256,6256,6256,6256,6256,6256,6256,6256,6256,6256,6256,6264,6264,6264,6264,6264,6264,6264,6264,6264,6264,6264,6264,6264,6264,6264,6264,6264,6264,6264,6264,6264,6264,6264,6264,6264,6264,6264,6264,6264,6264,6264,6264,6264,6264,6264,6264,6264,6264,6264,6264,6264,6264,6264,6264,6264,6264,6264,6264,6264,6264,6264,6264,6264,6264,6264,6264,6264,6264,6264,6264,6264,6264,6264,6264,6240,6240,6240,6240,6240,6240,6240,6240,6240,6240,6240,6240,6240,6240,6240,6240,6240,6240,6240,6240,6240,6240,6240,6240,6240,6240,6240,6240,6240,6240,6240,6240,6240,6240,6240,6240,6240,6240,6240,6240,6240,6240,6240,6240,6240,6240,6240,6240,6240
0,0,0,0,0,0,0,0,0,0,0,0,0,0,0,0,0,0,0,0,0,0,0,0,0,0,0,0,0,0,0,0,0,0,0,0,0,0,0,0,6240,6240,6240,6240,6240,6240,6240,6240,6240,6240,6240,6240,6240,6240,6240,6240,6240,6240,6240,6240,6240,6240,6240,6240,6240,6240,6240,6240,6240,6240,6240,6240,6240,6240,6240,6240,6240,6240,6240,6240,6240,6240,6240,6240,6240,6240,6240,6240,6240,6240,6240,6240,6240,6240,6240,6240,6240,6240,6240,6240,6240,6240,6240,6240,6240,6256,6256,6256,6256,6256,6256,6256,6256,6256,6256,6256,6256,6256,6256,6256,6256,6256,6256,6256,6256,6256,6256,6256,6256,6256,6256,6256,6256,6256,6256,6256,6256,6256,6256,6256,6256,6256,6256,6256,6256,6256,6256,6256,6256,6256,6256,6256,6256,6256,6256,6256,6256,6256,6256,6256,6256,6256,6256,6256,6256,6256,6256,6248,6248,6248,6248,6248,6248,6248,6248,6248,6248,6248,6248,6248,6248,6248,6248,6248,6248,6248,6248,6248,6248,6248,6248,6248,6248,6248,6248,6248,6248,6248,6248,6248,6248,6248,6248,6248,6248,6248,6248,6248,6248,6248,6248,6248,6248,6248,6248,6248,6248,6248,6248,6248,6248,6248,6248,6248,6248,6248,6248,6248,6248,6248,6248,6248,6248,6248,6240,6240,6240,6240,6240,6240,6240,6240,6240,6240,6240,6240,6240,6240,6240,6240,6240,6240,6240,6240,6240,6240,6240,6240,6240,6240,6240,6240,6240,6240,6240,6240,6240,6240,6240,6240,6240,6240,6240,6240,6240,6240,6240,6240,6240,6240,6240,6240,6240,6240,6240,6240,6240,6240,6240,6240,6240,6240,6240,6240,6264,6264,6264,6264,6264,6264,6264,6264,6264,6264,6264,6264,6264,6264,6264,6264,6264,6264,6264,6264,6264,6264,6264,6264,6264,6264,6264,6264,6264,6264,6264,6264,6264,6264,6264,6264,6264,6264,6264,6264,6264,6264,6264,6264,6264,6264,6264,6264,6264,6264,6264,6264,6264,6264,6264,6264,6264,6264,6264,6264,6264,6264,6264,6264,6264,6264,6240,6240,6240,6240,6240,6240,6240,6240,6240,6240,6240,6240,6240,6240,6240,6240,6240,6240,6240,6240,6240,6240,6240,6240,6240,6240,6240,6240,6240,6240,6240,6240,6240,6240,6240,6240,6240,6240,6240,6240,6240,6240,6240,6240,6240,6240,6240,6240,6240,6240,6240,6240,6240,6240,6240,6240,6240,6240,6240,6240,6240,6240,6240,6240,6240,6240,6264,6264,6264,6264,6264,6264,6264,6264,6264,6264,6264,6264,6264,6264,6264,6264,6264,6264,6264,6264,6264,6264,6264,6264,6264,6264,6264,6264,6264,6264,6264,6264,6264,6264,6264,6264,6264,6264,6264,6264,6264,6264,6264,6264,6264,6264,6264,6264,6264,6264,6264,6264,6264,6264,6264,6264,6264,6264,6264,6264,6264,6264,6264,6264,6264,6256,6256,6256,6256,6256,6256,6256,6256,6256,6256,6256,6256,6256,6256,6256,6256,6256,6256,6256,6256,6256,6256,6256,6256,6256,6256,6256,6256,6256,6256,6256,6256,6256,6256,6256,6256,6256,6256,6256,6256,6256,6256,6256,6256,6256,6256,6256,6256,6256,6256,6256,6256,6256,6256,6256,6256,6256,6256,6256,6256,6256,6256,6256,6256,6256,6256,6256,6256,6256,6256,6256,6256,6256,6256,6256,6256,6256,6256,6256,6256,6256,6256,6256,6256,6256,6256,6256,6256,6256,6256,6256,6256,6256,6256,6256,6256,6256,6256,6256,6256,6256,6256,6256,6256,6256,6256,6256,6256,6256,6256,6256,6256,6256,6256,6256,6256,6256,6256,6256,6256,6256,6256,6256,6256,6256,6240,6240,6240,6240,6240,6240,6240,6240,6240,6240,6240,6240,6240,6240,6240,6240,6240,6240,6240,6240,6240,6240,6240,6240
6264,6264,6264,6264,6264,6264,6264,6264,6264,6264,6264,6264,6264,6264,6264,6264,6264,6264,6264,6264,6264,6264,6264,6264,6264,6264,6264,6264,6264,6264,6264,6264,6264,6264,6264,6264,6264,6264,6264,6264,6264,6264,6264,6264,6264,6264,6264,6264,6264,6264,6264,6264,6264,6264,6264,6264,6264,6264,6264,6264,6264,6264,6264,6264,6264,6264,6264,6264,6264,6264,6264,6264,6264,6240,6240,6240,6240,6240,6240,6240,6240,6240,6240,6240,6240,6240,6240,6240,6240,6240,6240,6240,6240,6240,6240,6240,6240,6240,6240,6240,6240,6240,6240,6240,6240,6240,6240,6240,6240,6240,6240,6240,6240,6240,6240,6240,6240,6240,6240,6240,6240,6240,6240,6240,6240,6240,6240,6240,6240,6240,6240,6240,6240,6240,6240,6240,6240,6240,6240,6264,6264,6264,6264,6264,6264,6264,6264,6264,6264,6264,6264,6264,6264,6264,6264,6264,6264,6264,6264,6264,6264,6264,6264,6264,6264,6264,6264,6264,6264,6264,6264,6264,6264,6264,6264,6264,6264,6264,6264,6264,6264,6264,6264,6264,6264,6264,6264,6264,6264,6264,6264,6264,6264,6264,6264,6264,6264,6264,6264,6264,6264,6264,6240,6240,6240,6240,6240,6240,6240,6240,6240,6240,6240,6240,6240,6240,6240,6240,6240,6240,6240,6240,6240,6240,6240,6240,6240,6240,6240,6240,6240,6240,6240,6240,6240,6240,6240,6240,6240,6240,6240,6240,6240,6240,6240,6240,6240,6240,6240,6240,6240,6240,6240,6240,6240,6240,6240,6240,6240,6240,6240,6240,6240,6240,6240,6240,6240,6248,6248,6248,6248,6248,6248,6248,6248,6248,6248,6248,6248,6248,6248,6248,6248,6248,6248,6248,6248,6248,6248,6248,6248,6248,6248,6248,6248,6248,6248,6248,6248,6248,6248,6248,6248,6248,6248,6248,6248,6248,6248,6248,6248,6248,6248,6248,6248,6248,6248,6248,6248,6248,6248,6248,6248,6248,6248,6248,6248,6248,6248,6248,6240,6240,6240,6240,6240,6240,6240,6240,6240,6240,6240,6240,6240,6240,6240,6240,6240,6240,6240,6240,6240,6240,6240,6240,6240,6240,6240,6240,6240,6240,6240,6240,6240,6240,6240,6240,6240,6240,6240,6240,6240,6240,6240,6240,6240,6240,6240,6240,6240,6240,6240,6240,6240,6240,6240,6240,6240,6240,6240,6240,6240,6240,6240,6240,6240,6240,6264,6264,6264,6264,6264,6264,6264,6264,6264,6264,6264,6264,6264,6264,6264,6264,6264,6264,6264,6264,6264,6264,6264,6264,6264,6264,6264,6264,6264,6264,6264,6264,6264,6264,6264,6264,6264,6264,6264,6264,6264,6264,6264,6264,6264,6264,6264,6264,6264,6264,6264,6264,6264,6264,6264,6264,6264,6264,6264,6264,6264,6264,6264,6264,6264,6240,6240,6240,6240,6240,6240,6240,6240,6240,6240,6240,6240,6240,6240,6240,6240,6240,6240,6240,6240,6240,6240,6240,6240,6240,6240,6240,6240,6240,6240,6240,6240,6240,6240,6240,6240,6240,6240,6240,6240,6240,6240,6240,6240,6240,6240,6240,6240,6240,6240,6240,6240,6240,6240,6240,6240,6240,6240,6240,6240,6240,6240,6240,6264,6264,6264,6264,6264,6264,6264,6264,6264,6264,6264,6264,6264,6264,6264,6264,6264,6264,6264,6264,6264,6264,6264,6264,6264,6264,6264,6264,6264,6264,6264,6264,6264,6264,6264,6264,6264,6264,6264,6264,6264,6264,6264,6264,6264,6264,6264,6264,6264,6264,6264,6264,6264,6264,6264,6264,6264,6264,6264,6264,6264,6264,6264,6264,6264,6264,6248,6248,6248,6248,6248,6248,6248,6248,6248,6248,6248,6248,6248,6248,6248,6248,6248,6248,6248,6248,6248,6248,6248,6248,6248,6248,6248,6248,6248,6248,6248,6248,6248,6248,6248,6248,6248,6248,6248,6248,6248,6248,6248,6248,6248,6248,6248,6248,6248,6248
0,0,0,0,0,0,0,0,0,0,0,0,0,0,0,0,0,0,0,0,0,0,0,0,0,0,0,0,0,0,0,0,0,0,0,0,0,0,0,0,0,6256,6256,6256,6256,6256,6256,6256,6256,6256,6256,6256,6256,6256,6256,6256,6256,6256,6256,6256,6256,6256,6256,6256,6256,6256,6256,6256,6256,6256,6256,6256,6256,6256,6256,6256,6256,6256,6256,6256,6256,6256,6256,6256,6256,6256,6256,6256,6256,6256,6256,6256,6256,6256,6256,6256,6256,6256,6256,6256,6256,6256,6256,6256,6256,6256,6256,6256,6256,6256,6256,6256,6256,6256,6256,6256,6256,6256,6256,6256,6256,6256,6256,6256,6256,6256,6256,6256,6256,6256,6256,6256,6256,6256,6256,6256,6256,6256,6256,6256,6256,6256,6256,6256,6256,6256,6256,6256,6256,6256,6256,6256,6256,6256,6256,6256,6256,6256,6256,6256,6256,6256,6256,6256,6256,6256,6256,6256,6256,6256,6256,6256,6256,6256,6256,6256,6256,6256,6256,6256,6256,6256,6256,6256,6256,6256,6256,6256,6256,6256,6256,6256,6256,6256,6256,6256,6256,6256,6256,6256,6256,6256,6256,6256,6256,6256,6256,6256,6256,6256,6256,6256,6256,6256,6256,6256,6256,6256,6256,6256,6256,6256,6256,6256,6256,6256,6256,6256,6256,6256,6256,6256,6256,6256,6256,6256,6256,6248,6248,6248,6248,6248,6248,6248,6248,6248,6248,6248,6248,6248,6248,6248,6248,6248,6248,6248,6248,6248,6248,6248,6248,6248,6248,6248,6248,6248,6248,6248,6248,6248,6248,6248,6248,6248,6248,6248,6248,6248,6248,6248,6248,6248,6248,6248,6248,6248,6248,6248,6248,6248,6248,6248,6248,6248,6248,6248,6248,6248,6248,6248,6248,6248,6248,6248,6248,6248,6248,6248,6248,6248,6248,6248,6248,6248,6248,6248,6248,6248,6248,6248,6248,6248,6248,6248,6248,6248,6248,6248,6248,6248,6248,6248,6248,6248,6248,6248,6248,6248,6248,6248,6248,6248,6248,6248,6248,6248,6248,6248,6248,6248,6248,6248,6248,6248,6248,6248,6248,6248,6248,6248,6248,6248,6248,6248,6248,6264,6264,6264,6264,6264,6264,6264,6264,6264,6264,6264,6264,6264,6264,6264,6264,6264,6264,6264,6264,6264,6264,6264,6264,6264,6264,6264,6264,6264,6264,6264,6264,6264,6264,6264,6264,6264,6264,6264,6264,6264,6264,6264,6264,6264,6264,6264,6264,6264,6264,6264,6264,6264,6264,6264,6264,6264,6264,6264,6264,6264,6264,6264,6264,6264,6264,6264,6264,6264,6264,6264,6264,6264,6264,6264,6264,6264,6264,6264,6264,6264,6264,6264,6264,6264,6264,6264,6264,6264,6264,6264,6264,6264,6264,6264,6264,6264,6264,6264,6264,6264,6264,6264,6264,6264,6264,6264,6264,6264,6264,6264,6264,6264,6264,6264,6264,6264,6264,6264,6264,6264,6264,6264,6264,6264,6264,6264,6264,6264,6248,6248,6248,6248,6248,6248,6248,6248,6248,6248,6248,6248,6248,6248,6248,6248,6248,6248,6248,6248,6248,6248,6248,6248,6248,6248,6248,6248,6248,6248,6248,6248,6248,6248,6248,6248,6248,6248,6248,6248,6248,6248,6248,6248,6248,6248,6248,6248,6248,6248,6248,6248,6248,6248,6248,6248,6248,6248,6248,6248,6248,6248,6248,6248,6248,6240,6240,6240,6240,6240,6240,6240,6240,6240,6240,6240,6240,6240,6240,6240,6240,6240,6240,6240,6240,6240,6240,6240,6240,6240,6240,6240,6240,6240,6240,6240,6240,6240,6240,6240,6240,6240,6240,6240,6240,6240,6240,6240,6240,6240,6240,6240,6240,6240,6240,6240,6240,6240,6240,6240,6240,6240,6240,6240,6240,6240,6240,6240,6240,6240,6240,6240,6240,6240,6240,6240,6240,6240,6240,6240,6240,6240,6240,6240,6240,6240
6400,6400,6400,6400,6400,6400,6400,6400,6400,6400,6400,6400,6400,6400,6400,6400,6400,6400,6400,6400,6400,6400,6400,6400,6400,6400,6400,6400,6400,6400,6400,6400,6400,6400,6400,6400,6400,6400,6400,6400,6400,6400,6400,6400,6400,6400,6400,6400,6400,6400,6400,6400,6400,6400,6400,6400,6400,6400,6400,6400,6400,6400,6400,6400,6400,6400,6400,6400,6400,6408,6408,6408,6408,6408,6408,6408,6408,6408,6408,6408,6408,6408,6408,6408,6408,6408,6408,6408,6408,6408,6408,6408,6408,6408,6408,6408,6408,6408,6408,6408,6408,6408,6408,6408,6408,6408,6408,6408,6408,6408,6408,6408,6408,6408,6408,6408,6408,6408,6408,6408,6408,6408,6408,6408,6408,6408,6408,6408,6408,6408,6408,6408,6408,6408,6424,6424,6424,6424,6424,6424,6424,6424,6424,6424,6424,6424,6424,6424,6424,6424,6424,6424,6424,6424,6424,6424,6424,6424,6424,6424,6424,6424,6424,6424,6424,6424,6424,6424,6424,6424,6424,6424,6424,6424,6424,6424,6424,6424,6424,6424,6424,6424,6424,6424,6424,6424,6424,6424,6424,6424,6424,6424,6424,6424,6424,6424,6424,6424,6424,6424,6424,6424,6424,6424,6424,6424,6424,6424,6424,6424,6424,6424,6424,6424,6424,6424,6424,6424,6424,6424,6424,6424,6424,6424,6424,6424,6424,6424,6424,6424,6424,6424,6424,6424,6424,6424,6424,6424,6424,6424,6424,6424,6424,6424,6424,6424,6424,6424,6424,6424,6424,6424,6424,6424,6424,6424,6424,6424,6424,6424,6424,6424,6416,6416,6416,6416,6416,6416,6416,6416,6416,6416,6416,6416,6416,6416,6416,6416,6416,6416,6416,6416,6416,6416,6416,6416,6416,6416,6416,6416,6416,6416,6416,6416,6416,6416,6416,6416,6416,6416,6416,6416,6416,6416,6416,6416,6416,6416,6416,6416,6416,6416,6416,6416,6416,6416,6416,6416,6416,6416,6416,6416,6416,6416,6416,6416,6416,6416,6408,6408,6408,6408,6408,6408,6408,6408,6408,6408,6408,6408,6408,6408,6408,6408,6408,6408,6408,6408,6408,6408,6408,6408,6408,6408,6408,6408,6408,6408,6408,6408,6408,6408,6408,6408,6408,6408,6408,6408,6408,6408,6408,6408,6408,6408,6408,6408,6408,6408,6408,6408,6408,6408,6408,6408,6408,6408,6408,6408,6408,6408,6408,6408,6352,6352,6352,6352,6352,6352,6352,6352,6352,6352,6352,6352,6352,6352,6352,6352,6352,6352,6352,6352,6352,6352,6352,6352,6352,6352,6352,6352,6352,6352,6352,6352,6352,6352,6352,6352,6352,6352,6352,6352,6352,6352,6352,6352,6352,6352,6352,6352,6352,6352,6352,6352,6352,6352,6352,6352,6352,6352,6352,6352,6352,6352,6352,6352,6248,6248,6248,6248,6248,6248,6248,6248,6248,6248,6248,6248,6248,6248,6248,6248,6248,6248,6248,6248,6248,6248,6248,6248,6248,6248,6248,6248,6248,6248,6248,6248,6248,6248,6248,6248,6248,6248,6248,6248,6248,6248,6248,6248,6248,6248,6248,6248,6248,6248,6248,6248,6248,6248,6248,6248,6248,6248,6248,6248,6248,6248,6248,6248,6248,6248,6264,6264,6264,6264,6264,6264,6264,6264,6264,6264,6264,6264,6264,6264,6264,6264,6264,6264,6264,6264,6264,6264,6264,6264,6264,6264,6264,6264,6264,6264,6264,6264,6264,6264,6264,6264,6264,6264,6264,6264,6264,6264,6264,6264,6264,6264,6264,6264,6264,6264,6264,6264,6264,6264,6264,6264,6264,6264,6264,6264,6264,6264,6264,6264,6264,6264,6264,6264,6264,6264,6264,6264,6264,6264,6264,6264,6264,6264,6264,6264,6264,6264,6264,6264,6264,6264,6264,6264,6264,6264,6264,6264,6264,6264,6264,6264,6264,6264,6264,6264,6264,6264,6264,6264,6264,6264,6264,6264,6264,6264,6264,6264,6264,6264,6264,6264,6264,6264
0,0,0,0,0,0,0,0,0,0,0,0,0,0,0,0,0,0,0,0,0,0,0,0,0,0,0,0,0,0,0,6248,6248,6248,6248,6248,6248,6248,6248,6248,6248,6248,6248,6248,6248,6248,6248,6248,6248,6248,6248,6248,6248,6248,6248,6248,6248,6248,6248,6248,6248,6248,6248,6248,6248,6248,6248,6248,6248,6248,6248,6248,6248,6248,6248,6248,6248,6248,6248,6248,6248,6248,6248,6248,6248,6248,6248,6248,6248,6248,6248,6248,6264,6264,6264,6264,6264,6264,6264,6264,6264,6264,6264,6264,6264,6264,6264,6264,6264,6264,6264,6264,6264,6264,6264,6264,6264,6264,6264,6264,6264,6264,6264,6264,6264,6264,6264,6264,6264,6264,6264,6264,6264,6264,6264,6264,6264,6264,6264,6264,6264,6264,6264,6264,6264,6264,6264,6264,6264,6264,6264,6264,6264,6264,6264,6264,6264,6264,6264,6264,6264,6248,6248,6248,6248,6248,6248,6248,6248,6248,6248,6248,6248,6248,6248,6248,6248,6248,6248,6248,6248,6248,6248,6248,6248,6248,6248,6248,6248,6248,6248,6248,6248,6248,6248,6248,6248,6248,6248,6248,6248,6248,6248,6248,6248,6248,6248,6248,6248,6248,6248,6248,6248,6248,6248,6248,6248,6248,6248,6248,6248,6248,6248,6248,6248,6248,6248,6264,6264,6264,6264,6264,6264,6264,6264,6264,6264,6264,6264,6264,6264,6264,6264,6264,6264,6264,6264,6264,6264,6264,6264,6264,6264,6264,6264,6264,6264,6264,6264,6264,6264,6264,6264,6264,6264,6264,6264,6264,6264,6264,6264,6264,6264,6264,6264,6264,6264,6264,6264,6264,6264,6264,6264,6264,6264,6264,6264,6264,6264,6264,6248,6248,6248,6248,6248,6248,6248,6248,6248,6248,6248,6248,6248,6248,6248,6248,6248,6248,6248,6248,6248,6248,6248,6248,6248,6248,6248,6248,6248,6248,6248,6248,6248,6248,6248,6248,6248,6248,6248,6248,6248,6248,6248,6248,6248,6248,6248,6248,6248,6248,6248,6248,6248,6248,6248,6248,6248,6248,6248,6248,6248,6248,6248,6248,6248,6248,6248,6248,6248,6248,6248,6248,6248,6248,6248,6248,6248,6248,6248,6248,6248,6248,6248,6248,6248,6248,6248,6248,6248,6248,6248,6248,6248,6248,6248,6248,6248,6248,6248,6248,6248,6248,6248,6248,6248,6248,6248,6248,6248,6248,6248,6248,6248,6248,6248,6248,6248,6248,6248,6248,6248,6248,6248,6248,6248,6248,6248,6248,6248,6248,6256,6256,6256,6256,6256,6256,6256,6256,6256,6256,6256,6256,6256,6256,6256,6256,6256,6256,6256,6256,6256,6256,6256,6256,6256,6256,6256,6256,6256,6256,6256,6256,6256,6256,6256,6256,6256,6256,6256,6256,6256,6256,6256,6256,6256,6256,6256,6256,6256,6256,6256,6256,6256,6256,6256,6256,6256,6256,6256,6256,6256,6256,6256,6256,6256,6248,6248,6248,6248,6248,6248,6248,6248,6248,6248,6248,6248,6248,6248,6248,6248,6248,6248,6248,6248,6248,6248,6248,6248,6248,6248,6248,6248,6248,6248,6248,6248,6248,6248,6248,6248,6248,6248,6248,6248,6248,6248,6248,6248,6248,6248,6248,6248,6248,6248,6248,6248,6248,6248,6248,6248,6248,6248,6248,6248,6248,6248,6240,6240,6240,6240,6240,6240,6240,6240,6240,6240,6240,6240,6240,6240,6240,6240,6240,6240,6240,6240,6240,6240,6240,6240,6240,6240,6240,6240,6240,6240,6240,6240,6240,6240,6240,6240,6240,6240,6240,6240,6240,6240,6240,6240,6240,6240,6240,6240,6240,6240,6240,6240,6240,6240,6240,6240,6240,6240,6240,6240,6240,6240,6240,6264,6264,6264,6264,6264,6264,6264,6264,6264,6264,6264,6264,6264,6264,6264,6264,6264,6264,6264,6264,6264,6264,6264,6264,6264,6264,6264,6264,6264,6264
0,0,0,0,0,0,0,0,0,0,0,0,0,0,0,0,0,0,0,0,0,0,0,0,0,0,0,0,0,0,0,0,0,0,0,0,0,0,0,0,0,0,0,0,0,0,0,0,0,0,0,0,0,0,0,0,0,0,0,0,0,0,0,0,6160,6160,6160,6160,6160,6160,6160,6160,6160,6160,6160,6160,6160,6160,6160,6160,6160,6160,6160,6160,6160,6160,6160,6160,6160,6160,6160,6160,6160,6160,6160,6160,6160,6160,6160,6160,6160,6160,6160,6160,6160,6160,6160,6160,6160,6160,6160,6160,6160,6160,6160,6160,6160,6160,6160,6160,6160,6160,6160,6160,6160,6160,6160,6152,6152,6152,6152,6152,6152,6152,6152,6152,6152,6152,6152,6152,6152,6152,6152,6152,6152,6152,6152,6152,6152,6152,6152,6152,6152,6152,6152,6152,6152,6152,6152,6152,6152,6152,6152,6152,6152,6152,6152,6152,6152,6152,6152,6152,6152,6152,6152,6152,6152,6152,6152,6152,6152,6152,6152,6152,6152,6152,6152,6152,6152,6152,6152,6152,6152,6152,6152,6152,6152,6152,6152,6152,6152,6152,6152,6152,6152,6152,6152,6152,6152,6152,6152,6152,6152,6152,6152,6152,6152,6152,6152,6152,6152,6152,6152,6152,6152,6152,6152,6152,6152,6152,6152,6152,6152,6152,6152,6152,6152,6152,6152,6152,6152,6152,6152,6152,6152,6152,6152,6152,6152,6152,6152,6152,6152,6152,6152,6152,6168,6168,6168,6168,6168,6168,6168,6168,6168,6168,6168,6168,6168,6168,6168,6168,6168,6168,6168,6168,6168,6168,6168,6168,6168,6168,6168,6168,6168,6168,6168,6168,6168,6168,6168,6168,6168,6168,6168,6168,6168,6168,6168,6168,6168,6168,6168,6168,6168,6168,6168,6168,6168,6168,6168,6168,6168,6168,6168,6168,6168,6168,6168,6168,6168,6168,6168,6168,6168,6168,6168,6168,6168,6168,6168,6168,6168,6168,6168,6168,6168,6168,6168,6168,6168,6168,6168,6168,6168,6168,6168,6168,6168,6168,6168,6168,6168,6168,6168,6168,6168,6168,6168,6168,6168,6168,6168,6168,6168,6168,6168,6168,6168,6168,6168,6168,6168,6168,6168,6168,6168,6168,6168,6168,6168,6168,6168,6168,6168,6160,6160,6160,6160,6160,6160,6160,6160,6160,6160,6160,6160,6160,6160,6160,6160,6160,6160,6160,6160,6160,6160,6160,6160,6160,6160,6160,6160,6160,6160,6160,6160,6160,6160,6160,6160,6160,6160,6160,6160,6160,6160,6160,6160,6160,6160,6160,6160,6160,6160,6160,6160,6160,6160,6160,6160,6160,6160,6160,6160,6160,6160,6160,6160,6160,6160,6160,6160,6160,6160,6160,6160,6160,6160,6160,6160,6160,6160,6160,6160,6160,6160,6160,6160,6160,6160,6160,6160,6160,6160,6160,6160,6160,6160,6160,6160,6160,6160,6160,6160,6160,6160,6160,6160,6160,6160,6160,6160,6160,6160,6160,6160,6160,6160,6160,6160,6160,6160,6160,6160,6160,6160,6160,6160,6160,6160,6160,6160,6160,6144,6144,6144,6144,6144,6144,6144,6144,6144,6144,6144,6144,6144,6144,6144,6144,6144,6144,6144,6144,6144,6144,6144,6144,6144,6144,6144,6144,6144,6144,6144,6144,6144,6144,6144,6144,6144,6144,6144,6144,6144,6144,6144,6144,6144,6144,6144,6144,6144,6144,6144,6144,6144,6144,6144,6144,6144,6144,6144,6144,6144,6144,6144,6144,6144,6144,6168,6168,6168,6168,6168,6168,6168,6168,6168,6168,6168,6168,6168,6168,6168,6168,6168,6168,6168,6168,6168,6168,6168,6168,6168,6168,6168,6168,6168,6168,6168,6168,6168,6168,6168,6168,6168,6168,6168,6168,6168,6168,6168,6168,6168,6168,6168,6168,6168,6168,6168,6168,6168,6168,6168,6168,6168,6168,6168,6168
0,0,0,0,0,0,0,0,0,0,0,0,0,0,0,0,0,0,0,0,0,0,0,0,0,0,0,0,6200,6200,6200,6200,6200,6200,6200,6200,6200,6200,6200,6200,6200,6200,6200,6200,6200,6200,6200,6200,6200,6200,6200,6200,6200,6200,6200,6200,6200,6200,6200,6200,6200,6200,6200,6200,6200,6200,6200,6200,6200,6200,6200,6200,6200,6200,6200,6200,6200,6200,6200,6200,6200,6200,6200,6200,6200,6200,6200,6200,6200,6200,6200,6200,6200,6200,6200,6200,6200,6200,6192,6192,6192,6192,6192,6192,6192,6192,6192,6192,6192,6192,6192,6192,6192,6192,6192,6192,6192,6192,6192,6192,6192,6192,6192,6192,6192,6192,6192,6192,6192,6192,6192,6192,6192,6192,6192,6192,6192,6192,6192,6192,6192,6192,6192,6192,6192,6192,6192,6192,6192,6192,6192,6192,6192,6192,6192,6192,6192,6192,6192,6192,6192,6192,6200,6200,6200,6200,6200,6200,6200,6200,6200,6200,6200,6200,6200,6200,6200,6200,6200,6200,6200,6200,6200,6200,6200,6200,6200,6200,6200,6200,6200,6200,6200,6200,6200,6200,6200,6200,6200,6200,6200,6200,6200,6200,6200,6200,6200,6200,6200,6200,6200,6200,6200,6200,6200,6200,6200,6200,6200,6200,6200,6200,6200,6200,6200,6200,6192,6192,6192,6192,6192,6192,6192,6192,6192,6192,6192,6192,6192,6192,6192,6192,6192,6192,6192,6192,6192,6192,6192,6192,6192,6192,6192,6192,6192,6192,6192,6192,6192,6192,6192,6192,6192,6192,6192,6192,6192,6192,6192,6192,6192,6192,6192,6192,6192,6192,6192,6192,6192,6192,6192,6192,6192,6192,6192,6192,6192,6192,6192,6192,6192,6200,6200,6200,6200,6200,6200,6200,6200,6200,6200,6200,6200,6200,6200,6200,6200,6200,6200,6200,6200,6200,6200,6200,6200,6200,6200,6200,6200,6200,6200,6200,6200,6200,6200,6200,6200,6200,6200,6200,6200,6200,6200,6200,6200,6200,6200,6200,6200,6200,6200,6200,6200,6200,6200,6200,6200,6200,6200,6200,6200,6200,6200,6200,6200,6176,6176,6176,6176,6176,6176,6176,6176,6176,6176,6176,6176,6176,6176,6176,6176,6176,6176,6176,6176,6176,6176,6176,6176,6176,6176,6176,6176,6176,6176,6176,6176,6176,6176,6176,6176,6176,6176,6176,6176,6176,6176,6176,6176,6176,6176,6176,6176,6176,6176,6176,6176,6176,6176,6176,6176,6176,6176,6176,6176,6176,6176,6176,6176,6176,6192,6192,6192,6192,6192,6192,6192,6192,6192,6192,6192,6192,6192,6192,6192,6192,6192,6192,6192,6192,6192,6192,6192,6192,6192,6192,6192,6192,6192,6192,6192,6192,6192,6192,6192,6192,6192,6192,6192,6192,6192,6192,6192,6192,6192,6192,6192,6192,6192,6192,6192,6192,6192,6192,6192,6192,6192,6192,6192,6192,6192,6192,6192,6192,6192,6176,6176,6176,6176,6176,6176,6176,6176,6176,6176,6176,6176,6176,6176,6176,6176,6176,6176,6176,6176,6176,6176,6176,6176,6176,6176,6176,6176,6176,6176,6176,6176,6176,6176,6176,6176,6176,6176,6176,6176,6176,6176,6176,6176,6176,6176,6176,6176,6176,6176,6176,6176,6176,6176,6176,6176,6176,6176,6176,6176,6176,6176,6176,6176,6184,6184,6184,6184,6184,6184,6184,6184,6184,6184,6184,6184,6184,6184,6184,6184,6184,6184,6184,6184,6184,6184,6184,6184,6184,6184,6184,6184,6184,6184,6184,6184,6184,6184,6184,6184,6184,6184,6184,6184,6184,6184,6184,6184,6184,6184,6184,6184,6184,6184,6184,6184,6184,6184,6184,6184,6184,6184,6184,6184,6184,6184,6184,6184,6184,6184,6184,6184,6184,6184,6184,6184,6184,6184,6184,6184,6184,6184,6184,6184,6184,6184,6184,6184,6184,6184,6184,6184,6184,6184,6184
6264,6264,6264,6264,6264,6264,6264,6264,6264,6264,6264,6264,6264,6264,6264,6264,6264,6264,6264,6264,6264,6264,6264,6264,6264,6264,6264,6264,6264,6264,6264,6264,6264,6264,6264,6264,6264,6264,6264,6264,6264,6264,6264,6264,6264,6264,6264,6264,6264,6264,6264,6264,6264,6264,6264,6264,6264,6264,6264,6264,6264,6264,6264,6264,6264,6264,6264,6240,6240,6240,6240,6240,6240,6240,6240,6240,6240,6240,6240,6240,6240,6240,6240,6240,6240,6240,6240,6240,6240,6240,6240,6240,6240,6240,6240,6240,6240,6240,6240,6240,6240,6240,6240,6240,6240,6240,6240,6240,6240,6240,6240,6240,6240,6240,6240,6240,6240,6240,6240,6240,6240,6240,6240,6240,6240,6240,6240,6240,6240,6240,6240,6240,6264,6264,6264,6264,6264,6264,6264,6264,6264,6264,6264,6264,6264,6264,6264,6264,6264,6264,6264,6264,6264,6264,6264,6264,6264,6264,6264,6264,6264,6264,6264,6264,6264,6264,6264,6264,6264,6264,6264,6264,6264,6264,6264,6264,6264,6264,6264,6264,6264,6264,6264,6264,6264,6264,6264,6264,6264,6264,6264,6264,6264,6264,6264,6264,6264,6248,6248,6248,6248,6248,6248,6248,6248,6248,6248,6248,6248,6248,6248,6248,6248,6248,6248,6248,6248,6248,6248,6248,6248,6248,6248,6248,6248,6248,6248,6248,6248,6248,6248,6248,6248,6248,6248,6248,6248,6248,6248,6248,6248,6248,6248,6248,6248,6248,6248,6248,6248,6248,6248,6248,6248,6248,6248,6248,6256,6256,6256,6256,6256,6256,6256,6256,6256,6256,6256,6256,6256,6256,6256,6256,6256,6256,6256,6256,6256,6256,6256,6256,6256,6256,6256,6256,6256,6256,6256,6256,6256,6256,6256,6256,6256,6256,6256,6256,6256,6256,6256,6256,6256,6256,6256,6256,6256,6256,6256,6256,6256,6256,6256,6256,6256,6256,6256,6256,6256,6256,6256,6256,6256,6256,6256,6256,6256,6264,6264,6264,6264,6264,6264,6264,6264,6264,6264,6264,6264,6264,6264,6264,6264,6264,6264,6264,6264,6264,6264,6264,6264,6264,6264,6264,6264,6264,6264,6264,6264,6264,6264,6264,6264,6264,6264,6264,6264,6264,6264,6264,6264,6264,6264,6264,6264,6264,6264,6264,6264,6264,6264,6264,6264,6264,6264,6264,6264,6264,6264,6264,6264,6264,6248,6248,6248,6248,6248,6248,6248,6248,6248,6248,6248,6248,6248,6248,6248,6248,6248,6248,6248,6248,6248,6248,6248,6248,6248,6248,6248,6248,6248,6248,6248,6248,6248,6248,6248,6248,6248,6248,6248,6248,6248,6248,6248,6248,6248,6248,6248,6248,6248,6248,6248,6248,6248,6248,6248,6248,6248,6248,6248,6248,6248,6248,6248,6248,6240,6240,6240,6240,6240,6240,6240,6240,6240,6240,6240,6240,6240,6240,6240,6240,6240,6240,6240,6240,6240,6240,6240,6240,6240,6240,6240,6240,6240,6240,6240,6240,6240,6240,6240,6240,6240,6240,6240,6240,6240,6240,6240,6240,6240,6240,6240,6240,6240,6240,6240,6240,6240,6240,6240,6240,6240,6240,6240,6240,6240,6240,6240,6240,6240,6240,6240,6240,6240,6240,6240,6240,6240,6240,6240,6240,6240,6240,6240,6240,6240,6240,6240,6240,6240,6240,6240,6240,6240,6240,6240,6240,6240,6240,6240,6240,6240,6240,6240,6240,6240,6240,6240,6240,6240,6240,6240,6240,6240,6240,6240,6240,6240,6240,6240,6240,6240,6240,6240,6240,6240,6240,6240,6240,6240,6240,6240,6240,6240,6240,6256,6256,6256,6256,6256,6256,6256,6256,6256,6256,6256,6256,6256,6256,6256,6256,6256,6256,6256,6256,6256,6256,6256,6256,6256,6256,6256,6256,6256,6256,6256,6256,6256,6256,6256,6256,6256,6256,6256,6256,6256,6256,6256,6256,6256,6256,6256,6256,6256,6256,6256,6256,6256,6256,6256,6256
0,0,0,0,0,0,0,0,0,0,0,0,0,0,0,0,0,0,0,0,0,0,0,0,0,0,0,0,0,0,0,0,0,0,0,0,0,0,0,0,0,0,6328,6328,6328,6328,6328,6328,6328,6328,6328,6328,6328,6328,6328,6328,6328,6328,6328,6328,6328,6328,6328,6328,6328,6328,6328,6328,6328,6328,6328,6328,6328,6328,6328,6328,6328,6328,6328,6328,6328,6328,6328,6328,6328,6328,6328,6328,6328,6328,6328,6328,6328,6328,6328,6328,6328,6328,6328,6328,6328,6328,6328,6328,6328,6328,6328,6328,6312,6312,6312,6312,6312,6312,6312,6312,6312,6312,6312,6312,6312,6312,6312,6312,6312,6312,6312,6312,6312,6312,6312,6312,6312,6312,6312,6312,6312,6312,6312,6312,6312,6312,6312,6312,6312,6312,6312,6312,6312,6312,6312,6312,6312,6312,6312,6312,6312,6312,6312,6312,6312,6312,6312,6312,6312,6312,6312,6312,6312,6312,6312,6312,6328,6328,6328,6328,6328,6328,6328,6328,6328,6328,6328,6328,6328,6328,6328,6328,6328,6328,6328,6328,6328,6328,6328,6328,6328,6328,6328,6328,6328,6328,6328,6328,6328,6328,6328,6328,6328,6328,6328,6328,6328,6328,6328,6328,6328,6328,6328,6328,6328,6328,6328,6328,6328,6328,6328,6328,6328,6328,6328,6328,6328,6328,6328,6328,6312,6312,6312,6312,6312,6312,6312,6312,6312,6312,6312,6312,6312,6312,6312,6312,6312,6312,6312,6312,6312,6312,6312,6312,6312,6312,6312,6312,6312,6312,6312,6312,6312,6312,6312,6312,6312,6312,6312,6312,6312,6312,6312,6312,6312,6312,6312,6312,6312,6312,6312,6312,6312,6312,6312,6312,6312,6312,6312,6312,6312,6312,6312,6312,6320,6320,6320,6320,6320,6320,6320,6320,6320,6320,6320,6320,6320,6320,6320,6320,6320,6320,6320,6320,6320,6320,6320,6320,6320,6320,6320,6320,6320,6320,6320,6320,6320,6320,6320,6320,6320,6320,6320,6320,6320,6320,6320,6320,6320,6320,6320,6320,6320,6320,6320,6320,6320,6320,6320,6320,6320,6320,6320,6320,6320,6320,6320,6320,6320,6312,6312,6312,6312,6312,6312,6312,6312,6312,6312,6312,6312,6312,6312,6312,6312,6312,6312,6312,6312,6312,6312,6312,6312,6312,6312,6312,6312,6312,6312,6312,6312,6312,6312,6312,6312,6312,6312,6312,6312,6312,6312,6312,6312,6312,6312,6312,6312,6312,6312,6312,6312,6312,6312,6312,6312,6312,6312,6312,6312,6312,6312,6312,6312,6312,6312,6312,6312,6312,6312,6312,6312,6312,6312,6312,6312,6312,6312,6312,6312,6312,6312,6312,6312,6312,6312,6312,6312,6312,6312,6312,6312,6312,6312,6312,6312,6312,6312,6312,6312,6312,6312,6312,6312,6312,6312,6312,6312,6312,6312,6312,6312,6312,6312,6312,6312,6312,6312,6312,6312,6312,6312,6312,6312,6312,6312,6312,6312,6328,6328,6328,6328,6328,6328,6328,6328,6328,6328,6328,6328,6328,6328,6328,6328,6328,6328,6328,6328,6328,6328,6328,6328,6328,6328,6328,6328,6328,6328,6328,6328,6328,6328,6328,6328,6328,6328,6328,6328,6328,6328,6328,6328,6328,6328,6328,6328,6328,6328,6328,6328,6328,6328,6328,6328,6328,6328,6328,6328,6328,6328,6328,6328,6328,6312,6312,6312,6312,6312,6312,6312,6312,6312,6312,6312,6312,6312,6312,6312,6312,6312,6312,6312,6312,6312,6312,6312,6312,6312,6312,6312,6312,6312,6312,6312,6312,6312,6312,6312,6312,6312,6312,6312,6312,6312,6312,6312,6312,6312,6312,6312,6312,6312,6312,6312,6312,6312,6312,6312,6312,6312,6312,6312,6312,6312,6312,6312,6312,6312,6312,6304,6304,6304,6304,6304,6304,6304,6304,6304,6304,6304,6304,6304,6304,6304,6304
0,0,0,0,0,0,0,0,0,0,0,0,0,0,0,0,0,0,0,0,6304,6304,6304,6304,6304,6304,6304,6304,6304,6304,6304,6304,6304,6304,6304,6304,6304,6304,6304,6304,6304,6304,6304,6304,6304,6304,6304,6304,6304,6304,6304,6304,6304,6304,6304,6304,6304,6304,6304,6304,6304,6304,6304,6304,6304,6304,6304,6304,6304,6304,6304,6304,6304,6304,6304,6304,6304,6304,6304,6304,6304,6304,6304,6304,6312,6312,6312,6312,6312,6312,6312,6312,6312,6312,6312,6312,6312,6312,6312,6312,6312,6312,6312,6312,6312,6312,6312,6312,6312,6312,6312,6312,6312,6312,6312,6312,6312,6312,6312,6312,6312,6312,6312,6312,6312,6312,6312,6312,6312,6312,6312,6312,6312,6312,6312,6312,6312,6312,6312,6312,6312,6312,6312,6312,6312,6312,6312,6312,6312,6320,6320,6320,6320,6320,6320,6320,6320,6320,6320,6320,6320,6320,6320,6320,6320,6320,6320,6320,6320,6320,6320,6320,6320,6320,6320,6320,6320,6320,6320,6320,6320,6320,6320,6320,6320,6320,6320,6320,6320,6320,6320,6320,6320,6320,6320,6320,6320,6320,6320,6320,6320,6320,6320,6320,6320,6320,6320,6320,6320,6320,6320,6320,6320,6320,6312,6312,6312,6312,6312,6312,6312,6312,6312,6312,6312,6312,6312,6312,6312,6312,6312,6312,6312,6312,6312,6312,6312,6312,6312,6312,6312,6312,6312,6312,6312,6312,6312,6312,6312,6312,6312,6312,6312,6312,6312,6312,6312,6312,6312,6312,6312,6312,6312,6312,6312,6328,6328,6328,6328,6328,6328,6328,6328,6328,6328,6328,6328,6328,6328,6328,6328,6328,6328,6328,6328,6328,6328,6328,6328,6328,6328,6328,6328,6328,6328,6328,6328,6328,6328,6328,6328,6328,6328,6328,6328,6328,6328,6328,6328,6328,6328,6328,6328,6328,6328,6328,6328,6328,6328,6328,6328,6328,6328,6328,6328,6328,6328,6328,6328,6328,6328,6328,6328,6328,6328,6328,6328,6328,6328,6328,6328,6328,6328,6328,6328,6328,6328,6328,6328,6328,6328,6328,6328,6328,6328,6328,6328,6328,6328,6328,6328,6328,6328,6328,6328,6328,6328,6328,6328,6328,6328,6328,6328,6328,6328,6328,6328,6328,6328,6328,6328,6328,6328,6328,6328,6328,6328,6328,6328,6328,6328,6328,6328,6328,6328,6328,6328,6328,6328,6328,6328,6328,6328,6312,6312,6312,6312,6312,6312,6312,6312,6312,6312,6312,6312,6312,6312,6312,6312,6312,6312,6312,6312,6312,6312,6312,6312,6312,6312,6312,6312,6312,6312,6312,6312,6312,6312,6312,6312,6312,6312,6312,6312,6312,6312,6312,6312,6312,6312,6312,6312,6312,6312,6312,6312,6312,6312,6312,6312,6312,6312,6312,6312,6312,6312,6312,6312,6312,6312,6312,6312,6312,6328,6328,6328,6328,6328,6328,6328,6328,6328,6328,6328,6328,6328,6328,6328,6328,6328,6328,6328,6328,6328,6328,6328,6328,6328,6328,6328,6328,6328,6328,6328,6328,6328,6328,6328,6328,6328,6328,6328,6328,6328,6328,6328,6328,6328,6328,6328,6328,6328,6328,6328,6328,6328,6328,6328,6328,6328,6328,6328,6328,6328,6328,6328,6328,6328,6328,6328,6328,6328,6328,6328,6328,6328,6328,6328,6328,6328,6328,6328,6328,6328,6328,6328,6328,6328,6328,6328,6328,6328,6328,6328,6328,6328,6328,6328,6328,6328,6328,6328,6328,6328,6328,6328,6328,6328,6328,6328,6328,6328,6328,6328,6328,6328,6328,6328,6328,6328,6328,6328,6328,6328,6312,6312,6312,6312,6312,6312,6312,6312,6312,6312,6312,6312,6312,6312,6312,6312,6312,6312,6312,6312,6312,6312,6312,6312,6312,6312,6312,6312,6312,6312,6312,6312,6312,6312,6312,6312,6312,6312,6312,6312,6312,6312,6312,6312,6312,6312,6312
