-368,-368,-368,-368,-368,-368,-368,-368,-369,-369,-369,-374,-349,-369,-334,-322,-305,-301,-346,-343,-299,-313,-313,-325,-330,-332,-309,-306,-314,-354,-405,-375,-375,-294,-331,-325,-296,-333,-333,-347,-282,-282,-282,-282,-282,-232,-232,-232,-232,-232,-232,-232,-232,-204,-204,-160,-193,-193,-153,-159,-150,-102,-102,-102,-112,-112,-112,-112,-94,-94,-94,-94,-73,-79,-79,-86,-96,-129,-129,-68,-68,-75,-81,-32,-100,-100,-90,-90,-90,-90,-90,-90,-104,-64,-62,-32,-44,-38,5,5,-108,-108,-80,-8,-8,-8,-8,17,-16,-16,-16,-16,-16,-2,62,70,19,-1,-2,23,78,76,31,18,39,86,127,116,82,67,57,51,65,65,65,103,131,146,158,126,126,86,111,87,87,167,167,144,148,148,153,142,142,142,125,125,197,197,103,80,149,149,149,137,168,130,158,158,158,158,161,170,167,167,184,184,169,177,182,146,146,142,142,176,161,204,236,206,182,182,160,160,160,160,160,160,231,184,89,109,170,170,191,183,172,170,170,105,150,148,184,184,184,203,141,121,161,155,162,177,187,205,188,155,155,181,163,142,109,135,163,145,163,210,154,71,71,71,104,116,115,159,131,112,112,112,90,120,133,119,144,176,176,73,83,112,112,131,131,146,160,113,66,78,107,119,124,124,111,111,111,111,114,114,114,114,59,111,108,94,79,79,87,97,70,101,85,87,110,92,94,77,49,24,26,51,87,86,77,77,77,77,103,81,82,82,82,73,64,93,110,87,61,61,43,60,88,64,91,87,39,6,15,39,51,51,87,87,87,-4,-4,22,40,60,98,113,113,41,31,31,25,69,87,68,68,63,25,6,37,59,59,69,69,26,7,6,4,17,17,32,16,49,61,10,10,-2,26,26,32,-37,-37,-8,20,-18,-5,-10,-22,-10,36,42,-32,-68,-22,15,-4,-18,24,37,37,-62,-28,-2,-2,0,0,24,24,-25,-44,-33,-33,-33,-29,-16,24,-28,-28,-41,-41,-5,26,26,-20,-60,-8,-22,-22,-55,-18,-13,-5,13,-5,-18,-41,-41,-41,-57,-23,-8,-5,-5,-16,-36,-63,-66,-34,-11,-36,-12,55,3,-97,-97,-79,-9,-8,-3,20,20,-51,-130,-130,-95,-18,-18,-18,-18,-18,-18,-38,-44,-44,-44,-2,-2,-2,-2,-7,-44,-63,-63,-8,-69,-62,-19,-19,-43,-29,-29,-29,-29,-29,-29,-29,-29,-93,-93,-77,-64,-84,-75,-42,-44,-40,-43,-88,-117,-75,-79,-79,-79,-95,-19,-19,-19,-102,-52,-52,-46,-46,-46,-46,-45,-45,-45,-45,-45,-45,-45,-45,-58,-78,-88,-98,-80,-44,-56,-80,-52,-52,-45,-171,-138,-138,-108,-114,-24,-79,-111,-127,-137,-137,-137,-137,-137,-47,-47,-141,-86,-100,-159,-133,-133,-110,-94,-57,-88,-115,-85,-85,-85,-85,-85,-85,-85,-85,-85,-205,-205,-106,-106,-111,-111,-97,-94,-161,-185,-146,-146,-146,-116,-85,-85,-79,-106,-133,-133,-152,-113,-79,-97,-76,-61,-122,-154,-119,-119,-123,-123,-123,-123,-123,-123,-123,-123,-57,-55,-60,-60,-74,-75,-79,-112,-100,-67,-50,-52,-90,-84,-57,-115,-115,-143,-104,-100,-100,-89,-89,-89,-86,-134,-127,-127,-127,-144,-144,-144,-144,-144
-54,-101,-58,-23,-39,-30,-15,-43,-47,-14,-29,-82,-82,-41,-44,-62,-39,-35,-35,-118,-118,-62,-70,-72,-72,-72,-74,-70,-93,-134,-107,-89,-79,-65,-74,-74,-50,-66,-102,-118,-118,-126,-124,-99,-69,-53,-90,-95,-102,-98,-64,-58,-42,-18,-56,-82,-77,-110,-110,-74,-52,-68,-52,-35,-35,-79,-122,-106,-57,-57,-70,-110,-55,-94,-94,-83,-57,-66,-101,-58,-60,-61,-83,-92,-92,-92,-92,-93,-93,-93,-93,-93,-67,-94,-112,-108,-108,-108,-84,-84,-61,-107,-122,-98,-107,-106,-106,-69,-96,-72,-59,-105,-128,-75,-75,-109,-109,-109,-88,-135,-135,-135,-69,-69,-69,-33,-33,-134,-151,-99,-99,-94,-69,-92,-92,-92,-75,-75,-75,-75,-75,-75,-74,-135,-132,-89,-86,-86,-86,-83,-83,-83,-83,-141,-38,-73,-84,-85,-104,-104,-59,-59,-59,-59,-104,-104,-104,-108,-108,-108,-140,-115,-95,-139,-140,-89,-89,-82,-125,-125,-72,-117,-117,-117,-117,-113,-103,-114,-108,-119,-147,-147,-127,-101,-109,-120,-139,-181,-155,-102,-110,-125,-85,-85,-76,-54,-86,-153,-145,-95,-91,-113,-113,-100,-100,-100,-114,-84,-113,-142,-123,-95,-95,-120,-120,-120,-113,-112,-100,-117,-117,-117,-142,-155,-120,-120,-109,-109,-109,-93,-155,-165,-142,-114,-112,-79,-87,-157,-183,-183,-183,-123,-135,-120,-120,-103,-127,-127,-173,-204,-204,-140,-145,-130,-146,-123,-113,-189,-230,-182,-182,-184,-172,-128,-128,-216,-216,-216,-216,-171,-161,-179,-213,-200,-164,-172,-169,-152,-152,-152,-152,-152,-199,-199,-199,-185,-199,-174,-160,-170,-139,-139,-202,-205,-152,-156,-183,-154,-136,-179,-222,-218,-218,-218,-172,-172,-172,-152,-129,-196,-196,-246,-209,-199,-188,-155,-123,-175,-175,-175,-215,-194,-194,-201,-187,-169,-139,-139,-173,-183,-183,-183,-138,-153,-154,-169,-169,-169,-198,-199,-191,-201,-186,-157,-150,-99,-107,-205,-189,-155,-131,-109,-76,-55,-55,-55,-55,-98,-94,-94,-94,-94,-100,-85,-76,-118,-118,-142,-142,-94,-112,-86,-73,-73,-163,-163,-163,-163,-163,-104,-123,-75,-75,-75,-136,-136,-136,-183,-183,-110,-116,-116,-107,-107,-107,-107,-163,-163,-95,-95,-95,-95,-95,-95,-160,-160,-160,-160,-126,-131,-110,-103,-103,-103,-57,-112,-140,-88,-46,-68,-87,-73,-84,-110,-110,-99,-99,-92,-92,-92,-106,-106,-108,-132,-98,-41,-73,-73,-137,-137,-95,-114,-114,-114,-72,-104,-104,-104,-104,-104,-104,-104,-80,-106,-118,-68,-68,-53,-88,-88,-88,-88,-88,-88,-93,-112,-112,-112,-112,-112,-117,-101,-97,-63,-62,-134,-163,-129,-118,-116,-101,-110,-110,-80,-90,-139,-139,-156,-123,-123,-109,-128,-129,-108,-108,-126,-148,-132,-131,-150,-94,-94,-120,-126,-155,-158,-124,-109,-140,-145,-106,-99,-102,-102,-92,-154,-154,-154,-135,-135,-128,-104,-109,-105,-122,-155,-155,-111,-111,-111,-85,-85,-85,-85,-85,-209,-116,-93,-128,-130,-134,-134,-81,-101,-170,-186,-186,-104,-104,-104,-141,-141,-129,-129,-142,-142,-142,-142,-142,-141,-141,-141,-141,-141,-100,-114,-144,-156,-156,-127,-139,-139,-139,-119,-119,-119,-119,-119,-119,-119,-171,-171,-171,-141,-113,-105,-105,-79,-115,-152,-153,-134,-120,-118,-117,-117,-74,-97,-151,-144,-119,-138,-138,-144,-111,-111,-126,-126,-101,-119,-161,-134,-105,-112,-112,-89,-113,-122,-132,-140,-140,-138,-107,-97,-86,-86,-73,-87,-59,-101
-176,-176,-176,-176,-176,-176,-176,-176,-176,-176,-157,-157,-157,-157,-180,-200,-218,-218,-207,-167,-167,-167,-130,-136,-136,-193,-159,-159,-159,-159,-159,-159,-133,-173,-217,-217,-168,-168,-168,-168,-130,-141,-223,-237,-192,-192,-168,-168,-168,-149,-114,-230,-202,-173,-161,-161,-161,-158,-158,-170,-217,-207,-176,-158,-159,-150,-129,-129,-129,-164,-204,-204,-185,-160,-131,-195,-172,-157,-182,-183,-158,-138,-131,-140,-152,-183,-212,-204,-187,-169,-137,-137,-150,-155,-180,-180,-197,-176,-155,-155,-140,-140,-162,-162,-162,-128,-128,-128,-128,-194,-194,-136,-136,-226,-226,-180,-169,-189,-168,-162,-170,-178,-176,-186,-215,-217,-180,-164,-190,-206,-206,-197,-189,-216,-203,-183,-220,-245,-245,-180,-177,-175,-169,-142,-142,-175,-183,-161,-161,-177,-164,-164,-164,-136,-136,-148,-177,-135,-158,-157,-157,-127,-194,-194,-176,-142,-144,-166,-147,-147,-129,-162,-164,-174,-170,-151,-151,-173,-140,-177,-226,-226,-199,-163,-160,-156,-156,-164,-183,-195,-204,-204,-224,-204,-172,-179,-223,-232,-192,-153,-172,-222,-231,-231,-203,-189,-189,-189,-189,-221,-208,-208,-208,-182,-198,-166,-161,-208,-206,-184,-191,-172,-172,-128,-203,-203,-206,-206,-206,-184,-184,-184,-184,-184,-161,-161,-161,-161,-161,-208,-204,-157,-159,-159,-159,-190,-160,-157,-157,-203,-204,-160,-185,-158,-133,-133,-179,-189,-218,-207,-180,-178,-178,-178,-161,-161,-195,-195,-170,-182,-182,-200,-188,-188,-203,-216,-214,-181,-183,-176,-186,-225,-237,-203,-183,-183,-196,-199,-195,-195,-189,-174,-163,-169,-191,-204,-185,-169,-188,-188,-206,-198,-175,-197,-206,-201,-225,-217,-153,-146,-146,-146,-184,-222,-260,-226,-226,-175,-186,-166,-146,-161,-219,-248,-218,-218,-202,-189,-169,-169,-176,-219,-236,-236,-203,-178,-205,-202,-198,-190,-180,-177,-180,-180,-165,-171,-181,-181,-88,-88,-88,-285,-285,-202,-253,-232,-170,-170,-155,-204,-204,-204,-206,-206,-192,-153,-176,-227,-226,-189,-165,-165,-165,-149,-149,-149,-149,-149,-149,-149,-149,-149,-149,-149,-124,-124,-124,-124,-124,-218,-175,-169,-175,-175,-139,-122,-198,-205,-160,-160,-203,-203,-218,-202,-201,-165,-170,-170,-226,-226,-226,-226,-190,-190,-190,-173,-159,-150,-188,-188,-182,-182,-182,-182,-173,-174,-200,-228,-215,-215,-215,-185,-170,-162,-199,-199,-137,-193,-209,-189,-198,-180,-144,-170,-202,-198,-204,-211,-211,-197,-197,-151,-123,-198,-252,-206,-173,-201,-214,-182,-182,-153,-219,-219,-219,-219,-207,-183,-180,-212,-208,-208,-202,-240,-188,-183,-204,-186,-161,-161,-176,-266,-221,-200,-205,-181,-149,-141,-195,-248,-221,-221,-221,-187,-198,-198,-191,-137,-137,-261,-251,-183,-187,-194,-150,-166,-198,-183,-206,-206,-261,-173,-173,-173,-173,-173,-163,-204,-226,-207,-207,-184,-184,-187,-182,-192,-192,-194,-205,-204,-172,-156,-178,-174,-174,-167,-172,-171,-199,-211,-211,-165,-170,-185,-172,-172,-220,-189,-146,-146,-181,-226,-182,-182,-220,-219,-206,-188,-183,-194,-181,-157,-199,-199,-273,-263,-204,-205,-205,-216,-184,-184,-239,-239,-239,-213,-225,-225,-182,-182,-182,-198,-198,-198,-198,-198,-198,-198,-198,-198,-198,-198,-197,-200,-268,-242,-167,-167,-194,-208,-218,-207,-207,-189,-195,-190,-190,-190,-211,-194,-180,-187,-195,-220,-231,-199,-175,-197,-204,-192,-213,-246,-222,-222,-196,-211,-189,-161,-198,-216,-174,-171,-216,-193,-218,-231,-195,-193,-223,-200
-168,-198,-198,-198,-198,-198,-198,-198,-198,-198,-198,-198,-198,-198,-198,-198,-227,-207,-188,-229,-271,-252,-222,-222,-212,-212,-196,-224,-224,-224,-197,-197,-197,-197,-197,-197,-274,-274,-274,-274,-245,-221,-229,-201,-201,-218,-274,-232,-227,-227,-227,-218,-206,-221,-193,-244,-293,-257,-219,-219,-214,-214,-224,-240,-276,-239,-216,-216,-180,-180,-180,-180,-231,-232,-226,-212,-208,-208,-208,-196,-196,-195,-200,-215,-215,-194,-194,-194,-189,-179,-219,-209,-226,-227,-208,-202,-202,-186,-179,-197,-191,-172,-207,-236,-211,-211,-211,-190,-184,-175,-175,-175,-186,-186,-186,-186,-186,-186,-186,-188,-197,-197,-197,-190,-161,-161,-161,-170,-100,-142,-236,-236,-196,-176,-179,-188,-188,-128,-128,-162,-162,-162,-162,-162,-162,-162,-162,-162,-162,-162,-162,-162,-167,-158,-157,-157,-182,-182,-182,-205,-205,-167,-167,-167,-185,-185,-185,-185,-185,-167,-167,-167,-167,-167,-167,-167,-150,-208,-205,-191,-189,-175,-175,-160,-146,-135,-139,-139,-161,-172,-172,-172,-189,-188,-183,-183,-190,-200,-200,-171,-171,-171,-137,-137,-168,-201,-201,-189,-164,-164,-177,-167,-149,-149,-231,-178,-178,-178,-178,-192,-145,-145,-185,-199,-202,-205,-199,-199,-199,-196,-196,-196,-196,-190,-190,-190,-221,-221,-221,-221,-221,-174,-221,-221,-221,-221,-221,-171,-171,-171,-168,-168,-153,-153,-153,-153,-175,-154,-153,-193,-191,-156,-181,-226,-208,-173,-173,-171,-171,-159,-159,-159,-159,-159,-159,-159,-168,-168,-182,-182,-182,-182,-182,-182,-182,-182,-182,-157,-181,-200,-176,-185,-184,-174,-174,-179,-202,-202,-208,-153,-186,-203,-167,-161,-206,-185,-185,-165,-203,-202,-188,-179,-192,-190,-161,-174,-174,-217,-213,-200,-198,-191,-198,-185,-172,-184,-216,-217,-191,-188,-200,-170,-134,-169,-214,-217,-217,-217,-185,-202,-208,-175,-193,-193,-182,-184,-207,-201,-201,-144,-144,-144,-144,-236,-188,-191,-202,-168,-168,-157,-116,-144,-144,-210,-210,-182,-184,-192,-213,-176,-137,-137,-163,-204,-204,-204,-172,-182,-206,-177,-170,-198,-214,-218,-198,-209,-227,-199,-194,-198,-176,-181,-186,-174,-185,-198,-198,-192,-195,-203,-203,-203,-191,-191,-169,-179,-218,-218,-186,-186,-181,-181,-173,-190,-190,-213,-167,-196,-206,-206,-195,-195,-195,-237,-264,-217,-180,-204,-204,-192,-185,-185,-210,-196,-196,-196,-196,-196,-212,-212,-212,-212,-212,-264,-228,-202,-218,-197,-197,-144,-238,-275,-245,-219,-205,-191,-191,-170,-170,-170,-237,-237,-237,-202,-202,-208,-194,-181,-197,-197,-224,-231,-223,-206,-192,-192,-179,-163,-180,-221,-196,-200,-203,-198,-204,-189,-179,-203,-206,-188,-188,-205,-225,-201,-197,-217,-189,-181,-225,-204,-176,-207,-238,-192,-159,-213,-252,-252,-189,-189,-188,-173,-175,-166,-166,-206,-206,-206,-206,-206,-206,-206,-206,-207,-206,-228,-228,-193,-206,-208,-208,-212,-212,-212,-212,-166,-161,-192,-220,-220,-208,-208,-208,-204,-204,-204,-171,-171,-171,-195,-195,-203,-208,-189,-189,-189,-189,-161,-218,-225,-200,-208,-219,-207,-198,-211,-185,-142,-173,-173,-220,-190,-219,-218,-198,-193,-190,-200,-203,-203,-182,-193,-243,-213,-176,-176,-172,-199,-210,-210,-210,-210,-210,-210,-210,-210,-210,-210,-210,-210,-210,-210,-210,-210,-201,-180,-182,-197,-222,-234,-235,-182,-171,-209,-233,-234,-225,-214,-214,-214,-218,-201,-188,-188,-238,-238,-238,-226,-208,-190,-212,-226,-194,-195,-249,-268,-246,-230,-224,-224
-141,-141,-141,-141,-141,-141,-141,-141,-141,-141,-141,-169,-169,-169,-169,-169,-145,-155,-138,-121,-126,-161,-161,-148,-148,-176,-172,-154,-166,-166,-144,-147,-147,-213,-213,-188,-188,-163,-177,-162,-162,-143,-184,-216,-198,-173,-159,-170,-171,-171,-131,-161,-162,-162,-168,-165,-160,-172,-164,-149,-171,-195,-174,-159,-176,-169,-158,-185,-212,-204,-185,-175,-175,-149,-149,-180,-178,-162,-196,-223,-189,-163,-181,-181,-172,-172,-178,-178,-167,-167,-167,-157,-157,-157,-157,-175,-174,-174,-174,-194,-194,-182,-182,-182,-160,-160,-143,-175,-160,-171,-151,-151,-151,-147,-172,-168,-210,-226,-226,-194,-188,-187,-187,-172,-176,-176,-176,-205,-205,-173,-173,-173,-173,-172,-166,-166,-164,-192,-196,-174,-181,-183,-162,-176,-184,-166,-166,-201,-215,-195,-188,-191,-176,-176,-173,-168,-191,-214,-200,-180,-177,-186,-186,-186,-200,-174,-174,-218,-193,-208,-186,-186,-186,-170,-198,-180,-187,-232,-203,-185,-200,-186,-175,-175,-199,-173,-160,-191,-211,-195,-186,-176,-176,-182,-206,-213,-200,-200,-186,-186,-186,-186,-186,-186,-217,-185,-183,-183,-205,-158,-193,-196,-205,-193,-192,-204,-199,-161,-174,-174,-174,-174,-174,-192,-192,-192,-192,-190,-186,-186,-186,-209,-209,-209,-196,-196,-196,-196,-190,-193,-199,-214,-204,-170,-156,-171,-179,-186,-199,-198,-197,-197,-203,-203,-197,-183,-185,-169,-218,-177,-188,-188,-188,-188,-188,-168,-213,-213,-213,-213,-213,-213,-169,-187,-149,-149,-149,-262,-262,-187,-187,-184,-184,-184,-184,-184,-184,-179,-184,-221,-221,-209,-194,-200,-170,-196,-203,-191,-216,-238,-238,-162,-170,-170,-205,-159,-159,-169,-208,-168,-184,-201,-185,-181,-181,-186,-186,-186,-186,-186,-186,-191,-227,-227,-227,-173,-173,-207,-200,-200,-207,-207,-186,-196,-187,-201,-220,-207,-207,-210,-208,-200,-215,-192,-192,-194,-237,-187,-225,-234,-192,-195,-221,-221,-232,-194,-186,-238,-239,-239,-182,-182,-218,-199,-202,-220,-220,-226,-208,-208,-238,-249,-249,-249,-249,-217,-216,-223,-223,-223,-217,-241,-241,-227,-227,-213,-198,-223,-199,-199,-207,-207,-217,-217,-217,-217,-188,-188,-206,-232,-249,-251,-228,-227,-247,-247,-173,-173,-283,-252,-222,-222,-231,-220,-237,-258,-241,-229,-229,-249,-204,-204,-204,-241,-206,-195,-257,-299,-259,-223,-222,-222,-222,-222,-239,-180,-180,-180,-180,-261,-238,-238,-254,-237,-234,-247,-204,-169,-225,-225,-277,-185,-185,-185,-185,-185,-200,-190,-183,-230,-230,-227,-214,-214,-218,-220,-214,-203,-226,-237,-204,-228,-278,-226,-226,-226,-226,-226,-226,-226,-226,-226,-226,-226,-226,-209,-202,-223,-223,-223,-223,-223,-217,-217,-217,-213,-213,-213,-213,-232,-248,-228,-228,-229,-224,-217,-217,-228,-241,-202,-226,-202,-205,-205,-205,-205,-205,-238,-238,-238,-238,-238,-238,-238,-225,-225,-225,-225,-225,-225,-241,-245,-226,-226,-226,-226,-226,-193,-233,-258,-231,-201,-214,-238,-239,-239,-218,-203,-208,-218,-235,-235,-236,-221,-222,-231,-222,-224,-214,-200,-215,-220,-207,-224,-245,-216,-196,-196,-231,-231,-220,-215,-217,-238,-250,-230,-223,-221,-210,-225,-243,-227,-218,-241,-240,-240,-202,-222,-236,-228,-236,-236,-245,-207,-213,-201,-185,-185,-215,-215,-215,-234,-234,-215,-214,-214,-218,-200,-191,-198,-210,-240,-253,-215,-201,-243,-260,-244,-244,-199,-199,-199,-227,-227,-213,-213,-213,-204,-211,-230,-213,-188,-216,-255,-258,-234,-218,-218,-216,-218
-212,-193,-191,-217,-208,-174,-206,-244,-210,-180,-202,-211,-202,-202,-202,-199,-212,-212,-221,-198,-185,-174,-181,-222,-221,-174,-183,-226,-222,-206,-181,-181,-160,-234,-212,-209,-209,-195,-197,-186,-153,-153,-258,-258,-233,-222,-194,-165,-162,-196,-196,-196,-220,-195,-195,-176,-176,-189,-228,-224,-186,-201,-235,-215,-194,-197,-180,-180,-181,-194,-194,-194,-198,-198,-201,-202,-207,-202,-202,-202,-179,-179,-188,-204,-196,-193,-193,-171,-171,-171,-171,-198,-241,-202,-220,-270,-224,-178,-201,-201,-212,-165,-207,-226,-203,-224,-191,-177,-208,-222,-222,-222,-185,-194,-194,-178,-178,-178,-178,-178,-178,-178,-217,-207,-225,-238,-204,-162,-154,-154,-171,-171,-171,-171,-173,-194,-182,-198,-210,-204,-189,-190,-190,-198,-181,-169,-202,-202,-213,-215,-215,-215,-215,-215,-215,-215,-215,-215,-215,-166,-166,-166,-166,-166,-166,-166,-224,-224,-251,-228,-208,-205,-214,-196,-159,-177,-229,-210,-202,-192,-195,-197,-181,-205,-243,-225,-193,-203,-214,-198,-195,-195,-226,-244,-222,-234,-276,-260,-216,-206,-240,-265,-244,-232,-241,-211,-184,-223,-259,-234,-218,-232,-204,-204,-176,-242,-242,-255,-255,-241,-223,-249,-222,-195,-207,-219,-210,-219,-254,-249,-220,-220,-224,-238,-238,-238,-238,-238,-207,-207,-207,-237,-237,-229,-229,-229,-229,-224,-222,-233,-207,-219,-237,-214,-241,-290,-266,-228,-233,-243,-209,-177,-218,-218,-282,-244,-231,-226,-229,-251,-211,-211,-210,-210,-210,-210,-210,-210,-216,-244,-244,-210,-265,-265,-265,-227,-237,-242,-210,-200,-196,-205,-232,-257,-249,-231,-235,-230,-230,-195,-219,-256,-241,-209,-218,-218,-231,-226,-226,-224,-222,-233,-233,-214,-199,-199,-191,-191,-191,-215,-230,-229,-229,-201,-201,-201,-201,-201,-201,-201,-216,-202,-245,-216,-183,-176,-176,-203,-221,-203,-224,-261,-236,-197,-197,-207,-207,-207,-204,-204,-204,-204,-278,-242,-174,-174,-174,-174,-174,-174,-201,-194,-194,-194,-194,-194,-194,-188,-188,-188,-188,-243,-263,-249,-232,-208,-192,-198,-198,-180,-222,-233,-233,-222,-213,-204,-194,-175,-175,-194,-194,-194,-194,-212,-183,-162,-202,-224,-206,-209,-223,-228,-233,-233,-182,-202,-216,-216,-179,-225,-226,-200,-183,-172,-196,-229,-229,-229,-255,-207,-207,-230,-230,-210,-210,-210,-210,-207,-208,-231,-231,-220,-199,-195,-195,-195,-195,-195,-195,-195,-181,-204,-187,-188,-169,-218,-189,-189,-189,-189,-197,-185,-184,-195,-172,-186,-233,-251,-236,-236,-194,-216,-177,-146,-235,-299,-299,-187,-207,-222,-195,-177,-211,-211,-250,-199,-199,-199,-213,-213,-213,-181,-228,-233,-219,-219,-201,-201,-248,-248,-234,-215,-215,-215,-215,-237,-237,-237,-237,-198,-237,-231,-186,-186,-235,-269,-248,-248,-224,-224,-224,-224,-224,-231,-206,-208,-208,-226,-226,-230,-230,-231,-235,-243,-233,-233,-233,-233,-219,-239,-229,-203,-203,-197,-237,-199,-199,-226,-226,-226,-252,-268,-237,-218,-218,-208,-208,-211,-211,-211,-211,-211,-211,-186,-188,-236,-236,-200,-200,-203,-213,-213,-222,-222,-217,-232,-228,-231,-213,-209,-229,-214,-194,-211,-204,-185,-233,-276,-240,-210,-222,-219,-207,-202,-188,-188,-201,-206,-206,-206,-206,-206,-215,-197,-211,-247,-239,-239,-201,-197,-195,-193,-199,-220,-246,-257,-257,-237,-194,-194,-194,-191,-240,-255,-247,-242,-235,-235,-232,-205,-213,-238,-238,-238,-220,-245,-258,-232,-225,-226,-219,-208,-186,-205,-256,-260,-260,-214,-226,-234
-243,-262,-217,-218,-210,-190,-189,-197,-210,-226,-220,-204,-207,-204,-213,-250,-250,-250,-250,-250,-195,-195,-211,-211,-202,-187,-186,-186,-206,-204,-204,-204,-215,-194,-194,-194,-204,-200,-206,-236,-224,-212,-218,-218,-218,-217,-198,-205,-202,-202,-197,-226,-226,-226,-226,-194,-178,-158,-207,-207,-190,-190,-190,-190,-175,-220,-205,-178,-219,-253,-211,-211,-187,-197,-161,-161,-212,-212,-232,-206,-206,-206,-206,-206,-202,-202,-202,-224,-224,-203,-184,-182,-185,-185,-217,-217,-189,-217,-217,-217,-217,-217,-217,-214,-197,-195,-199,-208,-208,-211,-194,-194,-175,-169,-194,-194,-204,-203,-197,-180,-187,-228,-206,-184,-196,-236,-240,-210,-198,-224,-233,-206,-204,-204,-212,-212,-232,-232,-232,-218,-208,-241,-241,-157,-210,-210,-168,-200,-247,-205,-182,-182,-219,-192,-177,-173,-173,-235,-235,-235,-198,-229,-223,-223,-223,-208,-208,-241,-203,-197,-201,-171,-171,-145,-222,-222,-222,-222,-222,-204,-192,-176,-176,-229,-229,-229,-206,-191,-177,-201,-200,-185,-210,-237,-237,-227,-200,-220,-224,-198,-197,-234,-232,-201,-190,-190,-207,-207,-207,-207,-244,-246,-201,-190,-190,-216,-214,-204,-204,-204,-237,-195,-195,-195,-219,-190,-176,-195,-227,-240,-233,-220,-207,-194,-194,-205,-173,-188,-259,-259,-214,-214,-182,-182,-182,-183,-183,-133,-149,-208,-208,-208,-208,-179,-201,-156,-149,-251,-280,-212,-193,-209,-206,-206,-198,-213,-255,-232,-232,-202,-204,-177,-193,-193,-248,-248,-228,-203,-216,-182,-212,-234,-210,-210,-210,-210,-208,-228,-202,-220,-223,-218,-218,-218,-221,-239,-224,-204,-209,-215,-215,-227,-227,-227,-262,-239,-204,-204,-205,-205,-192,-211,-217,-195,-251,-220,-187,-201,-208,-205,-211,-219,-237,-234,-234,-221,-218,-200,-219,-230,-230,-203,-257,-236,-211,-218,-215,-215,-206,-231,-222,-210,-251,-277,-277,-239,-213,-223,-216,-189,-194,-228,-228,-204,-204,-206,-219,-240,-240,-240,-246,-237,-231,-240,-240,-240,-240,-240,-240,-240,-240,-240,-226,-212,-180,-202,-209,-181,-204,-262,-262,-215,-215,-215,-205,-205,-205,-210,-210,-227,-221,-221,-209,-209,-209,-209,-209,-209,-225,-219,-209,-204,-210,-198,-198,-205,-265,-287,-229,-253,-234,-201,-235,-250,-211,-196,-208,-211,-211,-160,-197,-197,-288,-229,-229,-198,-230,-239,-191,-186,-186,-217,-193,-193,-216,-199,-206,-214,-211,-209,-222,-245,-245,-222,-236,-223,-207,-239,-239,-223,-225,-225,-194,-200,-216,-216,-203,-199,-199,-199,-199,-199,-208,-204,-190,-222,-229,-225,-232,-232,-232,-222,-194,-175,-205,-205,-205,-205,-204,-230,-217,-191,-227,-227,-217,-198,-220,-228,-226,-230,-230,-197,-197,-197,-197,-218,-212,-212,-212,-208,-208,-188,-204,-219,-216,-216,-216,-227,-220,-198,-198,-186,-190,-196,-208,-208,-229,-246,-213,-204,-203,-203,-235,-235,-241,-225,-225,-225,-214,-214,-214,-214,-214,-214,-214,-214,-214,-198,-166,-166,-202,-214,-201,-220,-206,-205,-205,-205,-205,-166,-170,-170,-170,-180,-180,-180,-188,-234,-233,-201,-206,-214,-214,-203,-223,-228,-224,-217,-217,-213,-213,-213,-213,-213,-213,-192,-225,-225,-225,-225,-225,-225,-210,-217,-210,-191,-204,-225,-217,-202,-198,-206,-206,-213,-213,-147,-184,-221,-221,-207,-232,-228,-222,-233,-225,-213,-213,-248,-248,-248,-248,-248,-248,-247,-227,-218,-230,-221,-221,-226,-226,-226,-226,-226,-257,-236,-212,-184,-185,-200,-205,-215,-215,-215,-237,-211,-231,-251,-223,-200
-216,-216,-216,-216,-216,-216,-216,-216,-216,-216,-216,-216,-216,-216,-216,-235,-226,-237,-250,-212,-212,-205,-205,-205,-205,-205,-259,-234,-213,-208,-208,-201,-230,-233,-237,-237,-252,-243,-168,-168,-168,-168,-228,-229,-225,-219,-204,-216,-213,-182,-182,-229,-195,-195,-195,-254,-263,-210,-231,-241,-229,-220,-216,-205,-225,-225,-254,-247,-218,-195,-229,-229,-208,-271,-275,-219,-205,-203,-199,-220,-228,-221,-229,-232,-223,-223,-177,-190,-190,-187,-202,-231,-209,-209,-199,-214,-194,-194,-171,-199,-199,-175,-233,-283,-232,-180,-185,-183,-140,-146,-237,-237,-290,-198,-196,-199,-199,-199,-208,-208,-208,-254,-254,-254,-198,-198,-198,-249,-249,-249,-249,-249,-249,-247,-214,-188,-204,-198,-221,-272,-274,-214,-189,-185,-170,-203,-248,-262,-262,-262,-246,-230,-226,-217,-217,-217,-217,-217,-191,-191,-264,-244,-204,-204,-193,-193,-193,-198,-198,-193,-193,-193,-193,-193,-193,-193,-156,-182,-240,-265,-235,-235,-185,-185,-185,-185,-191,-218,-205,-233,-228,-191,-204,-198,-148,-191,-280,-280,-273,-218,-202,-220,-249,-235,-198,-198,-205,-205,-215,-207,-206,-197,-180,-180,-202,-225,-225,-217,-200,-217,-226,-226,-202,-202,-202,-202,-202,-202,-217,-217,-217,-217,-217,-236,-236,-236,-236,-236,-236,-236,-236,-236,-236,-236,-211,-211,-211,-217,-176,-174,-224,-224,-243,-243,-252,-243,-212,-204,-219,-228,-189,-172,-238,-272,-229,-208,-203,-203,-207,-207,-207,-205,-290,-237,-212,-218,-176,-209,-209,-209,-251,-224,-224,-224,-202,-232,-232,-247,-206,-210,-244,-216,-220,-223,-227,-241,-231,-210,-194,-191,-228,-266,-269,-269,-241,-241,-235,-205,-205,-232,-232,-232,-242,-242,-242,-242,-195,-210,-245,-236,-236,-219,-235,-235,-235,-235,-235,-261,-184,-201,-205,-213,-215,-202,-225,-225,-262,-221,-221,-268,-237,-222,-218,-203,-203,-239,-239,-230,-231,-229,-193,-261,-261,-258,-220,-220,-220,-220,-220,-220,-223,-217,-249,-242,-203,-191,-211,-222,-219,-235,-255,-255,-206,-206,-206,-206,-215,-222,-222,-244,-244,-244,-244,-244,-244,-244,-244,-244,-225,-225,-218,-217,-217,-217,-192,-192,-192,-192,-192,-216,-201,-177,-227,-257,-240,-242,-242,-252,-198,-198,-198,-217,-150,-221,-261,-215,-192,-192,-209,-226,-226,-186,-230,-235,-198,-236,-272,-253,-253,-253,-217,-217,-212,-209,-209,-249,-249,-249,-249,-247,-247,-247,-247,-235,-235,-235,-235,-195,-195,-195,-195,-226,-211,-175,-236,-259,-259,-189,-217,-217,-214,-190,-216,-254,-254,-222,-240,-240,-241,-213,-191,-251,-244,-234,-234,-234,-234,-234,-203,-197,-231,-242,-235,-260,-262,-262,-212,-231,-237,-248,-253,-253,-236,-252,-227,-265,-245,-245,-245,-248,-248,-248,-248,-224,-246,-257,-237,-221,-236,-251,-265,-280,-280,-254,-261,-261,-261,-261,-261,-266,-266,-266,-266,-266,-266,-266,-266,-289,-252,-253,-258,-258,-235,-235,-235,-235,-285,-282,-256,-256,-256,-250,-253,-256,-259,-254,-254,-237,-210,-215,-140,-190,-326,-326,-328,-262,-231,-229,-229,-229,-229,-229,-229,-229,-229,-222,-268,-264,-264,-257,-251,-242,-242,-208,-289,-248,-264,-264,-264,-283,-227,-227,-254,-254,-216,-216,-216,-216,-216,-274,-255,-239,-239,-230,-230,-216,-247,-247,-247,-215,-261,-244,-230,-210,-210,-210,-243,-243,-243,-243,-274,-242,-240,-237,-202,-214,-253,-259,-275,-275,-285,-209,-253,-260,-260,-231,-274,-274,-274,-232,-267,-252,-223,-244,-273,-273,-225,-225,-225,-226
-265,-265,-265,-265,-265,-265,-265,-265,-265,-265,-265,-265,-265,-265,-265,-265,-265,-265,-265,-254,-240,-240,-251,-251,-248,-248,-267,-256,-264,-268,-268,-251,-246,-263,-261,-245,-241,-244,-242,-233,-228,-233,-241,-248,-248,-235,-238,-247,-244,-244,-245,-231,-232,-232,-232,-232,-220,-210,-222,-222,-229,-232,-219,-212,-221,-221,-218,-202,-214,-213,-201,-198,-206,-206,-206,-190,-190,-202,-202,-199,-208,-207,-189,-175,-178,-186,-186,-183,-188,-177,-184,-184,-184,-187,-187,-187,-187,-186,-177,-185,-185,-185,-175,-169,-165,-175,-182,-171,-161,-171,-177,-177,-164,-150,-175,-167,-167,-167,-164,-164,-158,-158,-158,-158,-155,-151,-162,-173,-173,-173,-163,-136,-136,-136,-136,-136,-136,-136,-136,-146,-155,-155,-144,-140,-140,-146,-137,-137,-143,-146,-146,-146,-146,-146,-146,-146,-146,-146,-146,-146,-146,-146,-160,-158,-151,-153,-153,-130,-131,-137,-138,-144,-147,-147,-132,-132,-132,-132,-132,-137,-137,-137,-139,-145,-145,-144,-145,-149,-142,-122,-122,-122,-146,-141,-147,-155,-155,-149,-144,-147,-149,-149,-142,-143,-127,-119,-131,-137,-133,-137,-150,-152,-152,-153,-145,-145,-137,-131,-132,-130,-130,-122,-107,-118,-137,-143,-133,-127,-119,-119,-114,-126,-131,-126,-120,-120,-139,-134,-126,-126,-150,-143,-126,-126,-125,-125,-130,-130,-122,-123,-130,-125,-125,-118,-118,-109,-112,-99,-89,-102,-114,-114,-106,-115,-101,-109,-110,-113,-113,-113,-135,-123,-123,-125,-127,-125,-119,-124,-119,-105,-102,-106,-109,-111,-108,-108,-108,-128,-128,-119,-119,-129,-129,-116,-125,-121,-121,-121,-121,-121,-114,-119,-126,-120,-110,-108,-116,-118,-107,-107,-107,-115,-113,-117,-115,-121,-121,-121,-114,-128,-133,-123,-129,-129,-134,-128,-125,-125,-117,-121,-123,-112,-112,-112,-112,-116,-122,-116,-119,-127,-125,-116,-112,-112,-126,-127,-127,-127,-124,-128,-128,-128,-128,-128,-128,-128,-128,-128,-128,-128,-127,-127,-135,-121,-115,-120,-119,-119,-122,-122,-109,-119,-117,-115,-119,-132,-132,-141,-139,-140,-141,-141,-141,-144,-142,-120,-120,-120,-120,-135,-141,-142,-142,-151,-146,-134,-114,-120,-116,-108,-121,-143,-147,-147,-137,-137,-131,-132,-132,-140,-145,-142,-154,-154,-154,-154,-154,-154,-154,-154,-138,-142,-141,-143,-143,-150,-142,-147,-154,-145,-128,-128,-142,-142,-139,-143,-135,-135,-130,-146,-137,-145,-160,-152,-139,-143,-154,-157,-157,-144,-144,-148,-153,-155,-155,-149,-157,-157,-163,-144,-138,-146,-146,-154,-146,-146,-146,-146,-146,-144,-153,-144,-136,-142,-144,-143,-141,-141,-136,-154,-154,-157,-163,-164,-164,-164,-151,-155,-163,-155,-155,-142,-146,-153,-154,-156,-156,-145,-141,-148,-148,-151,-153,-159,-147,-164,-181,-174,-172,-169,-146,-135,-141,-140,-137,-143,-149,-149,-153,-155,-154,-148,-154,-154,-160,-157,-154,-154,-154,-154,-148,-143,-146,-148,-149,-152,-163,-173,-175,-174,-166,-163,-174,-176,-176,-172,-182,-182,-182,-182,-182,-182,-174,-174,-174,-174,-185,-169,-170,-170,-170,-178,-179,-176,-172,-172,-170,-165,-183,-188,-188,-183,-182,-182,-182,-180,-180,-180,-173,-173,-175,-175,-181,-181,-181,-181,-181,-183,-183,-183,-169,-170,-170,-178,-184,-183,-177,-181,-181,-177,-173,-173,-180,-191,-191,-188,-188,-195,-192,-192,-178,-182,-182,-176,-178,-193,-207,-203,-203,-205,-209,-209,-208,-208,-208,-186,-186,-182,-182,-182,-192,-201,-196,-187,-190,-190,-189,-185,-189,-189
-282,-282,-282,-282,-282,-282,-282,-282,-282,-282,-282,-282,-282,-290,-283,-283,-282,-273,-275,-284,-284,-284,-262,-274,-287,-287,-275,-270,-279,-279,-281,-273,-273,-275,-261,-263,-288,-288,-291,-272,-270,-284,-280,-272,-284,-293,-274,-281,-293,-291,-278,-279,-291,-285,-285,-274,-274,-287,-287,-287,-287,-287,-276,-280,-263,-252,-257,-254,-256,-269,-264,-244,-244,-245,-251,-251,-251,-251,-241,-250,-259,-240,-230,-230,-252,-252,-252,-252,-252,-256,-260,-241,-241,-253,-255,-255,-226,-226,-226,-226,-223,-228,-228,-224,-233,-226,-221,-231,-231,-244,-246,-237,-218,-216,-224,-225,-231,-231,-231,-231,-243,-243,-243,-243,-232,-225,-226,-225,-214,-213,-227,-218,-231,-231,-231,-231,-239,-228,-235,-235,-235,-235,-235,-236,-236,-236,-236,-237,-234,-232,-237,-237,-237,-247,-246,-236,-224,-223,-231,-228,-216,-214,-227,-227,-227,-231,-231,-231,-229,-240,-236,-229,-217,-217,-228,-227,-217,-222,-222,-236,-232,-222,-218,-225,-225,-231,-226,-226,-226,-226,-226,-226,-226,-226,-226,-226,-226,-226,-221,-221,-221,-221,-221,-224,-224,-224,-214,-214,-214,-214,-214,-217,-223,-226,-226,-227,-212,-212,-220,-228,-229,-223,-216,-218,-218,-245,-245,-245,-245,-245,-221,-218,-218,-220,-234,-225,-222,-230,-230,-229,-225,-225,-225,-225,-225,-225,-225,-225,-215,-223,-225,-229,-229,-229,-241,-241,-241,-218,-213,-214,-220,-222,-222,-212,-202,-234,-234,-234,-234,-234,-234,-234,-230,-223,-209,-207,-211,-211,-217,-212,-212,-212,-232,-240,-228,-226,-233,-229,-222,-222,-209,-209,-209,-209,-225,-222,-222,-218,-224,-222,-215,-215,-214,-206,-208,-223,-222,-222,-209,-219,-221,-212,-211,-212,-202,-202,-203,-223,-242,-235,-223,-226,-230,-220,-218,-226,-226,-226,-226,-228,-221,-221,-221,-222,-229,-230,-217,-217,-207,-207,-211,-209,-215,-233,-242,-228,-220,-226,-221,-216,-216,-213,-201,-202,-205,-203,-204,-201,-201,-201,-201,-201,-201,-207,-207,-207,-207,-207,-211,-214,-214,-211,-208,-217,-217,-217,-205,-205,-214,-219,-208,-211,-210,-210,-210,-203,-195,-207,-216,-216,-203,-209,-204,-190,-190,-199,-199,-199,-199,-201,-211,-216,-216,-193,-188,-189,-189,-207,-207,-205,-194,-178,-178,-178,-187,-187,-187,-187,-192,-211,-217,-206,-206,-209,-198,-180,-180,-194,-194,-194,-194,-231,-231,-231,-231,-228,-227,-219,-214,-205,-205,-190,-195,-216,-220,-212,-214,-211,-213,-216,-216,-220,-220,-203,-206,-187,-187,-187,-233,-233,-233,-233,-233,-233,-233,-233,-233,-240,-240,-240,-240,-236,-229,-224,-219,-229,-240,-235,-218,-223,-225,-223,-213,-213,-213,-214,-227,-232,-242,-242,-242,-243,-235,-235,-230,-238,-245,-233,-221,-226,-236,-248,-249,-233,-233,-232,-245,-221,-221,-221,-221,-221,-221,-221,-221,-220,-220,-220,-220,-211,-201,-213,-222,-215,-222,-239,-241,-234,-234,-231,-231,-221,-220,-211,-224,-237,-237,-240,-240,-240,-240,-240,-240,-246,-232,-241,-249,-245,-245,-244,-243,-243,-224,-223,-236,-241,-261,-261,-250,-236,-243,-243,-226,-246,-223,-224,-235,-240,-228,-217,-227,-227,-211,-222,-241,-240,-251,-263,-241,-232,-232,-232,-232,-221,-221,-221,-220,-220,-203,-228,-228,-238,-250,-262,-262,-266,-212,-212,-212,-212,-212,-212,-212,-203,-199,-212,-225,-228,-228,-232,-241,-241,-226,-230,-234,-235,-225,-215,-224,-224,-241,-252,-254,-254,-253,-250,-250,-235,-239,-239,-239,-239,-236,-230,-240,-253,-253,-232,-222,-222
-139,-148,-181,-172,-159,-154,-121,-135,-197,-195,-155,-154,-152,-127,-136,-169,-169,-175,-161,-161,-156,-128,-118,-141,-155,-155,-142,-177,-155,-143,-145,-150,-150,-150,-142,-176,-176,-175,-175,-169,-133,-162,-188,-188,-166,-158,-167,-157,-170,-164,-126,-136,-192,-192,-174,-163,-156,-146,-130,-107,-107,-178,-181,-170,-162,-142,-135,-135,-145,-145,-151,-139,-139,-133,-180,-174,-174,-163,-156,-158,-151,-151,-160,-160,-160,-160,-160,-148,-141,-143,-150,-150,-136,-125,-156,-173,-151,-156,-149,-141,-160,-172,-169,-184,-198,-177,-143,-143,-152,-140,-134,-166,-166,-183,-183,-148,-149,-149,-149,-144,-150,-170,-171,-169,-169,-175,-166,-161,-173,-169,-154,-174,-193,-170,-158,-178,-174,-161,-164,-154,-154,-156,-158,-189,-189,-193,-193,-167,-162,-157,-156,-149,-147,-180,-213,-213,-153,-153,-153,-153,-153,-153,-190,-169,-178,-178,-178,-178,-159,-164,-179,-152,-130,-209,-209,-184,-168,-182,-174,-170,-178,-161,-143,-154,-180,-176,-170,-195,-191,-164,-175,-189,-167,-164,-180,-173,-169,-180,-169,-142,-149,-185,-185,-180,-145,-164,-202,-163,-172,-171,-166,-178,-180,-167,-173,-198,-208,-208,-205,-178,-178,-161,-172,-183,-139,-165,-189,-186,-179,-182,-184,-176,-170,-176,-181,-180,-193,-202,-197,-202,-209,-193,-193,-163,-163,-173,-169,-194,-213,-192,-173,-173,-173,-173,-175,-173,-177,-177,-196,-196,-199,-189,-173,-186,-186,-178,-185,-218,-208,-197,-197,-197,-191,-181,-176,-161,-180,-235,-248,-209,-209,-196,-178,-178,-178,-185,-203,-203,-203,-205,-200,-201,-201,-187,-196,-213,-205,-191,-188,-188,-183,-183,-183,-183,-183,-189,-170,-170,-178,-178,-169,-159,-188,-188,-195,-198,-186,-165,-162,-175,-184,-188,-189,-189,-200,-190,-190,-190,-190,-191,-179,-171,-171,-182,-176,-176,-176,-192,-192,-192,-165,-165,-205,-213,-205,-201,-201,-202,-200,-199,-189,-197,-223,-214,-214,-214,-214,-209,-218,-218,-221,-210,-218,-226,-226,-224,-216,-213,-223,-226,-215,-202,-212,-227,-227,-223,-223,-210,-204,-210,-210,-239,-239,-239,-239,-239,-216,-231,-236,-219,-219,-218,-218,-218,-218,-218,-218,-218,-199,-172,-172,-172,-172,-228,-228,-194,-194,-219,-219,-219,-198,-188,-193,-205,-205,-209,-215,-192,-173,-203,-218,-199,-184,-184,-184,-205,-209,-200,-199,-200,-200,-193,-193,-193,-187,-217,-216,-200,-187,-172,-173,-179,-179,-180,-196,-169,-177,-205,-198,-176,-176,-182,-182,-182,-178,-178,-178,-178,-182,-181,-181,-214,-181,-181,-181,-193,-190,-164,-178,-214,-214,-195,-186,-174,-161,-151,-144,-164,-199,-213,-203,-203,-180,-180,-180,-189,-179,-178,-198,-209,-199,-199,-200,-210,-176,-158,-177,-199,-200,-198,-194,-179,-179,-177,-181,-190,-209,-209,-217,-206,-203,-202,-202,-202,-202,-202,-202,-202,-202,-202,-202,-200,-206,-206,-206,-206,-206,-206,-204,-204,-204,-159,-159,-159,-159,-159,-222,-222,-222,-222,-196,-196,-196,-196,-196,-196,-194,-194,-200,-192,-195,-197,-197,-183,-196,-184,-168,-203,-226,-226,-205,-222,-210,-184,-184,-183,-169,-169,-169,-195,-182,-189,-189,-200,-190,-164,-166,-195,-205,-205,-208,-208,-208,-193,-193,-193,-189,-189,-189,-189,-189,-189,-189,-177,-195,-201,-180,-180,-180,-191,-191,-169,-164,-202,-204,-183,-180,-185,-185,-196,-195,-195,-163,-163,-177,-182,-183,-196,-206,-178,-202,-222,-201,-186,-203,-214,-211,-201,-183,-176,-195,-197,-173,-188,-213,-195,-195,-185,-213,-210
-194,-198,-197,-180,-169,-189,-219,-207,-184,-199,-217,-201,-192,-202,-202,-202,-205,-199,-199,-203,-203,-203,-182,-194,-185,-185,-185,-185,-185,-185,-185,-185,-185,-185,-214,-214,-214,-214,-214,-250,-250,-250,-250,-188,-188,-188,-188,-188,-208,-208,-237,-216,-194,-203,-200,-218,-192,-239,-194,-205,-224,-215,-204,-191,-202,-232,-233,-216,-218,-219,-203,-203,-203,-203,-193,-183,-191,-224,-221,-196,-218,-244,-219,-208,-218,-213,-216,-223,-219,-205,-193,-197,-197,-212,-227,-191,-191,-205,-227,-216,-188,-192,-182,-166,-209,-220,-220,-230,-213,-190,-219,-219,-219,-182,-190,-190,-243,-243,-199,-199,-189,-169,-185,-264,-264,-264,-264,-210,-187,-203,-203,-187,-159,-159,-205,-262,-225,-207,-210,-183,-149,-187,-187,-187,-187,-238,-209,-236,-254,-254,-227,-225,-212,-207,-235,-264,-255,-229,-229,-223,-223,-223,-223,-207,-207,-244,-244,-244,-198,-188,-230,-245,-228,-192,-196,-196,-196,-205,-230,-262,-241,-241,-209,-219,-219,-219,-212,-189,-206,-227,-232,-238,-233,-233,-215,-212,-204,-204,-201,-202,-190,-190,-237,-237,-271,-271,-211,-212,-212,-187,-182,-182,-212,-212,-212,-222,-222,-214,-190,-194,-228,-228,-218,-218,-218,-218,-218,-217,-195,-219,-253,-235,-235,-206,-236,-236,-198,-198,-206,-199,-224,-241,-236,-220,-215,-215,-203,-203,-203,-203,-203,-203,-203,-203,-203,-203,-244,-234,-190,-198,-198,-222,-222,-222,-222,-222,-222,-198,-198,-198,-198,-198,-198,-209,-218,-219,-242,-229,-210,-215,-223,-207,-195,-225,-238,-238,-238,-238,-245,-220,-220,-189,-189,-189,-202,-237,-204,-204,-232,-232,-194,-195,-211,-199,-194,-194,-212,-227,-231,-231,-231,-231,-231,-231,-205,-189,-196,-203,-210,-203,-214,-183,-183,-183,-263,-263,-243,-207,-224,-171,-182,-202,-197,-187,-183,-195,-226,-237,-214,-203,-203,-211,-211,-203,-189,-233,-201,-192,-186,-206,-234,-209,-209,-209,-180,-206,-206,-173,-174,-222,-245,-195,-195,-193,-235,-208,-218,-218,-202,-207,-207,-175,-199,-198,-176,-209,-243,-222,-222,-197,-195,-195,-196,-167,-163,-211,-239,-216,-200,-200,-202,-163,-163,-163,-163,-203,-203,-203,-203,-208,-198,-213,-220,-222,-222,-179,-179,-210,-212,-205,-222,-228,-198,-198,-186,-216,-214,-214,-187,-231,-233,-214,-208,-193,-186,-204,-222,-215,-215,-215,-202,-202,-212,-212,-212,-212,-212,-212,-212,-215,-198,-198,-198,-204,-204,-204,-204,-204,-204,-204,-189,-173,-189,-181,-181,-177,-177,-226,-220,-211,-211,-196,-201,-192,-182,-204,-224,-224,-226,-223,-194,-183,-212,-212,-239,-239,-239,-239,-225,-208,-225,-242,-219,-191,-206,-223,-223,-223,-209,-259,-260,-227,-224,-224,-229,-210,-209,-209,-230,-271,-271,-219,-219,-219,-219,-220,-220,-220,-220,-220,-228,-217,-217,-212,-212,-212,-212,-203,-203,-203,-217,-208,-208,-208,-208,-208,-208,-208,-219,-207,-189,-201,-216,-203,-196,-220,-243,-247,-240,-231,-221,-230,-242,-208,-196,-196,-269,-269,-252,-254,-254,-254,-240,-219,-222,-250,-229,-241,-252,-243,-219,-201,-221,-251,-245,-245,-218,-240,-287,-266,-211,-224,-240,-212,-215,-247,-247,-200,-200,-200,-247,-240,-210,-218,-239,-243,-243,-231,-227,-237,-246,-235,-203,-214,-264,-278,-278,-236,-236,-236,-236,-236,-236,-244,-224,-273,-273,-233,-247,-255,-242,-244,-232,-234,-243,-230,-230,-230,-234,-254,-253,-254,-243,-243,-232,-219,-253,-268,-240,-250,-262,-232,-232,-267,-267,-267,-267,-267,-267,-267
-231,-160,-160,-160,-160,-160,-160,-160,-160,-160,-160,-160,-160,-246,-197,-170,-179,-174,-163,-163,-200,-221,-207,-207,-194,-194,-194,-169,-186,-177,-156,-156,-206,-185,-161,-167,-167,-150,-150,-171,-171,-171,-189,-227,-154,-154,-156,-152,-148,-205,-206,-184,-180,-164,-155,-165,-165,-160,-160,-206,-182,-182,-182,-182,-182,-182,-182,-182,-182,-235,-183,-183,-183,-168,-161,-159,-159,-190,-212,-187,-197,-197,-197,-197,-197,-197,-197,-197,-197,-197,-197,-177,-154,-182,-155,-169,-215,-218,-210,-230,-218,-218,-183,-195,-203,-194,-191,-191,-218,-216,-216,-216,-173,-190,-205,-199,-206,-199,-199,-204,-204,-181,-178,-201,-196,-180,-193,-218,-223,-208,-208,-187,-202,-172,-182,-182,-170,-176,-248,-248,-162,-162,-162,-162,-175,-175,-175,-175,-175,-175,-207,-220,-220,-220,-220,-220,-188,-188,-197,-186,-186,-229,-225,-197,-210,-210,-242,-242,-220,-204,-234,-225,-188,-205,-205,-222,-223,-239,-238,-252,-252,-251,-199,-238,-246,-213,-244,-244,-244,-207,-245,-245,-245,-245,-245,-245,-244,-236,-236,-236,-236,-236,-210,-256,-260,-230,-226,-238,-228,-228,-196,-247,-263,-235,-235,-226,-226,-226,-226,-226,-219,-212,-248,-231,-216,-233,-211,-190,-226,-226,-189,-189,-181,-181,-181,-224,-224,-224,-224,-224,-237,-214,-246,-240,-240,-218,-218,-212,-240,-264,-245,-219,-219,-267,-240,-240,-231,-275,-253,-246,-232,-244,-244,-223,-223,-223,-223,-223,-244,-251,-264,-256,-256,-256,-232,-203,-234,-296,-305,-267,-267,-261,-266,-266,-266,-266,-266,-266,-266,-266,-247,-247,-247,-235,-269,-278,-278,-296,-296,-296,-296,-296,-231,-218,-289,-289,-336,-288,-288,-288,-288,-288,-288,-288,-292,-298,-262,-262,-281,-270,-224,-254,-305,-285,-285,-258,-251,-241,-278,-278,-315,-292,-254,-240,-240,-261,-248,-264,-264,-284,-298,-298,-298,-281,-227,-227,-287,-257,-230,-280,-290,-290,-249,-239,-239,-239,-253,-304,-304,-304,-265,-265,-265,-248,-248,-248,-242,-287,-272,-245,-245,-230,-223,-257,-239,-239,-259,-255,-247,-247,-243,-221,-221,-221,-233,-233,-233,-233,-226,-232,-257,-257,-247,-247,-274,-274,-274,-274,-246,-233,-252,-252,-227,-246,-246,-261,-268,-256,-259,-241,-219,-231,-275,-277,-235,-197,-201,-218,-206,-215,-255,-263,-225,-213,-247,-247,-220,-220,-220,-237,-221,-214,-249,-266,-254,-238,-209,-196,-215,-230,-236,-236,-232,-232,-252,-239,-239,-232,-218,-181,-244,-272,-272,-225,-245,-225,-208,-259,-256,-256,-256,-256,-251,-231,-231,-231,-202,-202,-202,-202,-266,-266,-203,-216,-224,-217,-217,-224,-242,-252,-238,-227,-222,-212,-203,-224,-224,-265,-228,-238,-254,-224,-218,-208,-193,-202,-202,-215,-215,-265,-167,-167,-167,-219,-248,-236,-236,-220,-236,-243,-230,-191,-192,-248,-248,-209,-209,-209,-209,-209,-188,-172,-178,-178,-235,-221,-219,-219,-182,-182,-182,-182,-182,-182,-237,-218,-218,-225,-212,-172,-181,-225,-220,-208,-229,-246,-237,-198,-177,-197,-207,-188,-191,-211,-211,-211,-211,-219,-219,-159,-168,-245,-244,-205,-200,-200,-164,-164,-164,-164,-258,-240,-207,-225,-225,-210,-180,-164,-164,-202,-204,-212,-232,-223,-223,-215,-204,-203,-243,-239,-225,-224,-212,-193,-194,-222,-222,-211,-211,-192,-212,-212,-175,-199,-199,-216,-216,-216,-210,-217,-221,-221,-213,-209,-209,-213,-231,-217,-183,-199,-234,-234,-190,-188,-208,-225,-220,-220,-220,-263,-257,-257,-218,-214,-214,-186,-176,-200,-226,-231
-212,-200,-206,-208,-202,-200,-202,-196,-194,-202,-194,-186,-202,-231,-251,-244,-244,-223,-212,-212,-212,-212,-212,-212,-230,-200,-201,-200,-200,-200,-200,-183,-241,-205,-205,-205,-196,-215,-208,-213,-213,-206,-232,-231,-189,-187,-230,-237,-223,-232,-228,-228,-235,-235,-235,-224,-205,-221,-221,-219,-205,-177,-211,-252,-229,-209,-207,-184,-177,-177,-211,-225,-225,-213,-202,-178,-190,-190,-226,-247,-254,-240,-240,-209,-197,-197,-197,-197,-197,-229,-218,-194,-173,-173,-221,-220,-194,-194,-157,-157,-157,-157,-157,-233,-233,-233,-206,-189,-178,-223,-223,-227,-213,-218,-205,-191,-178,-178,-170,-229,-215,-207,-198,-198,-233,-233,-191,-191,-204,-167,-142,-165,-194,-198,-188,-190,-206,-207,-203,-215,-211,-189,-189,-189,-200,-221,-221,-196,-209,-220,-174,-170,-170,-199,-199,-199,-199,-187,-182,-182,-235,-276,-276,-195,-195,-173,-173,-173,-173,-202,-202,-202,-202,-180,-168,-167,-180,-192,-192,-178,-178,-181,-184,-178,-178,-233,-215,-189,-179,-165,-165,-179,-179,-179,-179,-179,-179,-190,-208,-203,-187,-179,-179,-183,-225,-225,-225,-225,-230,-203,-187,-159,-159,-159,-164,-224,-224,-209,-196,-190,-178,-146,-175,-247,-247,-210,-189,-189,-178,-163,-132,-201,-258,-202,-181,-217,-217,-187,-187,-179,-190,-234,-202,-202,-228,-196,-196,-196,-213,-213,-213,-213,-213,-203,-203,-203,-203,-203,-223,-221,-196,-193,-191,-147,-147,-242,-270,-223,-223,-193,-199,-196,-163,-230,-237,-211,-200,-192,-192,-192,-192,-176,-176,-182,-215,-215,-215,-203,-203,-203,-203,-203,-203,-203,-215,-198,-199,-206,-201,-203,-203,-203,-203,-196,-196,-196,-196,-168,-206,-206,-206,-206,-206,-178,-202,-199,-197,-205,-206,-206,-211,-216,-201,-197,-188,-178,-147,-157,-230,-263,-228,-203,-212,-221,-217,-217,-172,-193,-193,-249,-220,-185,-204,-172,-194,-226,-231,-221,-211,-189,-189,-209,-209,-204,-204,-204,-204,-196,-190,-187,-187,-181,-204,-253,-199,-199,-199,-199,-207,-207,-199,-249,-235,-199,-205,-204,-194,-212,-212,-194,-218,-218,-199,-199,-199,-211,-211,-207,-200,-184,-170,-174,-190,-211,-211,-215,-200,-211,-236,-236,-204,-204,-216,-216,-216,-216,-216,-216,-216,-216,-216,-170,-170,-170,-170,-230,-230,-230,-172,-172,-172,-242,-242,-242,-221,-196,-187,-187,-199,-199,-199,-249,-249,-249,-219,-219,-219,-219,-188,-167,-167,-167,-218,-218,-218,-218,-197,-197,-197,-197,-197,-197,-217,-212,-186,-176,-176,-176,-182,-182,-182,-182,-182,-182,-182,-182,-187,-168,-166,-203,-202,-202,-221,-228,-180,-152,-171,-201,-201,-205,-205,-205,-215,-197,-217,-220,-208,-208,-208,-191,-166,-160,-160,-197,-160,-160,-160,-160,-160,-160,-214,-214,-163,-216,-225,-198,-198,-198,-198,-215,-218,-218,-218,-191,-190,-189,-179,-183,-195,-235,-235,-257,-194,-204,-190,-193,-217,-195,-180,-223,-241,-204,-204,-202,-202,-176,-159,-199,-258,-257,-231,-223,-222,-200,-200,-234,-234,-234,-234,-234,-219,-210,-205,-192,-192,-221,-221,-213,-230,-222,-198,-204,-204,-183,-166,-240,-282,-196,-196,-196,-204,-208,-164,-215,-248,-248,-238,-221,-211,-222,-232,-209,-209,-236,-236,-236,-236,-236,-207,-207,-235,-235,-235,-235,-263,-223,-233,-228,-176,-176,-268,-302,-236,-206,-228,-228,-205,-174,-201,-201,-239,-200,-198,-221,-225,-211,-211,-223,-223,-172,-172,-255,-245,-204,-204,-204,-225,-219,-189,-189,-247,-251,-212,-200,-202,-211,-216,-216,-177,-279
-190,-171,-199,-232,-216,-206,-231,-228,-200,-195,-205,-214,-209,-201,-202,-202,-199,-199,-187,-207,-190,-193,-191,-198,-170,-206,-194,-194,-194,-194,-194,-194,-179,-179,-179,-179,-196,-211,-168,-155,-194,-184,-138,-154,-154,-192,-157,-176,-187,-160,-133,-152,-152,-207,-173,-163,-175,-186,-197,-197,-182,-175,-175,-168,-168,-208,-187,-167,-167,-167,-185,-185,-185,-184,-192,-192,-214,-214,-214,-165,-165,-165,-165,-182,-182,-216,-201,-175,-177,-185,-165,-165,-163,-163,-163,-163,-187,-187,-187,-187,-194,-194,-231,-231,-231,-203,-203,-203,-220,-220,-190,-172,-172,-191,-206,-198,-204,-232,-229,-157,-170,-198,-174,-205,-250,-209,-163,-163,-163,-214,-161,-156,-212,-216,-184,-184,-191,-187,-187,-187,-219,-182,-197,-197,-198,-198,-198,-197,-218,-185,-196,-196,-228,-216,-216,-202,-202,-177,-177,-177,-226,-223,-217,-209,-220,-241,-220,-220,-197,-218,-228,-232,-240,-229,-201,-180,-180,-180,-206,-245,-245,-236,-227,-189,-200,-169,-173,-216,-204,-185,-210,-212,-183,-188,-188,-201,-170,-192,-217,-183,-183,-211,-211,-206,-227,-227,-217,-233,-221,-221,-182,-198,-197,-235,-207,-207,-207,-207,-169,-198,-198,-198,-199,-181,-181,-181,-205,-235,-235,-235,-211,-211,-211,-207,-194,-223,-223,-233,-195,-190,-194,-205,-187,-187,-231,-255,-233,-224,-224,-224,-198,-217,-216,-217,-217,-217,-232,-201,-187,-187,-187,-187,-206,-206,-206,-206,-206,-260,-280,-215,-230,-205,-200,-212,-194,-194,-216,-216,-225,-228,-211,-201,-207,-215,-215,-225,-212,-218,-218,-204,-198,-213,-213,-213,-213,-184,-195,-195,-195,-178,-176,-200,-200,-200,-192,-210,-235,-211,-192,-188,-166,-166,-227,-214,-177,-208,-232,-211,-211,-203,-201,-201,-201,-188,-227,-194,-232,-198,-210,-225,-221,-221,-221,-221,-221,-210,-210,-210,-210,-208,-208,-192,-192,-192,-192,-192,-192,-192,-181,-181,-181,-183,-180,-217,-205,-167,-167,-183,-202,-200,-206,-202,-184,-154,-154,-180,-186,-186,-186,-216,-216,-216,-202,-202,-202,-213,-161,-178,-200,-215,-218,-197,-168,-158,-158,-167,-167,-167,-188,-240,-202,-201,-201,-183,-183,-187,-187,-187,-187,-187,-196,-196,-196,-196,-196,-196,-196,-196,-205,-162,-162,-162,-162,-162,-162,-221,-216,-187,-201,-226,-207,-204,-204,-215,-215,-186,-190,-190,-209,-209,-209,-209,-183,-215,-231,-184,-168,-190,-142,-131,-240,-254,-254,-188,-188,-182,-182,-134,-134,-151,-151,-151,-151,-151,-151,-151,-224,-229,-207,-207,-203,-195,-181,-174,-182,-226,-210,-195,-201,-181,-167,-198,-200,-200,-195,-209,-209,-198,-172,-166,-205,-209,-195,-215,-201,-180,-215,-215,-215,-215,-202,-205,-205,-205,-205,-205,-205,-180,-180,-180,-180,-180,-201,-201,-201,-201,-201,-182,-187,-182,-182,-156,-198,-198,-185,-177,-197,-153,-153,-195,-195,-195,-193,-193,-193,-193,-193,-193,-215,-185,-214,-234,-234,-201,-194,-194,-215,-215,-177,-192,-187,-200,-205,-177,-169,-169,-173,-199,-208,-186,-197,-197,-203,-203,-203,-207,-200,-202,-229,-231,-231,-176,-184,-171,-181,-181,-202,-217,-231,-189,-179,-166,-168,-185,-206,-206,-206,-206,-229,-193,-164,-174,-183,-162,-155,-193,-193,-228,-214,-207,-207,-191,-191,-200,-191,-191,-191,-211,-211,-211,-187,-198,-208,-186,-166,-198,-235,-235,-178,-209,-240,-219,-190,-203,-210,-203,-203,-226,-192,-195,-195,-212,-213,-213,-213,-194,-194,-194,-194,-194,-194,-218,-214,-186,-186,-188,-205,-227,-227,-227
-212,-193,-207,-216,-212,-187,-155,-179,-212,-198,-189,-193,-197,-218,-218,-222,-202,-227,-227,-246,-237,-218,-233,-204,-180,-192,-210,-213,-211,-226,-246,-227,-198,-202,-206,-206,-221,-208,-206,-212,-195,-180,-180,-211,-212,-197,-202,-192,-189,-212,-225,-212,-212,-210,-189,-190,-242,-245,-199,-205,-226,-226,-215,-256,-256,-256,-256,-174,-174,-174,-174,-240,-213,-200,-200,-186,-186,-186,-186,-186,-186,-246,-246,-237,-237,-237,-237,-237,-189,-189,-189,-201,-186,-180,-208,-205,-199,-199,-191,-195,-246,-232,-188,-202,-231,-216,-216,-197,-224,-224,-224,-224,-224,-216,-196,-172,-181,-188,-213,-197,-221,-190,-182,-200,-190,-182,-182,-182,-182,-182,-190,-190,-242,-193,-204,-204,-204,-204,-200,-200,-200,-228,-252,-216,-175,-175,-178,-207,-218,-194,-184,-183,-177,-188,-197,-169,-151,-188,-214,-189,-211,-259,-237,-211,-197,-166,-166,-178,-208,-208,-226,-196,-216,-204,-204,-178,-208,-208,-208,-208,-208,-208,-184,-207,-244,-244,-247,-189,-189,-189,-189,-189,-189,-208,-228,-226,-200,-212,-200,-200,-190,-190,-236,-199,-228,-209,-209,-209,-181,-181,-181,-181,-181,-212,-212,-212,-186,-242,-202,-155,-155,-202,-202,-193,-193,-193,-193,-193,-193,-193,-193,-193,-193,-193,-193,-205,-226,-226,-201,-212,-150,-199,-206,-186,-210,-218,-175,-174,-214,-222,-204,-204,-204,-204,-195,-195,-186,-194,-177,-193,-234,-222,-171,-176,-212,-221,-193,-163,-203,-260,-251,-251,-218,-218,-218,-211,-211,-144,-221,-256,-212,-192,-192,-168,-163,-168,-196,-196,-242,-179,-179,-179,-179,-179,-179,-201,-201,-201,-195,-195,-195,-187,-239,-239,-239,-239,-239,-239,-200,-200,-200,-174,-174,-174,-174,-212,-202,-210,-218,-191,-179,-168,-180,-206,-236,-243,-222,-214,-215,-179,-137,-156,-181,-181,-202,-209,-193,-193,-182,-182,-182,-219,-219,-219,-232,-227,-212,-193,-173,-206,-210,-203,-227,-233,-233,-207,-207,-209,-203,-187,-214,-214,-214,-211,-193,-179,-188,-187,-168,-172,-172,-203,-228,-224,-215,-189,-213,-209,-177,-196,-227,-215,-214,-214,-169,-169,-169,-169,-239,-239,-239,-239,-239,-193,-193,-193,-155,-155,-206,-219,-197,-215,-215,-190,-202,-180,-181,-217,-220,-198,-214,-238,-228,-228,-208,-208,-208,-208,-208,-196,-223,-197,-197,-197,-222,-223,-217,-235,-230,-202,-182,-182,-260,-251,-226,-213,-206,-206,-214,-202,-210,-210,-243,-194,-194,-194,-194,-194,-194,-213,-211,-199,-199,-199,-215,-191,-183,-208,-234,-234,-226,-226,-224,-222,-180,-179,-220,-220,-207,-207,-207,-242,-203,-225,-252,-237,-231,-253,-268,-218,-205,-200,-190,-190,-190,-188,-213,-213,-213,-213,-267,-267,-267,-221,-265,-265,-232,-220,-228,-208,-250,-250,-250,-250,-245,-218,-213,-213,-230,-248,-248,-248,-239,-219,-233,-294,-267,-222,-219,-226,-239,-239,-239,-239,-223,-223,-223,-223,-223,-223,-223,-158,-158,-158,-158,-220,-261,-210,-218,-239,-225,-213,-213,-246,-216,-216,-216,-266,-186,-212,-270,-254,-211,-200,-212,-212,-200,-216,-257,-257,-264,-268,-285,-168,-168,-168,-168,-168,-253,-245,-252,-252,-252,-236,-231,-231,-231,-231,-231,-231,-231,-231,-220,-232,-217,-217,-185,-212,-227,-231,-256,-229,-229,-194,-240,-240,-226,-241,-241,-264,-248,-215,-215,-211,-187,-196,-226,-247,-239,-213,-220,-233,-221,-214,-218,-219,-226,-218,-210,-219,-219,-216,-216,-216,-211,-210,-210,-243,-243,-243,-243,-243,-243,-217,-172,-199,-197,-164,-185,-191
-236,-187,-177,-170,-170,-187,-181,-163,-183,-216,-221,-210,-191,-165,-173,-190,-149,-142,-220,-246,-246,-246,-171,-171,-171,-208,-208,-161,-192,-208,-177,-171,-185,-185,-171,-171,-171,-206,-189,-188,-182,-182,-182,-194,-207,-209,-214,-195,-174,-151,-148,-182,-201,-205,-233,-233,-185,-180,-192,-162,-157,-157,-207,-239,-243,-212,-194,-194,-180,-166,-184,-193,-193,-185,-210,-189,-201,-199,-169,-166,-166,-166,-189,-189,-189,-189,-188,-192,-177,-207,-207,-263,-193,-193,-188,-188,-188,-188,-188,-181,-220,-168,-168,-168,-174,-190,-194,-179,-189,-195,-195,-195,-179,-168,-162,-154,-139,-142,-169,-198,-201,-179,-179,-176,-151,-151,-151,-151,-151,-160,-189,-182,-158,-158,-158,-174,-178,-178,-153,-204,-204,-204,-204,-204,-187,-187,-174,-159,-179,-209,-200,-200,-173,-214,-203,-176,-176,-176,-181,-181,-152,-152,-152,-146,-213,-236,-188,-188,-195,-195,-195,-177,-199,-199,-199,-199,-199,-172,-203,-202,-197,-210,-199,-183,-183,-192,-193,-219,-219,-219,-219,-191,-191,-173,-192,-192,-225,-206,-224,-208,-186,-212,-194,-205,-201,-201,-201,-194,-176,-184,-225,-215,-192,-192,-204,-185,-185,-185,-217,-217,-186,-186,-186,-186,-186,-186,-246,-202,-211,-211,-199,-199,-199,-199,-199,-199,-199,-209,-209,-209,-209,-227,-227,-185,-235,-214,-219,-231,-206,-190,-204,-206,-203,-210,-213,-213,-223,-213,-202,-211,-220,-220,-208,-175,-181,-257,-252,-221,-203,-211,-208,-191,-213,-213,-242,-226,-204,-201,-207,-213,-227,-259,-259,-208,-198,-205,-233,-226,-226,-226,-200,-272,-243,-206,-224,-249,-227,-200,-219,-219,-226,-233,-230,-230,-205,-194,-166,-166,-167,-195,-221,-242,-230,-227,-228,-202,-166,-183,-183,-243,-248,-198,-198,-229,-217,-195,-188,-203,-229,-245,-243,-219,-198,-204,-209,-209,-214,-239,-238,-237,-237,-238,-247,-247,-247,-247,-247,-247,-247,-247,-238,-227,-207,-193,-200,-214,-203,-195,-211,-227,-216,-216,-199,-211,-236,-225,-233,-263,-244,-220,-216,-221,-232,-214,-185,-204,-235,-231,-219,-211,-209,-220,-220,-180,-216,-239,-207,-207,-200,-221,-178,-178,-178,-178,-178,-199,-235,-214,-205,-197,-194,-174,-166,-166,-212,-212,-212,-212,-212,-212,-212,-212,-218,-201,-222,-218,-218,-219,-243,-237,-237,-237,-237,-174,-174,-234,-217,-201,-201,-223,-206,-216,-218,-205,-198,-203,-203,-220,-220,-201,-201,-201,-201,-201,-226,-226,-226,-199,-214,-190,-206,-206,-206,-206,-216,-204,-204,-220,-220,-220,-220,-210,-210,-218,-218,-218,-218,-254,-254,-254,-222,-235,-202,-201,-215,-220,-220,-220,-236,-211,-204,-208,-201,-205,-198,-198,-187,-236,-232,-212,-211,-209,-202,-202,-201,-219,-219,-165,-165,-165,-165,-165,-215,-215,-215,-215,-225,-218,-205,-184,-184,-206,-206,-206,-206,-206,-231,-197,-197,-197,-230,-230,-221,-221,-221,-221,-214,-195,-225,-242,-208,-193,-202,-202,-181,-192,-182,-209,-209,-245,-223,-188,-200,-205,-180,-178,-204,-216,-216,-208,-196,-191,-173,-175,-209,-239,-224,-195,-206,-241,-229,-180,-174,-174,-218,-218,-218,-250,-213,-210,-217,-217,-206,-206,-220,-220,-220,-220,-220,-220,-220,-227,-238,-238,-238,-238,-200,-189,-227,-232,-207,-192,-188,-188,-203,-224,-216,-208,-239,-221,-213,-217,-231,-244,-219,-190,-221,-250,-222,-222,-202,-202,-220,-220,-219,-204,-211,-222,-177,-143,-214,-287,-287,-185,-185,-184,-218,-218,-218,-231,-234,-209,-205,-205,-214,-196,-199,-230,-228,-203
-204,-204,-204,-204,-204,-204,-204,-204,-204,-204,-204,-204,-204,-195,-195,-195,-157,-193,-176,-163,-163,-188,-188,-201,-201,-201,-201,-221,-205,-187,-203,-203,-203,-182,-182,-212,-212,-212,-212,-212,-212,-212,-212,-212,-212,-212,-212,-195,-201,-200,-169,-194,-194,-219,-194,-207,-219,-205,-205,-235,-235,-235,-179,-175,-220,-220,-220,-220,-220,-208,-208,-208,-208,-208,-208,-208,-208,-216,-216,-218,-218,-208,-188,-188,-188,-188,-229,-212,-210,-228,-206,-179,-191,-201,-182,-173,-197,-225,-225,-220,-185,-189,-170,-170,-170,-221,-222,-182,-184,-208,-197,-189,-189,-215,-207,-207,-208,-202,-220,-171,-171,-171,-171,-223,-214,-214,-214,-214,-214,-214,-214,-214,-196,-208,-239,-232,-220,-230,-194,-194,-157,-202,-202,-191,-191,-191,-191,-191,-169,-192,-193,-198,-212,-212,-219,-224,-195,-182,-200,-212,-201,-197,-217,-209,-177,-177,-192,-201,-201,-202,-219,-219,-229,-215,-186,-228,-244,-231,-219,-201,-195,-217,-199,-199,-183,-239,-208,-202,-204,-200,-200,-165,-165,-165,-178,-200,-213,-202,-210,-188,-180,-216,-231,-219,-232,-240,-228,-219,-219,-219,-206,-198,-198,-188,-204,-210,-222,-224,-198,-209,-224,-204,-204,-204,-214,-244,-222,-190,-208,-198,-198,-198,-198,-221,-211,-233,-245,-223,-223,-205,-214,-196,-177,-177,-240,-220,-199,-197,-205,-205,-178,-186,-213,-206,-206,-199,-199,-199,-199,-199,-199,-199,-199,-199,-199,-199,-197,-233,-233,-217,-217,-217,-217,-233,-233,-233,-193,-193,-193,-193,-193,-193,-186,-186,-237,-237,-187,-187,-187,-187,-187,-187,-220,-220,-220,-220,-220,-217,-226,-205,-222,-222,-183,-261,-218,-214,-236,-196,-177,-216,-232,-232,-232,-227,-227,-179,-179,-179,-179,-179,-179,-179,-225,-225,-192,-192,-192,-200,-199,-222,-233,-221,-216,-216,-202,-188,-188,-188,-188,-188,-188,-188,-188,-188,-228,-228,-228,-228,-199,-165,-219,-271,-271,-209,-209,-242,-214,-214,-214,-267,-267,-223,-203,-182,-250,-287,-216,-194,-252,-246,-225,-262,-262,-262,-266,-266,-266,-266,-266,-266,-266,-266,-266,-247,-250,-240,-225,-210,-209,-246,-246,-284,-284,-261,-261,-261,-261,-255,-248,-295,-278,-278,-278,-279,-279,-293,-293,-293,-293,-284,-284,-284,-284,-284,-274,-262,-292,-307,-288,-280,-278,-278,-333,-314,-295,-314,-304,-304,-303,-313,-249,-249,-316,-316,-318,-284,-304,-283,-275,-314,-309,-248,-270,-347,-338,-297,-315,-318,-279,-294,-334,-334,-334,-370,-319,-319,-319,-305,-305,-294,-279,-294,-294,-327,-327,-334,-305,-312,-299,-289,-311,-311,-311,-346,-325,-325,-314,-303,-298,-298,-298,-298,-333,-310,-294,-304,-304,-294,-307,-308,-308,-308,-331,-287,-288,-306,-306,-274,-274,-274,-274,-274,-274,-274,-274,-274,-349,-346,-321,-319,-315,-315,-317,-293,-292,-314,-331,-346,-350,-350,-305,-303,-303,-306,-263,-263,-263,-347,-347,-347,-335,-321,-316,-310,-310,-285,-320,-340,-334,-317,-303,-327,-331,-281,-297,-372,-372,-349,-287,-330,-320,-297,-296,-301,-310,-329,-327,-327,-315,-279,-279,-279,-301,-342,-342,-317,-317,-316,-333,-304,-285,-314,-310,-303,-292,-269,-269,-269,-325,-312,-313,-312,-304,-304,-304,-304,-271,-328,-327,-327,-296,-296,-296,-291,-257,-293,-313,-284,-294,-304,-261,-241,-257,-226,-226,-293,-275,-274,-284,-284,-284,-255,-214,-231,-231,-224,-224,-183,-273,-273,-273,-219,-219,-219,-219,-219,-219,-219,-219,-253,-253,-270,-223,-223,-223,-223,-217,-217,-211,-229
-187,-230,-225,-192,-191,-201,-210,-215,-205,-194,-193,-201,-210,-211,-211,-211,-209,-217,-209,-195,-199,-211,-206,-206,-222,-192,-192,-189,-189,-189,-189,-189,-195,-198,-188,-180,-163,-165,-207,-207,-197,-224,-224,-224,-206,-197,-191,-191,-191,-205,-201,-188,-209,-220,-220,-196,-175,-187,-209,-207,-214,-214,-227,-207,-196,-211,-211,-211,-211,-211,-211,-211,-211,-211,-211,-237,-237,-237,-237,-237,-237,-237,-240,-214,-219,-209,-211,-206,-206,-215,-215,-215,-240,-233,-202,-201,-203,-210,-238,-238,-231,-220,-251,-251,-174,-165,-191,-208,-209,-209,-216,-199,-189,-205,-235,-242,-226,-225,-209,-192,-194,-198,-195,-195,-195,-213,-214,-201,-193,-195,-182,-182,-182,-233,-233,-189,-189,-189,-189,-211,-198,-153,-245,-208,-187,-204,-197,-167,-165,-193,-204,-204,-190,-211,-225,-226,-226,-212,-195,-195,-215,-200,-163,-197,-233,-201,-194,-226,-176,-176,-192,-197,-194,-198,-201,-219,-210,-186,-187,-185,-178,-187,-202,-202,-213,-233,-208,-180,-193,-206,-203,-200,-202,-206,-213,-212,-212,-189,-209,-209,-228,-194,-179,-199,-199,-225,-213,-221,-235,-225,-209,-201,-201,-186,-186,-186,-186,-186,-186,-186,-186,-202,-192,-192,-217,-217,-226,-184,-201,-221,-204,-204,-239,-239,-239,-226,-225,-196,-169,-207,-225,-205,-236,-236,-259,-210,-187,-142,-142,-174,-235,-201,-219,-193,-164,-220,-232,-184,-197,-216,-189,-201,-201,-236,-232,-205,-205,-150,-150,-150,-245,-245,-254,-219,-219,-184,-200,-200,-182,-127,-127,-262,-262,-179,-202,-186,-173,-210,-207,-166,-196,-196,-245,-188,-192,-206,-161,-161,-168,-254,-248,-190,-168,-179,-179,-156,-156,-232,-232,-232,-232,-232,-232,-232,-232,-232,-232,-181,-175,-211,-173,-173,-173,-230,-238,-171,-204,-258,-203,-182,-253,-246,-174,-188,-248,-248,-186,-186,-165,-206,-211,-154,-153,-231,-201,-185,-196,-212,-213,-202,-207,-214,-196,-194,-194,-204,-208,-173,-167,-226,-226,-198,-186,-198,-184,-210,-210,-159,-159,-196,-196,-196,-196,-196,-196,-196,-180,-201,-218,-192,-181,-208,-221,-207,-207,-207,-207,-207,-243,-243,-243,-217,-217,-217,-217,-193,-196,-211,-190,-190,-190,-169,-207,-199,-178,-266,-266,-266,-266,-181,-198,-198,-196,-198,-207,-207,-182,-194,-218,-168,-162,-180,-168,-168,-186,-186,-202,-177,-177,-177,-177,-175,-175,-144,-166,-161,-175,-208,-177,-181,-178,-200,-200,-200,-227,-188,-227,-247,-220,-184,-173,-171,-171,-213,-213,-213,-213,-213,-213,-200,-198,-177,-177,-206,-244,-207,-208,-208,-211,-211,-211,-211,-211,-217,-194,-194,-194,-210,-179,-224,-279,-254,-218,-222,-213,-186,-176,-176,-176,-176,-192,-208,-208,-231,-216,-216,-228,-232,-218,-218,-240,-230,-233,-230,-230,-237,-237,-212,-212,-189,-218,-218,-218,-218,-218,-238,-238,-238,-238,-238,-238,-259,-259,-259,-259,-259,-259,-259,-259,-259,-196,-196,-205,-219,-223,-198,-198,-223,-223,-257,-246,-246,-246,-246,-230,-218,-174,-172,-182,-172,-193,-233,-233,-193,-183,-176,-176,-164,-169,-183,-211,-247,-248,-225,-223,-226,-203,-193,-193,-193,-193,-253,-258,-258,-220,-207,-203,-183,-155,-170,-228,-240,-208,-206,-214,-191,-169,-180,-206,-207,-202,-202,-210,-180,-180,-157,-160,-187,-208,-193,-193,-185,-208,-207,-207,-176,-204,-208,-200,-185,-181,-181,-202,-172,-190,-190,-189,-189,-189,-189,-167,-167,-167,-185,-185,-185,-180,-188,-185,-186,-194,-195,-191,-225,-225,-225,-192,-204,-204,-190
-207,-207,-207,-207,-207,-207,-207,-207,-207,-207,-207,-207,-207,-234,-234,-234,-234,-211,-202,-204,-204,-276,-276,-276,-276,-208,-208,-208,-208,-208,-208,-208,-208,-242,-260,-217,-174,-174,-272,-238,-202,-223,-220,-220,-220,-223,-210,-242,-256,-246,-246,-217,-195,-214,-245,-238,-212,-221,-218,-218,-217,-213,-216,-232,-246,-247,-245,-235,-222,-233,-235,-204,-200,-200,-247,-229,-229,-229,-229,-229,-233,-233,-233,-233,-243,-233,-233,-233,-226,-192,-238,-255,-238,-238,-254,-254,-202,-234,-243,-232,-245,-249,-249,-233,-198,-214,-241,-221,-215,-261,-272,-236,-236,-205,-205,-205,-205,-205,-205,-220,-224,-224,-224,-224,-224,-224,-224,-224,-255,-255,-255,-245,-245,-218,-229,-214,-196,-229,-271,-256,-234,-234,-258,-258,-258,-258,-258,-258,-258,-238,-221,-245,-232,-204,-214,-233,-227,-227,-238,-238,-217,-217,-217,-217,-217,-217,-247,-235,-235,-216,-218,-230,-224,-224,-224,-224,-223,-204,-210,-220,-208,-218,-218,-257,-228,-224,-223,-206,-219,-205,-204,-234,-224,-224,-224,-201,-221,-242,-202,-210,-226,-216,-199,-199,-245,-245,-244,-227,-210,-234,-238,-227,-223,-226,-215,-196,-215,-243,-226,-226,-208,-224,-220,-215,-206,-206,-214,-214,-190,-199,-199,-199,-199,-236,-236,-236,-236,-236,-246,-242,-252,-256,-230,-230,-202,-208,-216,-212,-208,-224,-224,-228,-192,-214,-214,-214,-214,-206,-234,-190,-193,-239,-233,-198,-211,-211,-211,-213,-174,-180,-255,-216,-197,-211,-210,-196,-200,-212,-216,-216,-215,-208,-204,-209,-208,-208,-203,-197,-197,-208,-208,-208,-208,-218,-200,-205,-206,-206,-206,-188,-215,-240,-229,-235,-222,-190,-202,-223,-204,-202,-229,-225,-201,-201,-231,-211,-194,-194,-215,-228,-228,-228,-228,-228,-203,-203,-232,-232,-232,-232,-232,-232,-232,-230,-230,-184,-197,-232,-234,-234,-234,-213,-228,-238,-238,-238,-213,-213,-213,-213,-213,-213,-213,-228,-220,-229,-210,-203,-227,-211,-210,-221,-221,-221,-203,-182,-199,-201,-208,-213,-218,-206,-200,-226,-228,-228,-195,-225,-246,-241,-240,-232,-208,-191,-188,-179,-191,-191,-204,-207,-242,-237,-212,-203,-204,-225,-225,-175,-175,-240,-208,-193,-193,-212,-212,-226,-226,-226,-226,-201,-201,-206,-202,-209,-222,-218,-204,-204,-204,-201,-199,-232,-232,-205,-183,-194,-199,-187,-202,-202,-243,-241,-221,-205,-216,-216,-216,-216,-211,-171,-209,-273,-211,-205,-205,-205,-207,-207,-187,-203,-237,-252,-252,-221,-211,-213,-210,-203,-193,-209,-209,-175,-251,-251,-251,-283,-208,-235,-213,-205,-248,-264,-235,-215,-215,-210,-194,-185,-193,-258,-242,-206,-214,-203,-168,-204,-283,-275,-217,-213,-213,-213,-211,-226,-226,-226,-226,-226,-226,-240,-209,-226,-239,-215,-230,-206,-190,-236,-258,-222,-218,-232,-213,-204,-204,-210,-210,-210,-210,-210,-210,-203,-203,-203,-203,-214,-214,-259,-211,-203,-211,-214,-214,-210,-187,-188,-252,-231,-222,-223,-194,-173,-195,-195,-230,-231,-231,-226,-226,-226,-226,-226,-236,-236,-236,-236,-236,-236,-220,-220,-214,-211,-234,-227,-201,-207,-207,-227,-209,-209,-221,-203,-204,-205,-205,-204,-232,-234,-234,-249,-228,-189,-191,-211,-211,-219,-218,-204,-201,-213,-211,-190,-197,-230,-231,-231,-214,-255,-255,-219,-219,-214,-214,-214,-214,-214,-202,-202,-202,-202,-202,-202,-202,-215,-241,-218,-240,-248,-253,-273,-257,-221,-220,-233,-235,-235,-226,-213,-211,-225,-225,-209,-212,-227,-224,-219,-211,-211,-217,-217
-200,-246,-245,-273,-278,-235,-255,-268,-243,-234,-254,-269,-240,-222,-269,-275,-233,-289,-258,-250,-252,-223,-242,-278,-255,-236,-259,-259,-259,-254,-254,-249,-249,-235,-242,-256,-245,-253,-273,-292,-281,-255,-262,-271,-265,-273,-272,-253,-253,-247,-254,-280,-292,-273,-273,-259,-259,-259,-246,-273,-277,-270,-273,-273,-234,-223,-221,-222,-254,-254,-286,-284,-284,-269,-242,-275,-236,-205,-260,-297,-273,-273,-247,-248,-248,-255,-255,-255,-269,-248,-250,-266,-272,-256,-256,-226,-226,-269,-269,-269,-269,-269,-269,-260,-260,-260,-260,-260,-260,-207,-207,-207,-207,-207,-209,-176,-257,-257,-257,-222,-222,-222,-222,-207,-207,-207,-212,-212,-212,-212,-212,-212,-249,-237,-191,-217,-287,-277,-227,-227,-248,-227,-227,-227,-245,-219,-272,-249,-216,-208,-202,-202,-202,-245,-245,-245,-245,-227,-230,-224,-224,-203,-203,-225,-225,-225,-225,-225,-197,-188,-232,-232,-232,-256,-256,-242,-214,-220,-231,-211,-211,-250,-250,-250,-225,-232,-241,-237,-238,-275,-276,-247,-219,-221,-246,-228,-187,-203,-245,-247,-246,-246,-224,-224,-231,-231,-257,-263,-246,-247,-240,-241,-235,-235,-235,-267,-267,-267,-228,-228,-219,-257,-257,-238,-238,-238,-238,-238,-238,-238,-238,-213,-208,-234,-241,-241,-213,-213,-213,-213,-218,-250,-250,-250,-250,-228,-210,-198,-198,-203,-202,-226,-222,-198,-242,-235,-235,-235,-227,-221,-232,-232,-232,-232,-232,-232,-232,-232,-232,-184,-184,-193,-193,-226,-226,-226,-226,-226,-237,-237,-237,-175,-175,-175,-175,-175,-204,-231,-215,-196,-200,-195,-183,-167,-169,-216,-237,-206,-200,-196,-177,-177,-177,-182,-210,-239,-243,-222,-202,-209,-209,-206,-145,-145,-180,-180,-180,-173,-188,-178,-178,-204,-204,-194,-208,-206,-183,-183,-144,-144,-144,-144,-165,-165,-165,-165,-165,-165,-204,-201,-214,-216,-216,-205,-225,-212,-212,-212,-212,-185,-223,-223,-215,-155,-155,-155,-155,-184,-208,-142,-227,-203,-222,-242,-203,-193,-193,-193,-222,-196,-159,-232,-232,-232,-200,-193,-172,-213,-245,-209,-203,-203,-230,-187,-194,-194,-194,-200,-204,-200,-199,-199,-205,-200,-222,-175,-191,-191,-191,-216,-170,-170,-187,-181,-219,-198,-198,-198,-193,-201,-213,-225,-223,-223,-230,-182,-189,-189,-142,-187,-187,-225,-225,-181,-194,-142,-160,-250,-230,-173,-205,-214,-214,-214,-188,-197,-197,-197,-197,-211,-211,-178,-220,-181,-196,-259,-246,-192,-202,-202,-194,-184,-184,-198,-189,-234,-228,-210,-233,-234,-193,-164,-176,-208,-208,-196,-208,-228,-228,-225,-230,-230,-191,-191,-215,-215,-215,-260,-239,-239,-208,-184,-173,-181,-190,-190,-230,-230,-187,-187,-187,-187,-187,-187,-207,-207,-263,-224,-201,-201,-201,-191,-205,-215,-226,-230,-199,-198,-231,-176,-176,-176,-193,-145,-170,-264,-270,-208,-192,-192,-209,-218,-171,-178,-178,-234,-216,-255,-264,-227,-219,-205,-191,-200,-206,-232,-266,-245,-202,-202,-210,-211,-182,-232,-211,-189,-242,-255,-193,-184,-224,-224,-183,-180,-214,-234,-225,-225,-207,-203,-211,-228,-225,-225,-227,-221,-221,-228,-205,-205,-193,-193,-232,-232,-232,-210,-215,-215,-215,-281,-281,-281,-251,-261,-257,-217,-217,-195,-211,-180,-191,-191,-243,-243,-243,-243,-209,-200,-198,-225,-246,-246,-229,-225,-205,-192,-214,-192,-192,-206,-206,-206,-241,-247,-200,-205,-205,-223,-223,-223,-206,-206,-206,-196,-206,-189,-194,-217,-209,-204,-204,-221,-232,-223,-238,-247,-231,-223,-217,-201
-220,-220,-220,-220,-220,-220,-220,-220,-220,-220,-220,-220,-220,-218,-218,-218,-205,-217,-208,-213,-213,-224,-239,-225,-234,-254,-254,-254,-254,-260,-259,-259,-239,-211,-212,-197,-197,-197,-242,-233,-237,-234,-234,-193,-256,-251,-231,-231,-231,-231,-250,-225,-207,-207,-219,-234,-234,-234,-234,-234,-211,-208,-196,-194,-239,-199,-199,-199,-199,-193,-238,-238,-215,-198,-228,-225,-209,-215,-215,-227,-230,-205,-173,-187,-187,-187,-187,-230,-230,-230,-230,-230,-230,-203,-196,-214,-214,-217,-191,-193,-224,-214,-205,-193,-205,-215,-206,-203,-224,-231,-218,-212,-212,-212,-201,-213,-213,-208,-206,-212,-198,-201,-207,-207,-193,-216,-216,-212,-188,-207,-229,-208,-176,-176,-178,-178,-178,-178,-210,-197,-176,-189,-210,-203,-195,-223,-223,-238,-201,-202,-202,-216,-217,-207,-241,-207,-207,-207,-207,-220,-209,-209,-204,-213,-196,-234,-278,-248,-205,-216,-224,-210,-209,-209,-213,-242,-248,-235,-241,-239,-239,-217,-208,-223,-234,-214,-202,-186,-194,-220,-226,-211,-223,-230,-205,-210,-226,-207,-206,-231,-225,-214,-224,-217,-191,-191,-196,-249,-218,-191,-211,-211,-211,-225,-207,-207,-216,-211,-236,-209,-217,-202,-202,-202,-202,-215,-220,-220,-220,-220,-220,-220,-220,-220,-220,-220,-211,-256,-244,-244,-244,-244,-236,-225,-241,-211,-211,-193,-235,-235,-235,-235,-235,-190,-207,-215,-211,-230,-247,-218,-218,-218,-194,-185,-210,-227,-224,-201,-201,-195,-200,-200,-200,-200,-204,-197,-218,-220,-195,-192,-219,-219,-209,-209,-209,-209,-209,-209,-209,-209,-229,-205,-225,-249,-230,-230,-218,-218,-218,-235,-207,-214,-255,-242,-242,-217,-217,-217,-217,-217,-203,-246,-257,-229,-208,-208,-239,-239,-204,-233,-233,-256,-227,-215,-222,-173,-173,-173,-173,-173,-173,-173,-173,-173,-173,-238,-238,-228,-234,-234,-224,-224,-218,-218,-218,-218,-212,-235,-235,-235,-208,-208,-208,-208,-189,-189,-189,-189,-217,-234,-231,-212,-191,-193,-171,-203,-216,-216,-216,-220,-246,-228,-201,-218,-227,-211,-217,-212,-210,-223,-241,-255,-242,-214,-209,-225,-239,-237,-237,-237,-237,-237,-225,-225,-225,-202,-202,-202,-202,-202,-202,-202,-189,-189,-189,-189,-285,-221,-214,-225,-208,-191,-192,-207,-232,-232,-239,-210,-180,-202,-229,-205,-197,-235,-235,-244,-220,-216,-213,-202,-191,-202,-206,-201,-244,-251,-251,-251,-210,-210,-224,-204,-189,-225,-225,-243,-243,-253,-227,-201,-201,-222,-208,-192,-192,-238,-238,-221,-214,-206,-227,-233,-218,-210,-203,-225,-258,-258,-199,-199,-199,-199,-199,-214,-214,-241,-240,-227,-213,-213,-231,-238,-211,-211,-204,-247,-241,-221,-234,-233,-233,-234,-234,-174,-174,-225,-231,-203,-225,-225,-230,-230,-230,-230,-193,-232,-258,-218,-235,-234,-207,-204,-204,-188,-180,-179,-179,-223,-223,-213,-213,-214,-212,-201,-204,-188,-191,-228,-251,-233,-205,-203,-193,-179,-179,-164,-164,-206,-206,-206,-206,-206,-197,-187,-187,-187,-187,-200,-198,-216,-220,-208,-208,-194,-205,-183,-234,-234,-234,-254,-230,-216,-176,-176,-196,-198,-156,-221,-229,-197,-197,-195,-183,-178,-175,-185,-209,-222,-215,-215,-203,-178,-178,-178,-217,-217,-217,-217,-217,-204,-204,-223,-212,-195,-202,-214,-214,-218,-218,-218,-218,-218,-218,-218,-226,-216,-199,-199,-235,-233,-204,-204,-222,-208,-208,-219,-220,-214,-207,-197,-204,-218,-223,-203,-203,-174,-224,-221,-199,-199,-200,-199,-225,-243,-243,-190,-190,-190,-190,-243
-222,-196,-183,-234,-236,-196,-187,-172,-172,-222,-250,-224,-224,-224,-189,-198,-198,-207,-207,-207,-207,-201,-201,-201,-201,-201,-201,-201,-186,-222,-250,-210,-216,-216,-216,-230,-213,-228,-202,-202,-194,-210,-169,-199,-199,-241,-224,-238,-251,-222,-215,-215,-203,-203,-203,-203,-180,-159,-187,-209,-209,-207,-233,-246,-223,-195,-201,-226,-228,-208,-208,-225,-242,-242,-255,-236,-209,-205,-238,-232,-218,-226,-225,-213,-213,-229,-229,-209,-213,-237,-244,-223,-223,-196,-239,-243,-215,-215,-215,-216,-212,-198,-166,-244,-278,-197,-197,-268,-253,-253,-223,-227,-227,-227,-227,-231,-218,-215,-222,-230,-222,-211,-212,-242,-274,-261,-261,-239,-239,-239,-233,-239,-239,-239,-206,-206,-206,-206,-206,-206,-206,-206,-206,-206,-206,-206,-206,-206,-183,-200,-241,-228,-228,-198,-186,-186,-186,-186,-213,-201,-201,-202,-197,-193,-216,-238,-226,-203,-199,-206,-206,-199,-203,-197,-197,-197,-234,-234,-221,-213,-206,-235,-262,-257,-226,-229,-256,-249,-222,-222,-222,-227,-227,-227,-227,-227,-225,-238,-217,-239,-280,-255,-255,-230,-216,-216,-216,-240,-221,-220,-231,-260,-258,-230,-229,-244,-244,-240,-244,-244,-195,-195,-195,-249,-245,-223,-223,-216,-246,-246,-246,-246,-246,-246,-201,-210,-210,-210,-210,-241,-210,-183,-225,-225,-252,-198,-198,-238,-217,-201,-201,-222,-230,-220,-228,-228,-228,-228,-228,-228,-228,-206,-232,-232,-200,-200,-200,-200,-200,-200,-228,-228,-228,-228,-216,-194,-191,-230,-236,-209,-203,-203,-198,-198,-248,-248,-170,-170,-170,-170,-170,-177,-247,-247,-231,-223,-220,-213,-198,-194,-190,-223,-238,-238,-207,-207,-199,-199,-199,-199,-199,-199,-199,-199,-199,-180,-180,-180,-180,-253,-211,-212,-205,-199,-199,-196,-156,-188,-257,-255,-217,-224,-224,-227,-227,-227,-227,-227,-227,-227,-229,-229,-229,-216,-216,-216,-216,-216,-216,-216,-214,-219,-226,-240,-233,-233,-222,-222,-245,-245,-245,-245,-245,-245,-245,-208,-225,-225,-207,-250,-275,-257,-257,-257,-244,-244,-221,-229,-227,-227,-183,-268,-268,-223,-154,-161,-161,-243,-243,-228,-228,-200,-187,-202,-191,-220,-272,-272,-164,-261,-209,-213,-213,-213,-232,-224,-231,-214,-200,-200,-235,-235,-235,-235,-235,-194,-186,-230,-238,-224,-259,-266,-221,-218,-225,-225,-201,-201,-289,-236,-223,-236,-236,-210,-230,-230,-240,-253,-235,-215,-215,-234,-234,-223,-207,-189,-209,-256,-268,-248,-248,-232,-219,-219,-223,-223,-217,-226,-203,-177,-177,-242,-242,-260,-260,-221,-224,-212,-212,-212,-195,-195,-195,-195,-237,-253,-238,-231,-231,-237,-253,-253,-253,-253,-253,-253,-217,-217,-217,-254,-263,-227,-227,-255,-268,-236,-214,-231,-248,-248,-226,-226,-215,-231,-220,-197,-221,-221,-212,-212,-212,-212,-212,-212,-182,-182,-263,-292,-240,-215,-233,-233,-215,-176,-217,-272,-272,-248,-229,-260,-232,-206,-221,-240,-229,-219,-241,-241,-247,-247,-237,-237,-215,-225,-200,-195,-255,-276,-276,-242,-242,-242,-217,-231,-237,-237,-208,-208,-238,-218,-218,-196,-190,-216,-216,-233,-216,-220,-246,-236,-209,-213,-198,-196,-212,-219,-224,-244,-243,-227,-227,-264,-264,-256,-256,-227,-227,-202,-212,-272,-290,-257,-246,-241,-241,-220,-227,-214,-229,-255,-236,-236,-259,-259,-259,-210,-213,-229,-227,-204,-230,-285,-277,-230,-212,-228,-231,-231,-204,-218,-231,-253,-257,-241,-241,-243,-239,-241,-241,-204,-214,-217,-182,-214,-281,-281,-225,-232,-222,-222
-201,-203,-203,-211,-201,-190,-195,-203,-199,-185,-181,-199,-210,-192,-192,-200,-200,-190,-218,-219,-198,-189,-193,-207,-207,-197,-197,-197,-197,-172,-172,-181,-184,-184,-184,-184,-220,-220,-220,-220,-193,-193,-193,-193,-193,-193,-193,-193,-206,-202,-176,-172,-172,-187,-177,-174,-216,-216,-216,-216,-178,-149,-174,-178,-193,-193,-193,-193,-193,-193,-193,-193,-193,-193,-193,-193,-193,-193,-193,-193,-193,-209,-209,-191,-193,-189,-170,-159,-160,-172,-178,-186,-202,-202,-203,-172,-172,-172,-155,-168,-198,-195,-171,-168,-168,-162,-155,-155,-150,-154,-154,-186,-188,-185,-179,-174,-165,-165,-155,-155,-155,-189,-189,-167,-181,-186,-157,-165,-191,-191,-180,-180,-180,-166,-169,-182,-170,-172,-182,-178,-183,-192,-182,-172,-182,-184,-184,-154,-132,-207,-194,-192,-206,-211,-221,-216,-191,-208,-208,-206,-181,-185,-196,-202,-202,-182,-167,-175,-210,-216,-197,-197,-190,-184,-170,-167,-167,-209,-209,-209,-209,-209,-209,-209,-209,-209,-209,-209,-195,-195,-161,-161,-188,-145,-166,-247,-256,-211,-204,-209,-199,-177,-165,-178,-178,-179,-243,-245,-189,-194,-218,-194,-159,-141,-166,-166,-208,-223,-205,-192,-165,-159,-200,-190,-156,-205,-205,-252,-212,-212,-212,-161,-149,-191,-227,-215,-214,-214,-214,-212,-180,-195,-148,-148,-148,-148,-148,-257,-231,-231,-231,-188,-188,-188,-188,-188,-165,-165,-187,-206,-170,-178,-184,-181,-185,-185,-182,-202,-202,-202,-202,-202,-213,-201,-204,-189,-190,-237,-239,-180,-168,-168,-218,-218,-167,-167,-167,-167,-167,-167,-167,-192,-202,-189,-203,-194,-164,-211,-207,-193,-194,-195,-181,-166,-203,-228,-204,-204,-223,-202,-202,-202,-190,-248,-248,-248,-248,-248,-179,-181,-193,-199,-196,-168,-168,-214,-214,-214,-214,-214,-206,-205,-228,-228,-192,-192,-198,-262,-219,-196,-196,-199,-189,-194,-194,-206,-250,-250,-207,-197,-211,-211,-227,-197,-197,-197,-236,-236,-203,-203,-203,-220,-220,-239,-182,-182,-182,-182,-195,-216,-237,-230,-183,-186,-220,-220,-189,-184,-170,-170,-182,-214,-193,-208,-223,-201,-201,-241,-239,-208,-208,-213,-188,-188,-212,-198,-198,-188,-212,-220,-220,-206,-206,-206,-206,-244,-244,-244,-208,-208,-197,-219,-218,-182,-274,-274,-208,-208,-212,-213,-215,-179,-168,-195,-209,-224,-239,-205,-167,-204,-247,-236,-208,-208,-209,-195,-200,-202,-195,-210,-230,-230,-173,-173,-198,-201,-219,-245,-233,-233,-197,-182,-177,-219,-219,-219,-223,-226,-215,-215,-215,-228,-228,-228,-228,-228,-228,-242,-193,-177,-203,-203,-223,-193,-203,-192,-184,-184,-219,-234,-227,-233,-212,-212,-221,-235,-230,-229,-229,-210,-211,-211,-234,-234,-234,-195,-195,-195,-195,-195,-195,-251,-251,-251,-251,-214,-219,-218,-201,-188,-188,-208,-240,-235,-212,-208,-236,-235,-212,-228,-219,-150,-152,-243,-273,-215,-191,-191,-208,-197,-181,-198,-233,-216,-216,-216,-214,-241,-241,-241,-241,-241,-241,-241,-200,-214,-215,-187,-196,-218,-204,-181,-181,-184,-199,-199,-218,-256,-241,-218,-223,-215,-215,-211,-211,-211,-189,-189,-189,-189,-231,-231,-231,-231,-231,-231,-231,-214,-260,-240,-199,-224,-251,-238,-238,-227,-186,-186,-210,-230,-220,-214,-224,-224,-235,-233,-233,-244,-244,-214,-214,-214,-214,-231,-209,-209,-238,-239,-224,-206,-206,-206,-200,-204,-274,-256,-214,-230,-230,-230,-205,-205,-208,-208,-193,-193,-247,-228,-230,-229,-225,-210,-178,-197,-197,-246,-219,-215,-216,-212
-236,-205,-212,-235,-241,-230,-222,-228,-202,-195,-220,-220,-220,-220,-238,-238,-238,-238,-249,-237,-207,-178,-207,-231,-194,-201,-231,-240,-214,-198,-221,-223,-209,-180,-180,-180,-220,-220,-257,-206,-218,-207,-219,-219,-228,-202,-219,-212,-197,-197,-228,-191,-191,-191,-191,-191,-191,-191,-191,-260,-260,-185,-185,-252,-221,-202,-230,-212,-212,-212,-223,-182,-182,-195,-218,-198,-193,-240,-240,-240,-223,-203,-203,-203,-201,-215,-206,-206,-201,-224,-213,-196,-199,-178,-164,-225,-281,-263,-238,-228,-228,-214,-171,-167,-167,-231,-224,-224,-259,-259,-233,-233,-233,-233,-233,-233,-233,-233,-233,-208,-209,-207,-209,-209,-218,-218,-218,-218,-178,-178,-178,-178,-178,-276,-234,-193,-206,-215,-215,-206,-200,-223,-212,-197,-199,-213,-223,-221,-221,-206,-221,-238,-212,-212,-189,-204,-225,-242,-208,-179,-213,-211,-180,-180,-207,-215,-215,-200,-197,-197,-205,-205,-222,-207,-199,-199,-201,-217,-217,-210,-211,-235,-211,-199,-197,-205,-215,-189,-175,-175,-209,-220,-220,-201,-201,-201,-251,-229,-196,-196,-198,-207,-207,-215,-217,-243,-204,-203,-233,-220,-182,-182,-207,-207,-207,-207,-207,-217,-189,-209,-243,-233,-211,-224,-249,-229,-206,-206,-215,-220,-219,-249,-265,-237,-237,-220,-255,-255,-243,-216,-238,-237,-237,-250,-221,-212,-231,-227,-199,-205,-248,-279,-264,-229,-218,-222,-222,-205,-192,-205,-237,-257,-248,-248,-248,-215,-215,-215,-215,-189,-198,-227,-227,-247,-225,-211,-211,-217,-211,-218,-244,-241,-241,-236,-237,-237,-225,-207,-239,-239,-265,-255,-220,-214,-210,-238,-256,-256,-235,-246,-246,-218,-218,-228,-228,-228,-228,-225,-252,-253,-253,-253,-249,-220,-218,-227,-230,-236,-234,-234,-245,-245,-245,-250,-250,-250,-250,-241,-234,-234,-234,-234,-275,-275,-244,-245,-248,-207,-201,-247,-247,-251,-263,-263,-256,-258,-246,-246,-235,-235,-238,-238,-238,-238,-208,-214,-247,-196,-223,-257,-244,-214,-196,-202,-228,-238,-230,-235,-240,-241,-240,-240,-180,-180,-180,-256,-289,-260,-260,-236,-235,-214,-208,-208,-306,-278,-235,-235,-235,-239,-239,-239,-239,-239,-239,-239,-239,-239,-206,-198,-198,-255,-255,-232,-256,-253,-253,-238,-220,-220,-220,-246,-246,-252,-242,-242,-224,-241,-248,-232,-230,-256,-256,-262,-238,-238,-238,-238,-251,-251,-251,-239,-239,-239,-230,-220,-195,-240,-234,-228,-260,-282,-253,-236,-248,-221,-212,-212,-261,-283,-251,-225,-225,-204,-225,-239,-202,-218,-262,-235,-235,-235,-224,-237,-232,-258,-258,-258,-226,-233,-226,-211,-268,-255,-242,-238,-236,-224,-214,-237,-254,-253,-261,-260,-248,-230,-196,-199,-199,-251,-222,-225,-225,-241,-205,-211,-217,-198,-190,-236,-236,-214,-214,-214,-214,-214,-214,-214,-242,-253,-227,-227,-224,-227,-251,-251,-251,-231,-235,-219,-203,-204,-207,-207,-226,-245,-245,-223,-223,-223,-204,-204,-204,-204,-219,-189,-206,-206,-251,-251,-251,-258,-258,-222,-222,-222,-222,-222,-222,-222,-227,-224,-224,-205,-230,-230,-226,-226,-226,-237,-237,-213,-213,-213,-212,-212,-254,-254,-254,-254,-254,-229,-212,-212,-212,-274,-274,-274,-274,-219,-219,-219,-233,-188,-215,-262,-266,-257,-257,-251,-240,-229,-234,-234,-240,-240,-240,-240,-227,-256,-225,-267,-280,-250,-249,-256,-256,-256,-242,-242,-236,-219,-230,-266,-279,-269,-265,-246,-257,-238,-227,-281,-245,-254,-228,-228,-254,-237,-219,-272,-272,-272,-272,-272,-260,-251,-251,-251,-192,-259
