122,122,122,122,122,122,122,122,113,113,113,82,76,111,116,101,102,132,129,109,131,133,133,101,84,93,105,61,25,65,98,66,66,21,86,90,63,76,76,87,47,47,47,47,47,60,60,60,60,60,60,60,60,151,-9,39,104,104,98,79,101,119,119,119,80,80,80,80,76,76,76,76,68,36,36,39,30,-6,-6,40,40,32,54,39,21,21,3,3,3,3,3,3,-1,0,-9,0,16,9,-3,-3,4,4,-6,2,2,2,2,6,47,47,47,47,31,12,32,63,74,62,23,25,21,7,17,60,70,66,117,132,80,58,83,96,80,80,80,61,78,92,110,112,112,82,76,56,56,81,81,72,93,93,78,69,69,69,79,79,43,43,53,58,37,37,37,30,77,82,72,72,72,72,55,106,139,139,38,38,30,11,35,104,104,30,30,74,18,49,94,70,62,62,53,53,53,53,53,53,24,47,60,73,78,78,51,88,105,78,78,61,65,50,47,47,47,50,85,100,59,57,84,76,132,120,53,47,47,51,38,94,85,70,96,99,80,68,56,46,46,46,42,84,62,73,67,55,55,55,81,57,58,73,62,40,40,101,85,62,62,102,102,50,76,100,78,60,71,72,63,63,33,33,33,33,66,66,66,66,85,13,50,79,43,43,58,89,87,78,80,108,65,62,49,29,24,24,43,52,54,67,64,64,64,64,55,67,44,44,44,86,92,61,50,76,79,79,66,78,87,61,59,33,17,42,57,41,35,35,4,4,4,38,38,-4,11,48,46,42,42,77,59,59,30,43,61,42,42,57,87,63,58,71,71,22,22,55,29,17,31,46,46,9,7,25,10,-6,-6,-8,-19,-19,11,1,1,-1,24,-37,-33,-33,-27,3,-1,-13,0,-13,-34,-19,-8,-19,-29,-29,-29,-15,-19,-16,-16,-4,-1,-18,-18,23,-28,-15,-15,-15,-15,-19,-19,0,0,-20,-28,-11,-15,-15,-34,-27,-23,-43,-43,-4,-18,-6,11,0,-6,-25,-31,-31,-31,-28,-23,-24,-19,-19,-54,-70,-36,-13,-24,-30,-18,-18,-33,-13,26,26,15,-26,-10,-24,-52,-52,-14,-11,-11,-26,-12,-12,-12,-12,-12,-12,-22,-53,-53,-53,4,4,4,4,17,22,10,10,-40,-37,-3,-11,-11,-9,-42,-42,-42,-42,-42,-42,-42,-42,-4,-4,-34,-60,-45,-32,-52,-46,-28,-26,-34,-33,-31,-56,-56,-56,-65,-31,-31,-31,1,-44,-44,-86,-86,-86,-86,-40,-40,-40,-40,-40,-40,-40,-40,-24,-19,-33,-42,-32,-25,-32,-53,-84,-84,-84,-61,-80,-80,-69,-69,-89,-75,-100,-82,-90,-90,-90,-90,-90,-87,-87,-66,-69,-78,-98,-119,-119,-122,-114,-106,-93,-93,-92,-92,-92,-92,-92,-92,-92,-92,-92,-137,-137,-144,-144,-113,-113,-122,-102,-70,-64,-121,-121,-121,-135,-99,-99,-123,-112,-108,-89,-67,-89,-104,-94,-107,-131,-124,-100,-91,-91,-94,-94,-94,-94,-94,-94,-94,-94,-56,-62,-71,-71,-69,-58,-38,-46,-60,-37,-28,-35,-48,-71,-84,-71,-71,-100,-102,-70,-70,-80,-80,-80,-67,-110,-84,-84,-84,-80,-80,-80,-80,-80
121,153,151,150,171,162,124,88,89,105,85,50,60,102,106,92,121,142,142,46,46,84,61,50,60,60,75,87,77,72,76,96,116,123,133,125,136,174,159,122,122,131,145,119,105,126,101,89,105,106,99,126,134,123,151,155,121,154,154,167,155,193,202,181,181,227,237,224,212,212,198,191,191,199,199,244,236,214,236,214,214,213,204,198,198,198,198,229,229,229,229,229,244,211,265,246,246,246,221,221,218,205,204,212,218,240,240,264,287,293,268,262,288,287,287,258,258,258,244,297,297,297,328,328,328,258,258,326,283,249,249,306,273,290,290,290,302,302,302,302,302,302,273,276,286,288,277,277,277,292,292,292,292,352,295,311,284,269,295,295,319,319,319,319,285,285,285,299,299,299,313,322,325,326,316,291,291,294,334,334,269,306,306,306,306,321,304,266,266,310,333,333,329,317,290,264,261,273,268,274,315,332,313,313,326,353,339,304,311,334,330,315,315,325,325,325,305,303,335,332,286,256,256,301,301,301,296,317,311,294,294,300,300,286,284,284,279,279,279,273,250,279,280,297,288,242,264,307,282,282,282,278,272,254,254,252,214,214,248,265,265,237,231,224,228,207,221,275,276,239,239,217,212,203,203,238,238,238,238,219,211,205,196,182,188,206,207,196,196,196,196,196,203,203,203,169,156,148,168,194,179,173,214,227,182,151,162,145,108,127,168,161,161,161,151,151,151,158,126,131,131,167,178,157,124,113,97,140,140,140,183,163,163,162,123,123,113,113,117,140,140,140,141,130,100,112,112,112,141,154,159,146,124,123,139,128,147,122,154,158,123,116,107,108,108,108,108,129,141,141,141,141,117,102,92,92,92,118,118,106,99,114,110,110,131,131,131,131,131,81,102,59,59,59,105,105,105,126,126,43,51,51,78,78,78,78,128,128,100,100,100,100,100,100,112,112,112,112,69,87,82,103,103,103,68,89,104,91,81,83,84,68,62,82,82,99,99,71,71,71,90,90,53,73,85,82,72,72,58,58,28,29,29,29,34,54,54,54,54,54,54,54,53,52,48,27,27,15,2,2,2,2,2,2,12,-17,-17,-17,-17,-17,4,-21,-48,-59,-52,-63,-88,-98,-116,-146,-163,-182,-182,-222,-207,-205,-205,-201,-243,-243,-238,-238,-233,-244,-244,-254,-229,-228,-271,-279,-274,-274,-286,-302,-298,-261,-247,-254,-246,-235,-233,-234,-228,-228,-202,-230,-230,-230,-246,-246,-254,-245,-256,-221,-189,-197,-197,-221,-221,-221,-276,-276,-276,-276,-276,-276,-197,-206,-255,-252,-236,-236,-232,-216,-198,-201,-201,-173,-173,-173,-216,-216,-165,-165,-214,-214,-177,-177,-177,-150,-150,-150,-150,-150,-152,-143,-125,-114,-114,-129,-119,-119,-119,-120,-120,-120,-120,-120,-120,-120,-90,-90,-90,-52,-59,-74,-74,-67,-43,-35,-62,-58,-24,-39,-64,-64,-25,-45,-38,-26,-38,-33,-33,-13,-15,-15,-35,-35,-25,-24,-14,-14,-31,-43,-43,-12,-43,-69,-45,5,5,30,2,5,9,9,11,42,32,3
-161,-161,-161,-161,-161,-161,-161,-161,-161,-161,-156,-156,-156,-156,-140,-149,-157,-157,-163,-157,-157,-157,-142,-128,-128,-101,-130,-130,-130,-130,-108,-108,-162,-112,-108,-108,-145,-145,-145,-145,-136,-134,-120,-123,-157,-157,-120,-122,-122,-137,-144,-121,-132,-150,-126,-126,-126,-166,-166,-149,-108,-136,-141,-120,-118,-134,-133,-131,-131,-128,-106,-106,-122,-136,-131,-105,-118,-136,-120,-92,-106,-114,-82,-87,-158,-183,-132,-114,-136,-120,-97,-97,-131,-141,-160,-160,-150,-129,-135,-135,-138,-138,-133,-133,-133,-128,-128,-128,-128,-152,-152,-167,-167,-169,-169,-171,-160,-151,-152,-127,-88,-126,-160,-120,-106,-153,-165,-135,-135,-166,-166,-171,-155,-185,-198,-182,-150,-146,-146,-155,-138,-134,-118,-111,-111,-134,-102,-101,-101,-122,-110,-126,-126,-138,-138,-169,-96,-80,-115,-127,-127,-112,-101,-101,-132,-133,-107,-100,-123,-123,-141,-119,-127,-132,-114,-120,-120,-129,-120,-138,-157,-157,-153,-145,-149,-145,-145,-138,-149,-148,-148,-148,-134,-142,-173,-179,-155,-143,-155,-168,-142,-114,-138,-138,-162,-146,-146,-146,-146,-145,-152,-152,-152,-127,-139,-162,-143,-111,-125,-140,-127,-111,-111,-110,-146,-146,-94,-94,-94,-130,-130,-130,-130,-130,-123,-123,-123,-123,-123,-108,-127,-147,-154,-154,-154,-134,-129,-108,-108,-119,-140,-114,-125,-125,-133,-133,-167,-206,-166,-143,-173,-162,-162,-162,-109,-127,-105,-100,-151,-178,-178,-141,-151,-151,-151,-156,-178,-131,-158,-171,-125,-128,-177,-165,-133,-133,-149,-186,-166,-166,-201,-171,-125,-98,-87,-101,-128,-135,-136,-136,-154,-159,-150,-155,-141,-123,-161,-176,-156,-153,-153,-153,-148,-105,-148,-161,-161,-138,-160,-158,-140,-136,-132,-124,-120,-120,-167,-165,-130,-130,-164,-146,-113,-113,-123,-138,-138,-161,-142,-101,-94,-109,-110,-110,-86,-119,-141,-141,-136,-136,-136,-74,-74,-135,-123,-109,-115,-115,-112,-136,-136,-136,-137,-137,-128,-141,-126,-94,-95,-124,-139,-139,-139,-129,-129,-129,-129,-129,-129,-129,-129,-129,-129,-129,-152,-152,-152,-152,-152,-99,-135,-128,-87,-87,-111,-151,-120,-120,-130,-130,-131,-131,-133,-127,-129,-154,-151,-151,-132,-132,-132,-132,-159,-159,-159,-130,-150,-165,-146,-146,-127,-127,-127,-127,-133,-114,-114,-113,-123,-123,-123,-131,-118,-116,-137,-137,-143,-110,-89,-102,-125,-130,-135,-158,-159,-127,-120,-144,-144,-154,-145,-162,-148,-122,-127,-144,-147,-169,-191,-154,-154,-127,-122,-122,-122,-122,-143,-153,-154,-132,-142,-142,-177,-121,-124,-135,-120,-119,-150,-150,-158,-119,-152,-124,-136,-155,-155,-142,-122,-109,-111,-111,-111,-127,-143,-143,-119,-137,-137,-131,-136,-168,-155,-129,-147,-146,-134,-140,-134,-134,-128,-131,-131,-131,-131,-131,-177,-155,-134,-146,-146,-154,-154,-165,-157,-125,-125,-112,-135,-133,-141,-139,-127,-105,-105,-110,-96,-91,-134,-144,-144,-128,-125,-79,-100,-100,-119,-108,-146,-146,-175,-171,-171,-171,-128,-145,-150,-140,-154,-160,-154,-166,-158,-158,-125,-132,-151,-157,-192,-194,-170,-170,-104,-104,-104,-118,-162,-162,-161,-161,-161,-148,-148,-148,-148,-148,-148,-148,-148,-148,-148,-148,-160,-149,-155,-159,-185,-201,-177,-158,-169,-162,-162,-136,-144,-141,-141,-141,-162,-181,-162,-159,-157,-139,-135,-142,-144,-159,-172,-158,-148,-167,-188,-188,-176,-144,-134,-150,-151,-123,-115,-145,-172,-152,-142,-155,-163,-140,-119,-104
-92,-263,-263,-263,-263,-263,-263,-263,-263,-263,-263,-263,-263,-263,-263,-263,-241,-258,-282,-278,-268,-267,-265,-265,-290,-290,-287,-269,-269,-269,-298,-298,-298,-298,-298,-298,-287,-287,-287,-287,-287,-285,-284,-285,-285,-285,-267,-292,-271,-271,-271,-272,-304,-296,-304,-297,-273,-272,-283,-283,-300,-300,-271,-246,-239,-269,-283,-270,-283,-283,-283,-283,-238,-308,-311,-267,-241,-241,-241,-233,-225,-222,-220,-219,-219,-220,-220,-229,-228,-239,-269,-268,-269,-243,-213,-216,-236,-255,-242,-213,-233,-249,-205,-204,-254,-254,-254,-241,-204,-187,-187,-187,-199,-199,-199,-199,-199,-199,-199,-199,-220,-220,-213,-194,-194,-194,-194,-180,-187,-190,-167,-167,-202,-201,-184,-189,-189,-220,-220,-187,-187,-187,-187,-187,-187,-187,-187,-187,-187,-187,-187,-187,-175,-169,-147,-147,-161,-161,-161,-158,-158,-155,-155,-155,-151,-151,-151,-151,-151,-138,-138,-138,-138,-138,-138,-138,-157,-144,-168,-173,-157,-150,-150,-142,-151,-147,-139,-139,-148,-154,-154,-154,-167,-174,-190,-190,-180,-143,-143,-143,-143,-143,-165,-165,-166,-173,-161,-137,-132,-132,-144,-146,-175,-175,-148,-166,-166,-166,-166,-163,-189,-189,-142,-154,-162,-170,-187,-187,-187,-157,-157,-157,-157,-165,-165,-165,-150,-150,-150,-150,-150,-125,-125,-125,-125,-125,-125,-164,-164,-164,-128,-128,-127,-127,-127,-127,-115,-152,-157,-135,-130,-135,-124,-117,-136,-154,-154,-156,-156,-139,-139,-139,-139,-139,-139,-139,-137,-137,-128,-128,-128,-128,-128,-128,-128,-128,-128,-128,-130,-119,-126,-116,-116,-131,-131,-142,-140,-140,-126,-122,-123,-128,-154,-169,-166,-177,-177,-123,-116,-134,-130,-123,-131,-140,-130,-127,-127,-145,-142,-121,-153,-192,-142,-139,-126,-122,-130,-139,-153,-153,-128,-128,-150,-137,-128,-160,-160,-163,-142,-146,-145,-149,-127,-127,-137,-135,-124,-128,-128,-135,-135,-135,-135,-152,-147,-132,-136,-135,-135,-120,-148,-134,-134,-106,-106,-122,-85,-132,-154,-143,-144,-144,-134,-134,-134,-134,-134,-127,-120,-117,-131,-134,-134,-154,-163,-147,-144,-141,-113,-107,-136,-134,-108,-104,-103,-118,-118,-150,-134,-133,-133,-133,-119,-128,-131,-152,-149,-119,-108,-108,-116,-117,-125,-123,-123,-110,-98,-117,-113,-113,-145,-145,-145,-139,-118,-130,-137,-126,-126,-110,-114,-114,-156,-141,-141,-141,-141,-141,-134,-134,-134,-134,-134,-124,-130,-151,-161,-159,-159,-141,-103,-102,-131,-157,-137,-111,-111,-161,-161,-161,-130,-130,-130,-127,-128,-143,-147,-146,-158,-158,-151,-135,-154,-134,-127,-127,-138,-125,-103,-112,-125,-136,-134,-127,-128,-135,-136,-119,-103,-109,-109,-114,-95,-96,-131,-142,-113,-111,-99,-95,-119,-136,-132,-124,-130,-141,-133,-133,-89,-89,-106,-97,-99,-118,-118,-150,-150,-150,-150,-150,-150,-150,-150,-134,-141,-131,-131,-135,-131,-135,-135,-113,-113,-113,-113,-145,-127,-119,-121,-121,-164,-164,-164,-128,-128,-128,-66,-66,-66,-109,-109,-106,-112,-110,-95,-115,-115,-142,-105,-102,-122,-125,-104,-101,-128,-131,-105,-100,-120,-120,-129,-99,-120,-140,-126,-120,-136,-129,-135,-135,-158,-143,-165,-162,-125,-125,-118,-111,-113,-113,-113,-113,-113,-113,-113,-113,-113,-113,-113,-113,-113,-113,-113,-113,-106,-128,-117,-92,-126,-134,-136,-126,-123,-127,-116,-113,-129,-128,-128,-128,-113,-132,-141,-141,-143,-143,-143,-136,-163,-161,-127,-107,-114,-129,-149,-165,-156,-149,-167,-167
-106,-106,-106,-106,-106,-106,-106,-106,-106,-106,-106,-99,-99,-99,-99,-99,-84,-79,-81,-103,-96,-63,-63,-113,-113,-83,-116,-114,-106,-106,-104,-110,-110,-135,-135,-104,-104,-99,-122,-123,-123,-97,-103,-132,-114,-81,-98,-120,-102,-102,-115,-92,-66,-66,-97,-101,-115,-105,-95,-114,-114,-98,-105,-114,-111,-121,-123,-110,-111,-114,-110,-100,-100,-79,-79,-104,-83,-67,-63,-86,-104,-84,-71,-71,-111,-111,-114,-114,-98,-98,-98,-99,-99,-99,-99,-106,-91,-91,-91,-130,-130,-88,-88,-88,-142,-142,-147,-114,-81,-70,-81,-81,-81,-76,-87,-116,-117,-83,-83,-68,-86,-87,-87,-100,-88,-88,-88,-98,-98,-77,-77,-77,-77,-88,-103,-103,-103,-109,-85,-79,-100,-80,-85,-83,-72,-82,-90,-99,-127,-137,-112,-97,-99,-99,-79,-77,-92,-102,-99,-103,-99,-87,-87,-87,-92,-111,-111,-103,-91,-89,-76,-76,-76,-101,-118,-111,-106,-93,-87,-99,-106,-97,-83,-83,-130,-133,-84,-61,-96,-121,-91,-70,-70,-92,-59,-54,-85,-85,-84,-84,-84,-84,-84,-84,-99,-95,-84,-84,-104,-95,-125,-94,-88,-118,-126,-109,-109,-119,-119,-119,-119,-119,-119,-131,-131,-131,-131,-125,-127,-127,-140,-131,-131,-131,-145,-145,-145,-145,-114,-97,-108,-101,-98,-107,-109,-114,-121,-119,-133,-143,-134,-134,-141,-141,-139,-166,-135,-155,-126,-119,-95,-95,-95,-95,-95,-106,-159,-159,-159,-159,-159,-159,-138,-125,-139,-139,-139,-167,-167,-159,-159,-141,-141,-141,-141,-141,-141,-164,-151,-131,-131,-150,-165,-151,-177,-159,-150,-165,-143,-134,-134,-140,-144,-144,-150,-148,-148,-153,-110,-136,-142,-147,-155,-134,-134,-147,-147,-147,-147,-147,-147,-137,-138,-138,-138,-160,-160,-132,-141,-169,-173,-173,-129,-134,-128,-122,-147,-169,-169,-153,-158,-171,-155,-160,-160,-182,-171,-136,-153,-132,-121,-133,-119,-119,-149,-151,-124,-137,-170,-170,-191,-191,-102,-113,-142,-147,-147,-132,-158,-158,-170,-122,-122,-122,-122,-105,-127,-122,-122,-122,-145,-125,-147,-166,-146,-130,-141,-144,-147,-147,-150,-150,-143,-143,-143,-143,-108,-108,-154,-80,-134,-156,-120,-119,-118,-118,-131,-131,-123,-128,-152,-152,-132,-145,-129,-123,-139,-123,-123,-99,-121,-121,-121,-141,-128,-139,-154,-151,-132,-121,-136,-136,-136,-135,-142,-145,-131,-131,-131,-110,-133,-133,-155,-178,-155,-128,-153,-159,-108,-108,-107,-149,-149,-149,-149,-149,-123,-133,-142,-122,-122,-113,-139,-139,-149,-140,-155,-199,-189,-137,-134,-153,-133,-140,-140,-140,-140,-140,-140,-140,-140,-140,-140,-140,-140,-120,-134,-128,-128,-128,-128,-128,-118,-118,-118,-137,-137,-137,-137,-140,-130,-145,-145,-119,-117,-130,-130,-128,-134,-124,-152,-135,-118,-118,-118,-118,-118,-137,-137,-137,-137,-137,-137,-137,-167,-167,-167,-167,-167,-167,-155,-129,-115,-115,-115,-115,-115,-148,-137,-140,-162,-159,-135,-130,-126,-126,-106,-147,-134,-118,-154,-154,-171,-154,-138,-119,-138,-134,-112,-113,-128,-126,-124,-133,-136,-131,-126,-126,-179,-179,-205,-136,-162,-160,-115,-104,-133,-140,-116,-111,-148,-170,-146,-139,-146,-146,-131,-116,-132,-146,-138,-138,-116,-117,-117,-98,-121,-121,-98,-98,-98,-122,-122,-90,-114,-114,-130,-99,-110,-122,-124,-128,-140,-143,-133,-135,-142,-132,-132,-137,-137,-137,-129,-127,-121,-107,-107,-124,-122,-136,-140,-109,-101,-124,-135,-127,-125,-125,-139,-124
-116,-134,-118,-92,-103,-135,-143,-134,-125,-124,-127,-120,-100,-100,-100,-92,-127,-127,-113,-123,-143,-129,-111,-107,-124,-114,-99,-117,-113,-88,-102,-102,-123,-96,-124,-127,-127,-118,-126,-115,-118,-118,-94,-94,-167,-150,-112,-127,-118,-82,-82,-82,-69,-115,-115,-141,-141,-95,-104,-137,-147,-128,-115,-113,-111,-115,-114,-114,-106,-102,-102,-102,-85,-85,-113,-119,-123,-103,-103,-103,-105,-105,-89,-71,-91,-117,-117,-114,-114,-114,-114,-98,-105,-114,-102,-77,-79,-94,-93,-93,-89,-98,-89,-105,-112,-109,-128,-123,-106,-90,-90,-90,-110,-119,-119,-107,-107,-107,-107,-107,-107,-107,-111,-119,-109,-101,-107,-117,-145,-145,-98,-98,-98,-98,-104,-77,-84,-98,-97,-102,-118,-110,-110,-88,-93,-119,-126,-126,-123,-129,-129,-129,-129,-129,-129,-129,-129,-129,-129,-126,-126,-126,-126,-126,-126,-126,-91,-91,-97,-116,-114,-118,-136,-153,-148,-109,-76,-84,-82,-87,-92,-89,-102,-111,-91,-88,-111,-105,-91,-113,-123,-123,-103,-102,-116,-115,-120,-134,-130,-129,-121,-106,-114,-129,-129,-132,-127,-99,-84,-93,-92,-74,-77,-77,-108,-103,-103,-123,-123,-128,-110,-94,-123,-137,-124,-107,-124,-152,-139,-113,-110,-110,-117,-127,-127,-127,-127,-127,-145,-145,-145,-130,-130,-126,-126,-126,-126,-134,-122,-102,-105,-113,-97,-110,-143,-143,-129,-136,-149,-136,-121,-133,-131,-131,-87,-106,-117,-135,-147,-137,-141,-141,-61,-61,-61,-61,-61,-61,-113,-133,-133,-140,-115,-115,-115,-111,-89,-89,-107,-106,-114,-112,-101,-95,-98,-116,-121,-93,-93,-90,-89,-74,-90,-93,-86,-86,-118,-119,-119,-105,-107,-115,-115,-111,-116,-116,-115,-115,-115,-72,-81,-128,-128,-121,-121,-121,-121,-121,-121,-121,-95,-79,-98,-83,-77,-79,-76,-73,-81,-104,-114,-100,-83,-80,-80,-98,-98,-105,-98,-98,-98,-98,-102,-99,-87,-87,-87,-87,-87,-87,-70,-101,-101,-101,-101,-101,-101,-124,-124,-124,-124,-124,-136,-133,-117,-111,-107,-111,-111,-106,-73,-89,-89,-115,-118,-137,-146,-132,-132,-108,-108,-108,-108,-91,-97,-110,-88,-75,-97,-109,-100,-87,-78,-78,-114,-109,-98,-98,-95,-72,-71,-79,-88,-109,-121,-117,-117,-122,-142,-128,-128,-119,-119,-77,-77,-77,-77,-76,-98,-111,-111,-124,-124,-96,-96,-96,-96,-96,-96,-96,-93,-88,-83,-68,-71,-63,-76,-76,-76,-76,-97,-126,-139,-121,-120,-120,-104,-107,-114,-114,-111,-104,-106,-121,-126,-122,-122,-116,-119,-123,-134,-154,-141,-141,-103,-127,-127,-127,-124,-124,-124,-119,-107,-103,-90,-90,-155,-155,-142,-142,-135,-117,-117,-117,-117,-85,-85,-85,-85,-127,-91,-81,-119,-117,-105,-147,-165,-165,-103,-103,-103,-103,-103,-126,-144,-137,-137,-130,-130,-115,-115,-141,-150,-136,-132,-132,-132,-132,-141,-120,-87,-98,-98,-118,-98,-136,-136,-129,-129,-129,-113,-108,-134,-131,-131,-97,-97,-94,-94,-94,-94,-94,-94,-111,-138,-130,-130,-139,-139,-141,-121,-121,-136,-136,-138,-148,-133,-130,-129,-124,-130,-150,-159,-151,-146,-153,-155,-148,-141,-128,-128,-142,-118,-99,-137,-137,-139,-136,-136,-136,-136,-136,-130,-149,-130,-107,-129,-129,-143,-112,-134,-149,-140,-134,-137,-130,-130,-131,-117,-117,-117,-139,-142,-135,-124,-140,-152,-152,-128,-140,-147,-127,-127,-127,-129,-141,-155,-177,-164,-138,-134,-139,-144,-146,-149,-156,-156,-164,-170,-166
-205,-166,-167,-164,-152,-167,-178,-145,-123,-146,-156,-148,-161,-167,-158,-158,-158,-158,-158,-158,-142,-142,-144,-144,-136,-167,-138,-138,-103,-137,-137,-137,-108,-163,-163,-163,-126,-139,-157,-154,-152,-145,-133,-135,-135,-150,-133,-111,-116,-116,-112,-126,-126,-126,-126,-153,-162,-157,-148,-148,-124,-124,-124,-124,-134,-124,-97,-109,-139,-137,-112,-112,-122,-159,-143,-143,-116,-116,-128,-138,-138,-138,-138,-138,-108,-108,-108,-157,-157,-148,-113,-89,-120,-120,-161,-161,-148,-138,-138,-138,-138,-138,-138,-134,-129,-139,-139,-132,-132,-138,-116,-116,-136,-131,-114,-114,-127,-151,-157,-141,-124,-141,-139,-139,-149,-141,-133,-146,-139,-123,-126,-123,-136,-136,-167,-167,-123,-123,-123,-147,-134,-144,-144,-149,-124,-124,-137,-127,-126,-111,-98,-98,-124,-136,-141,-142,-142,-146,-146,-146,-139,-131,-128,-128,-128,-130,-130,-142,-146,-143,-145,-151,-151,-143,-145,-145,-145,-145,-145,-141,-135,-149,-149,-130,-130,-130,-133,-123,-110,-113,-140,-166,-153,-137,-137,-144,-147,-155,-144,-151,-168,-147,-121,-130,-131,-131,-156,-156,-156,-156,-179,-149,-146,-142,-142,-118,-121,-130,-130,-130,-158,-179,-179,-179,-125,-134,-139,-138,-136,-136,-144,-145,-137,-136,-136,-124,-144,-171,-146,-146,-126,-126,-134,-134,-134,-144,-144,-158,-134,-132,-132,-132,-132,-139,-126,-146,-162,-128,-105,-141,-154,-122,-129,-129,-160,-119,-127,-144,-144,-111,-126,-146,-144,-144,-120,-120,-131,-128,-140,-144,-138,-116,-119,-119,-119,-119,-139,-142,-149,-144,-145,-176,-176,-176,-173,-125,-153,-155,-148,-179,-179,-165,-165,-165,-155,-140,-112,-108,-137,-137,-140,-113,-138,-177,-117,-130,-151,-144,-125,-125,-136,-132,-131,-149,-149,-137,-133,-147,-133,-122,-122,-137,-146,-144,-135,-137,-146,-146,-152,-168,-157,-139,-149,-163,-163,-154,-145,-146,-112,-116,-159,-154,-154,-127,-127,-165,-179,-130,-130,-130,-153,-164,-137,-147,-147,-147,-147,-147,-147,-147,-147,-147,-152,-132,-128,-139,-124,-113,-125,-139,-139,-148,-148,-148,-133,-133,-133,-105,-113,-141,-146,-146,-123,-123,-123,-123,-123,-123,-114,-84,-99,-119,-110,-111,-111,-133,-143,-149,-163,-120,-118,-114,-105,-118,-123,-116,-123,-128,-128,-148,-138,-138,-141,-138,-138,-123,-121,-135,-153,-128,-128,-92,-96,-96,-115,-127,-116,-132,-148,-142,-136,-134,-134,-147,-134,-111,-114,-134,-134,-122,-138,-138,-107,-110,-132,-132,-130,-143,-143,-143,-143,-143,-109,-115,-115,-112,-96,-113,-139,-139,-139,-136,-100,-85,-149,-149,-149,-120,-91,-101,-139,-154,-147,-147,-166,-137,-130,-133,-113,-102,-102,-132,-132,-132,-132,-116,-128,-128,-140,-119,-126,-136,-141,-157,-157,-157,-157,-146,-153,-123,-123,-98,-118,-121,-119,-119,-141,-128,-118,-121,-112,-127,-167,-167,-157,-99,-99,-99,-128,-128,-128,-128,-128,-128,-128,-128,-128,-126,-99,-99,-104,-92,-106,-106,-145,-121,-121,-121,-121,-90,-75,-75,-75,-114,-114,-114,-123,-117,-120,-108,-102,-122,-122,-108,-122,-139,-120,-117,-117,-76,-76,-76,-76,-76,-76,-90,-114,-114,-114,-114,-114,-114,-100,-96,-95,-103,-110,-98,-84,-94,-100,-80,-80,-83,-83,-98,-105,-128,-128,-142,-104,-109,-93,-85,-110,-114,-114,-120,-120,-120,-120,-120,-120,-113,-110,-125,-135,-123,-123,-129,-129,-129,-129,-129,-131,-122,-114,-114,-114,-112,-110,-112,-112,-112,-137,-131,-128,-126,-120,-118
-151,-151,-151,-151,-151,-151,-151,-151,-151,-151,-151,-151,-151,-151,-151,-130,-132,-151,-156,-154,-154,-126,-126,-126,-126,-126,-149,-140,-128,-129,-129,-135,-125,-113,-117,-117,-141,-164,-128,-128,-128,-128,-127,-122,-122,-148,-164,-140,-130,-161,-161,-156,-151,-151,-151,-138,-149,-157,-134,-137,-129,-132,-150,-146,-127,-127,-117,-105,-100,-120,-159,-159,-162,-152,-134,-124,-126,-138,-137,-107,-91,-112,-131,-127,-126,-126,-118,-98,-98,-117,-129,-99,-105,-105,-108,-98,-114,-114,-97,-101,-101,-101,-123,-125,-116,-113,-102,-90,-109,-125,-109,-109,-104,-133,-122,-114,-114,-114,-95,-95,-95,-135,-135,-135,-108,-108,-108,-99,-99,-99,-99,-99,-99,-86,-93,-106,-123,-138,-143,-119,-117,-143,-139,-123,-125,-124,-119,-139,-139,-139,-173,-165,-138,-111,-111,-111,-111,-111,-109,-109,-102,-105,-127,-127,-118,-118,-118,-117,-117,-100,-100,-100,-100,-100,-100,-100,-113,-122,-99,-88,-119,-119,-142,-142,-142,-142,-146,-105,-94,-93,-115,-124,-103,-111,-162,-174,-136,-136,-122,-137,-117,-140,-147,-140,-159,-159,-135,-135,-93,-83,-93,-98,-109,-109,-135,-127,-132,-142,-134,-104,-94,-94,-91,-91,-91,-91,-91,-91,-99,-99,-99,-99,-99,-114,-114,-114,-114,-114,-114,-114,-114,-114,-114,-114,-121,-121,-121,-129,-147,-148,-131,-131,-141,-141,-157,-160,-147,-120,-116,-110,-119,-149,-149,-130,-123,-129,-139,-139,-128,-128,-128,-149,-152,-147,-142,-129,-117,-109,-109,-109,-95,-117,-117,-117,-117,-133,-133,-129,-143,-149,-133,-132,-128,-121,-112,-116,-120,-104,-102,-137,-146,-131,-148,-148,-167,-160,-147,-145,-145,-127,-127,-127,-133,-133,-132,-132,-128,-112,-114,-146,-146,-165,-130,-130,-130,-130,-130,-92,-116,-120,-131,-128,-125,-136,-126,-126,-107,-145,-145,-141,-182,-172,-139,-138,-138,-139,-139,-137,-118,-119,-122,-119,-119,-149,-126,-126,-126,-126,-126,-126,-89,-113,-104,-112,-136,-137,-131,-133,-142,-150,-142,-142,-151,-151,-151,-151,-126,-131,-131,-145,-145,-145,-145,-145,-145,-145,-145,-145,-131,-131,-143,-151,-151,-151,-118,-118,-118,-118,-118,-122,-101,-130,-148,-128,-120,-139,-139,-146,-117,-117,-117,-111,-144,-111,-78,-96,-120,-120,-123,-113,-113,-157,-153,-144,-166,-144,-132,-135,-135,-135,-124,-118,-134,-153,-153,-160,-160,-160,-160,-151,-151,-151,-151,-142,-142,-142,-142,-159,-159,-159,-159,-143,-135,-123,-112,-106,-106,-118,-135,-135,-110,-146,-152,-142,-142,-147,-146,-146,-143,-131,-147,-154,-136,-188,-188,-188,-188,-188,-153,-161,-131,-125,-164,-169,-139,-139,-134,-157,-155,-142,-130,-130,-140,-171,-141,-141,-149,-149,-149,-127,-127,-127,-127,-146,-123,-118,-136,-139,-136,-157,-165,-146,-146,-136,-159,-159,-159,-140,-140,-172,-172,-172,-172,-172,-172,-172,-172,-162,-162,-155,-147,-147,-162,-162,-162,-162,-150,-140,-152,-152,-152,-160,-153,-168,-175,-164,-164,-158,-162,-149,-180,-179,-129,-129,-118,-152,-194,-185,-185,-185,-185,-185,-185,-185,-185,-186,-145,-147,-147,-152,-148,-149,-149,-180,-178,-173,-173,-173,-173,-154,-142,-142,-129,-129,-135,-135,-135,-135,-135,-139,-153,-172,-172,-169,-169,-159,-132,-132,-132,-136,-139,-131,-142,-167,-167,-167,-148,-148,-148,-148,-145,-137,-137,-141,-145,-140,-141,-151,-148,-148,-135,-139,-154,-171,-171,-168,-157,-157,-157,-125,-117,-139,-152,-144,-150,-150,-159,-159,-159,-153
-203,-203,-203,-203,-203,-203,-203,-203,-203,-203,-203,-203,-203,-203,-203,-203,-203,-203,-203,-202,-186,-186,-182,-182,-190,-190,-182,-194,-209,-209,-209,-206,-209,-209,-203,-191,-182,-175,-176,-178,-176,-177,-174,-178,-178,-191,-193,-196,-177,-190,-201,-182,-175,-175,-175,-175,-171,-174,-179,-181,-180,-177,-177,-175,-169,-169,-167,-179,-167,-174,-173,-152,-153,-153,-153,-147,-147,-169,-169,-166,-163,-156,-140,-136,-162,-192,-192,-192,-165,-171,-171,-171,-171,-172,-172,-172,-172,-174,-184,-164,-164,-164,-168,-158,-150,-152,-151,-149,-151,-152,-162,-162,-170,-156,-162,-146,-146,-146,-151,-151,-148,-148,-148,-148,-160,-157,-148,-151,-151,-165,-164,-108,-108,-108,-108,-108,-108,-108,-108,-129,-134,-137,-135,-142,-142,-144,-131,-131,-138,-128,-128,-128,-128,-128,-128,-128,-128,-128,-128,-128,-128,-129,-132,-149,-151,-133,-133,-126,-128,-132,-135,-132,-133,-133,-136,-136,-136,-136,-136,-128,-138,-138,-135,-130,-130,-147,-150,-144,-138,-135,-135,-135,-126,-143,-151,-146,-146,-154,-158,-149,-165,-165,-157,-159,-151,-144,-131,-127,-141,-149,-147,-150,-150,-162,-156,-156,-150,-138,-135,-140,-140,-147,-151,-133,-131,-145,-138,-123,-117,-117,-104,-111,-140,-158,-149,-149,-147,-146,-145,-145,-138,-134,-121,-121,-122,-122,-118,-121,-126,-119,-118,-125,-125,-108,-108,-100,-97,-106,-104,-91,-93,-93,-114,-113,-108,-108,-103,-115,-115,-115,-132,-136,-136,-140,-140,-132,-124,-132,-117,-103,-104,-108,-110,-109,-108,-108,-108,-138,-138,-136,-136,-138,-138,-123,-121,-103,-103,-103,-103,-103,-110,-117,-123,-118,-116,-114,-112,-108,-104,-106,-106,-108,-119,-113,-94,-94,-94,-95,-89,-113,-129,-116,-117,-117,-127,-128,-118,-118,-114,-120,-103,-88,-88,-88,-88,-103,-105,-112,-119,-115,-118,-125,-125,-125,-111,-114,-113,-113,-107,-109,-109,-115,-115,-113,-113,-113,-113,-113,-113,-113,-128,-128,-114,-108,-115,-121,-112,-112,-91,-91,-84,-82,-73,-80,-85,-93,-93,-118,-130,-117,-117,-117,-117,-122,-108,-109,-109,-109,-109,-112,-105,-119,-119,-121,-125,-122,-93,-89,-86,-83,-72,-83,-101,-101,-92,-109,-118,-110,-110,-102,-105,-108,-116,-116,-116,-116,-116,-116,-116,-116,-108,-116,-110,-108,-108,-122,-127,-122,-125,-128,-117,-117,-95,-95,-110,-107,-99,-99,-104,-117,-103,-108,-120,-114,-108,-114,-117,-120,-120,-121,-121,-118,-143,-135,-127,-140,-145,-145,-114,-107,-106,-110,-110,-123,-122,-122,-122,-122,-122,-123,-117,-102,-108,-113,-102,-93,-100,-100,-108,-112,-114,-125,-138,-152,-152,-152,-147,-118,-131,-127,-127,-111,-108,-113,-128,-126,-116,-114,-114,-103,-103,-100,-108,-113,-128,-129,-131,-142,-146,-136,-122,-111,-100,-98,-112,-117,-110,-110,-115,-130,-122,-123,-121,-121,-107,-98,-98,-102,-106,-106,-104,-94,-93,-103,-119,-120,-113,-120,-129,-126,-113,-111,-123,-123,-123,-117,-128,-128,-128,-128,-128,-128,-132,-132,-132,-132,-125,-131,-112,-112,-112,-111,-116,-122,-121,-121,-117,-125,-129,-139,-139,-155,-129,-129,-129,-129,-129,-129,-120,-120,-120,-120,-125,-125,-125,-125,-125,-111,-111,-111,-115,-100,-100,-130,-144,-135,-126,-123,-123,-116,-112,-112,-118,-107,-107,-116,-123,-118,-129,-129,-161,-154,-154,-124,-133,-138,-147,-151,-151,-160,-156,-156,-152,-152,-152,-130,-130,-129,-129,-129,-142,-153,-149,-136,-135,-135,-140,-147,-148,-148
-194,-194,-194,-194,-194,-194,-194,-194,-194,-194,-194,-194,-194,-221,-196,-198,-197,-184,-187,-214,-214,-214,-215,-221,-239,-239,-228,-216,-226,-226,-234,-225,-209,-201,-206,-216,-228,-228,-234,-229,-225,-220,-225,-240,-235,-210,-227,-241,-231,-221,-225,-215,-209,-224,-224,-227,-227,-226,-226,-226,-226,-226,-204,-226,-211,-185,-184,-192,-198,-195,-194,-197,-197,-197,-199,-199,-199,-199,-178,-190,-185,-179,-183,-183,-206,-206,-206,-206,-206,-215,-196,-170,-170,-161,-199,-199,-164,-164,-164,-164,-150,-168,-168,-167,-173,-164,-167,-175,-175,-193,-193,-190,-180,-170,-162,-153,-165,-165,-165,-165,-166,-166,-212,-212,-209,-195,-190,-172,-162,-180,-172,-159,-181,-181,-181,-181,-185,-174,-186,-186,-186,-186,-186,-152,-152,-152,-152,-142,-159,-179,-187,-187,-185,-184,-178,-165,-160,-148,-134,-135,-139,-132,-129,-129,-129,-162,-162,-162,-156,-153,-149,-159,-167,-160,-148,-157,-159,-132,-132,-114,-127,-145,-148,-140,-140,-154,-167,-167,-167,-167,-167,-167,-167,-167,-167,-167,-167,-167,-189,-189,-189,-189,-189,-172,-172,-172,-136,-136,-136,-136,-136,-124,-133,-152,-152,-145,-153,-155,-138,-144,-171,-184,-164,-137,-137,-144,-144,-144,-144,-144,-143,-143,-143,-140,-185,-157,-148,-168,-168,-169,-156,-156,-156,-156,-156,-156,-156,-156,-142,-135,-142,-166,-166,-166,-161,-161,-161,-152,-143,-132,-131,-140,-140,-143,-138,-153,-153,-153,-153,-153,-153,-153,-152,-147,-140,-144,-136,-136,-133,-147,-147,-147,-158,-152,-161,-173,-170,-157,-138,-138,-140,-140,-140,-140,-141,-141,-141,-155,-154,-125,-122,-130,-136,-128,-120,-133,-137,-137,-130,-145,-139,-138,-143,-141,-121,-121,-103,-112,-158,-157,-151,-153,-151,-149,-154,-158,-149,-141,-141,-135,-125,-145,-157,-139,-126,-137,-154,-154,-148,-148,-134,-122,-120,-115,-132,-143,-131,-127,-130,-123,-123,-121,-128,-125,-127,-118,-109,-112,-112,-115,-115,-115,-115,-141,-141,-141,-141,-141,-125,-143,-143,-132,-147,-147,-147,-147,-137,-137,-133,-120,-122,-128,-135,-135,-135,-135,-140,-134,-128,-128,-117,-112,-112,-105,-105,-111,-111,-111,-111,-123,-142,-132,-132,-106,-97,-91,-91,-93,-93,-95,-96,-85,-85,-85,-118,-118,-118,-116,-142,-157,-144,-131,-131,-120,-105,-96,-96,-141,-141,-141,-141,-154,-154,-154,-154,-152,-144,-119,-114,-132,-132,-139,-134,-135,-148,-144,-128,-132,-149,-173,-173,-149,-149,-132,-126,-123,-123,-123,-153,-153,-153,-153,-153,-153,-153,-153,-153,-164,-157,-166,-166,-163,-145,-142,-164,-170,-181,-181,-155,-158,-146,-139,-155,-155,-155,-162,-160,-159,-150,-150,-150,-154,-152,-152,-156,-166,-160,-165,-162,-166,-181,-168,-152,-156,-156,-149,-147,-153,-153,-153,-153,-153,-153,-153,-153,-140,-140,-140,-140,-151,-141,-135,-146,-146,-143,-146,-156,-161,-161,-136,-136,-126,-129,-124,-127,-127,-127,-153,-153,-153,-153,-153,-153,-172,-159,-160,-189,-198,-198,-185,-167,-167,-160,-164,-167,-171,-220,-220,-215,-188,-174,-174,-168,-165,-156,-140,-128,-139,-155,-150,-138,-140,-160,-181,-194,-196,-198,-200,-198,-186,-186,-186,-186,-156,-156,-156,-153,-137,-143,-157,-157,-185,-186,-176,-176,-184,-110,-110,-110,-110,-110,-110,-110,-120,-136,-145,-154,-159,-159,-150,-139,-139,-139,-131,-141,-147,-132,-147,-181,-181,-183,-194,-192,-192,-163,-157,-147,-140,-169,-169,-169,-169,-171,-192,-172,-164,-178,-158,-128,-130
-102,-146,-129,-101,-115,-80,-56,-131,-157,-105,-102,-114,-112,-135,-146,-132,-132,-114,-114,-114,-124,-87,-81,-106,-115,-115,-97,-148,-125,-110,-99,-91,-91,-91,-127,-137,-137,-132,-132,-128,-129,-155,-145,-145,-125,-144,-127,-122,-151,-150,-125,-129,-142,-142,-132,-121,-126,-124,-115,-108,-108,-117,-123,-111,-113,-140,-143,-143,-106,-106,-113,-110,-110,-101,-149,-132,-132,-97,-109,-136,-135,-135,-120,-120,-120,-120,-120,-113,-129,-148,-148,-148,-145,-149,-160,-139,-133,-140,-143,-146,-139,-145,-175,-179,-153,-134,-133,-133,-123,-108,-110,-129,-129,-157,-157,-130,-134,-134,-134,-143,-122,-96,-119,-150,-150,-117,-132,-104,-90,-115,-127,-124,-145,-161,-148,-145,-150,-140,-115,-115,-115,-146,-121,-140,-140,-135,-135,-117,-118,-128,-139,-131,-124,-146,-162,-162,-138,-138,-138,-138,-138,-138,-113,-120,-167,-167,-167,-167,-168,-154,-136,-138,-157,-124,-124,-145,-154,-138,-135,-127,-130,-136,-125,-124,-131,-139,-157,-165,-145,-132,-141,-139,-132,-140,-144,-141,-156,-160,-126,-118,-143,-145,-145,-128,-128,-139,-139,-141,-134,-117,-116,-130,-142,-145,-137,-134,-154,-154,-170,-146,-146,-150,-146,-138,-116,-108,-111,-115,-128,-136,-138,-143,-155,-160,-149,-146,-161,-176,-170,-155,-145,-140,-140,-154,-154,-161,-181,-174,-156,-154,-145,-145,-129,-129,-145,-139,-151,-151,-144,-154,-153,-130,-149,-203,-203,-199,-185,-145,-164,-171,-171,-171,-159,-157,-166,-185,-181,-160,-161,-163,-163,-155,-165,-165,-165,-165,-147,-147,-147,-172,-165,-161,-161,-183,-180,-170,-156,-142,-146,-146,-171,-171,-171,-171,-171,-150,-157,-153,-153,-153,-144,-125,-173,-173,-136,-135,-139,-152,-148,-120,-124,-166,-191,-191,-154,-151,-151,-147,-147,-143,-150,-157,-157,-164,-151,-151,-151,-148,-148,-148,-172,-172,-158,-179,-193,-183,-183,-168,-140,-141,-153,-161,-175,-178,-167,-167,-167,-153,-172,-172,-184,-182,-191,-199,-199,-174,-200,-227,-236,-225,-205,-201,-210,-210,-210,-174,-152,-142,-146,-150,-150,-174,-174,-174,-174,-174,-197,-186,-183,-184,-184,-174,-174,-174,-174,-174,-174,-174,-190,-173,-173,-173,-173,-182,-182,-172,-172,-139,-139,-139,-150,-144,-152,-167,-167,-167,-173,-164,-150,-166,-187,-182,-163,-163,-163,-168,-153,-152,-161,-173,-173,-175,-175,-175,-168,-157,-167,-166,-148,-146,-153,-161,-161,-177,-170,-164,-169,-163,-163,-155,-152,-161,-161,-161,-137,-137,-137,-137,-164,-154,-154,-156,-167,-167,-167,-162,-161,-177,-195,-177,-150,-154,-162,-154,-146,-139,-140,-147,-149,-165,-201,-201,-164,-164,-164,-157,-158,-157,-152,-163,-175,-175,-160,-151,-138,-133,-154,-160,-148,-142,-151,-167,-167,-161,-182,-182,-159,-159,-161,-181,-184,-167,-167,-167,-167,-167,-167,-167,-167,-167,-167,-155,-163,-163,-163,-163,-163,-163,-157,-157,-157,-201,-201,-201,-201,-201,-161,-161,-161,-161,-195,-195,-195,-195,-195,-195,-173,-173,-163,-172,-162,-143,-143,-152,-142,-168,-199,-179,-165,-165,-174,-142,-135,-147,-147,-165,-134,-134,-134,-144,-143,-162,-162,-149,-145,-146,-144,-154,-167,-167,-147,-147,-147,-204,-204,-204,-135,-135,-135,-135,-135,-135,-135,-135,-147,-169,-168,-138,-138,-142,-142,-151,-134,-146,-148,-152,-168,-177,-177,-162,-134,-134,-180,-180,-161,-132,-143,-151,-144,-156,-162,-177,-172,-164,-160,-144,-130,-136,-141,-147,-154,-147,-143,-146,-149,-156,-156,-166,-170,-168
-149,-133,-123,-114,-121,-105,-66,-86,-126,-108,-94,-123,-125,-114,-114,-114,-123,-101,-101,-86,-86,-86,-69,-84,-112,-112,-112,-112,-112,-112,-112,-112,-112,-112,-112,-112,-112,-112,-112,-118,-118,-118,-118,-124,-124,-124,-124,-124,-84,-84,-115,-138,-120,-106,-125,-118,-145,-88,-101,-127,-141,-131,-129,-148,-142,-133,-151,-151,-140,-145,-136,-136,-136,-136,-119,-118,-115,-108,-109,-116,-121,-127,-131,-157,-154,-142,-137,-136,-151,-165,-150,-134,-134,-122,-100,-140,-140,-124,-97,-108,-125,-116,-118,-122,-120,-121,-128,-135,-138,-146,-157,-157,-157,-156,-168,-168,-143,-143,-150,-150,-130,-155,-159,-143,-143,-143,-143,-149,-146,-141,-141,-130,-137,-137,-150,-150,-145,-161,-147,-158,-161,-138,-138,-138,-138,-161,-187,-172,-161,-161,-189,-178,-187,-190,-164,-160,-165,-153,-153,-144,-144,-144,-144,-174,-174,-169,-169,-169,-176,-170,-143,-132,-137,-133,-140,-140,-140,-148,-153,-160,-154,-154,-143,-136,-136,-136,-120,-136,-132,-127,-161,-163,-141,-141,-157,-131,-126,-126,-137,-130,-140,-177,-195,-195,-173,-173,-152,-145,-163,-180,-165,-165,-139,-139,-139,-130,-130,-145,-135,-144,-165,-165,-173,-173,-173,-173,-173,-170,-149,-142,-151,-164,-164,-150,-137,-137,-151,-151,-177,-168,-150,-154,-178,-199,-186,-186,-106,-106,-106,-106,-106,-106,-106,-106,-106,-106,-101,-117,-120,-100,-100,-125,-125,-125,-125,-125,-125,-178,-178,-178,-178,-178,-178,-158,-155,-163,-162,-158,-161,-166,-160,-162,-165,-160,-160,-160,-160,-135,-129,-136,-136,-144,-144,-144,-154,-119,-127,-127,-163,-163,-157,-169,-151,-163,-170,-170,-141,-135,-111,-111,-111,-111,-111,-111,-118,-137,-138,-141,-168,-150,-156,-173,-173,-173,-157,-157,-171,-146,-120,-133,-132,-145,-153,-140,-127,-126,-125,-134,-155,-157,-157,-137,-143,-161,-159,-143,-146,-150,-138,-113,-101,-114,-114,-114,-124,-115,-115,-112,-144,-157,-151,-162,-162,-166,-132,-134,-132,-132,-132,-111,-111,-118,-124,-110,-112,-126,-128,-136,-136,-149,-120,-120,-132,-113,-122,-124,-117,-117,-112,-112,-100,-124,-124,-124,-124,-146,-146,-146,-146,-118,-112,-109,-118,-127,-127,-101,-101,-112,-147,-148,-133,-132,-136,-136,-133,-123,-118,-118,-134,-123,-135,-134,-132,-132,-129,-126,-118,-130,-130,-130,-153,-153,-138,-138,-138,-138,-138,-138,-138,-120,-118,-118,-118,-119,-119,-119,-119,-119,-119,-119,-112,-119,-117,-113,-113,-124,-124,-107,-130,-130,-130,-114,-120,-132,-125,-121,-124,-146,-155,-137,-134,-141,-132,-132,-140,-140,-140,-140,-121,-120,-114,-123,-138,-134,-122,-114,-114,-114,-153,-131,-125,-134,-143,-143,-158,-152,-153,-160,-164,-153,-153,-136,-136,-136,-136,-118,-118,-118,-118,-118,-117,-113,-113,-139,-139,-139,-139,-126,-126,-126,-99,-83,-83,-83,-83,-83,-83,-83,-99,-127,-120,-115,-119,-104,-112,-117,-109,-112,-127,-126,-123,-140,-137,-114,-110,-110,-117,-117,-118,-130,-130,-130,-146,-166,-163,-134,-126,-129,-123,-121,-127,-135,-131,-113,-106,-106,-124,-140,-116,-115,-134,-141,-122,-110,-136,-142,-142,-107,-107,-107,-75,-81,-87,-101,-125,-132,-132,-123,-131,-152,-137,-122,-131,-149,-136,-121,-121,-113,-113,-113,-113,-113,-113,-128,-146,-98,-98,-177,-171,-152,-151,-141,-143,-132,-110,-123,-123,-123,-146,-135,-119,-125,-133,-117,-110,-131,-138,-130,-137,-139,-135,-146,-146,-118,-118,-118,-118,-118,-118,-118
-137,-224,-224,-224,-224,-224,-224,-224,-224,-224,-224,-224,-224,-202,-202,-198,-194,-209,-204,-204,-179,-238,-212,-212,-188,-188,-188,-183,-166,-164,-165,-165,-168,-193,-208,-204,-204,-194,-194,-181,-181,-181,-176,-140,-200,-200,-192,-191,-197,-199,-206,-188,-186,-209,-213,-195,-195,-203,-203,-217,-203,-203,-203,-203,-203,-203,-203,-203,-203,-189,-193,-193,-193,-214,-204,-198,-198,-186,-194,-213,-191,-191,-191,-191,-191,-191,-191,-191,-191,-191,-191,-205,-204,-197,-220,-191,-174,-212,-232,-216,-222,-222,-214,-198,-210,-230,-222,-222,-196,-202,-202,-196,-190,-178,-182,-218,-224,-198,-198,-207,-207,-188,-194,-192,-204,-231,-238,-209,-186,-191,-191,-214,-215,-204,-201,-201,-188,-188,-208,-208,-241,-241,-241,-241,-207,-207,-207,-207,-207,-207,-223,-228,-228,-228,-228,-228,-203,-189,-202,-224,-224,-204,-224,-242,-244,-244,-224,-224,-259,-269,-223,-217,-241,-220,-220,-251,-251,-234,-237,-249,-249,-246,-222,-229,-229,-222,-183,-183,-183,-195,-216,-216,-216,-216,-216,-216,-208,-209,-209,-209,-209,-209,-244,-213,-206,-221,-204,-194,-213,-213,-248,-236,-214,-210,-210,-176,-176,-176,-176,-176,-166,-168,-144,-182,-224,-236,-246,-228,-187,-170,-172,-172,-156,-156,-156,-197,-197,-197,-197,-197,-196,-203,-182,-175,-175,-201,-201,-233,-191,-184,-208,-220,-220,-217,-225,-225,-210,-215,-232,-226,-228,-223,-223,-208,-208,-208,-208,-208,-204,-186,-195,-193,-193,-193,-221,-221,-192,-178,-189,-205,-205,-210,-194,-194,-194,-194,-194,-194,-194,-194,-219,-219,-219,-194,-181,-187,-187,-219,-219,-219,-219,-219,-247,-253,-227,-227,-212,-233,-233,-233,-233,-233,-233,-233,-224,-217,-225,-225,-244,-242,-260,-267,-250,-229,-229,-218,-238,-257,-241,-241,-222,-230,-229,-234,-234,-222,-209,-201,-201,-213,-208,-208,-208,-214,-233,-233,-171,-179,-212,-195,-185,-185,-202,-217,-217,-217,-226,-202,-202,-202,-205,-205,-205,-179,-179,-179,-182,-181,-189,-195,-195,-199,-195,-193,-204,-204,-174,-190,-194,-194,-190,-182,-182,-182,-189,-189,-189,-189,-215,-210,-201,-213,-225,-225,-211,-211,-211,-211,-210,-200,-188,-190,-190,-186,-186,-196,-187,-217,-204,-207,-222,-206,-175,-165,-167,-170,-179,-181,-176,-175,-170,-165,-188,-206,-178,-178,-204,-204,-204,-198,-202,-205,-189,-185,-188,-196,-196,-189,-179,-178,-185,-185,-195,-196,-194,-207,-207,-215,-210,-216,-184,-152,-152,-196,-184,-180,-193,-181,-187,-187,-187,-190,-180,-177,-177,-177,-178,-178,-178,-178,-154,-154,-184,-189,-183,-184,-184,-195,-192,-187,-185,-175,-178,-188,-167,-142,-142,-142,-170,-175,-169,-168,-155,-159,-158,-135,-135,-166,-166,-138,-185,-185,-185,-170,-168,-181,-181,-190,-183,-170,-158,-187,-194,-153,-153,-165,-165,-165,-165,-165,-177,-173,-172,-172,-152,-149,-147,-147,-184,-184,-184,-184,-184,-184,-157,-152,-152,-143,-159,-186,-192,-174,-169,-178,-179,-189,-187,-186,-196,-180,-159,-172,-182,-161,-161,-172,-172,-173,-173,-191,-187,-152,-144,-144,-135,-135,-199,-199,-199,-199,-153,-167,-181,-161,-161,-182,-186,-182,-182,-173,-153,-146,-143,-154,-154,-167,-182,-197,-185,-172,-162,-160,-158,-159,-162,-157,-157,-157,-157,-166,-158,-158,-178,-187,-187,-196,-196,-196,-161,-169,-168,-149,-147,-161,-161,-162,-145,-153,-184,-188,-156,-156,-155,-179,-196,-189,-190,-190,-189,-135,-122,-122,-151,-146,-146,-157,-163,-154,-147,-160
-177,-130,-131,-165,-170,-181,-204,-189,-174,-182,-193,-209,-190,-161,-178,-191,-191,-184,-148,-148,-148,-148,-148,-148,-178,-183,-165,-142,-142,-142,-142,-171,-138,-172,-172,-172,-197,-170,-175,-173,-173,-172,-176,-148,-151,-177,-169,-170,-188,-193,-196,-196,-156,-156,-156,-186,-185,-152,-152,-186,-152,-149,-162,-162,-178,-186,-162,-161,-166,-166,-156,-188,-188,-165,-166,-185,-194,-194,-195,-188,-173,-178,-178,-199,-191,-191,-191,-191,-191,-181,-180,-164,-169,-169,-155,-136,-148,-148,-190,-190,-190,-190,-190,-194,-194,-194,-239,-209,-184,-168,-168,-196,-182,-166,-181,-182,-188,-188,-206,-169,-190,-192,-171,-171,-178,-185,-208,-208,-195,-132,-142,-153,-147,-141,-161,-188,-187,-173,-169,-163,-147,-167,-167,-182,-196,-212,-212,-192,-197,-162,-145,-168,-168,-166,-166,-166,-166,-180,-201,-201,-193,-196,-196,-173,-173,-180,-180,-180,-180,-177,-177,-177,-177,-170,-197,-180,-159,-143,-131,-146,-146,-166,-173,-182,-182,-149,-180,-191,-150,-147,-147,-166,-166,-166,-166,-166,-166,-158,-179,-175,-196,-206,-193,-160,-130,-130,-130,-130,-122,-134,-156,-140,-140,-140,-168,-114,-114,-105,-142,-156,-149,-171,-165,-137,-137,-155,-152,-152,-139,-138,-158,-169,-160,-170,-184,-177,-177,-182,-182,-170,-168,-171,-190,-190,-185,-173,-173,-173,-180,-180,-180,-180,-180,-181,-181,-181,-181,-181,-169,-165,-143,-141,-150,-150,-150,-145,-148,-151,-151,-142,-150,-163,-159,-148,-187,-178,-155,-157,-157,-157,-157,-165,-165,-168,-173,-173,-173,-136,-136,-136,-136,-136,-136,-136,-178,-170,-142,-171,-195,-181,-181,-151,-151,-166,-166,-166,-166,-185,-149,-149,-149,-149,-149,-143,-137,-154,-156,-134,-130,-130,-144,-150,-139,-139,-126,-115,-153,-167,-142,-143,-172,-188,-188,-172,-147,-147,-148,-127,-127,-125,-156,-180,-181,-171,-166,-144,-142,-151,-153,-161,-167,-160,-160,-121,-121,-121,-121,-142,-159,-147,-147,-136,-158,-159,-187,-187,-187,-187,-170,-170,-184,-175,-177,-154,-139,-142,-154,-153,-153,-135,-151,-151,-162,-162,-162,-184,-148,-117,-133,-125,-90,-116,-142,-113,-113,-122,-165,-176,-150,-150,-185,-185,-151,-151,-151,-151,-151,-151,-151,-151,-151,-152,-152,-152,-152,-154,-154,-154,-150,-150,-150,-140,-140,-140,-157,-165,-160,-160,-145,-145,-145,-169,-169,-169,-174,-174,-174,-174,-136,-142,-142,-142,-139,-139,-139,-139,-119,-119,-119,-119,-119,-119,-117,-111,-113,-145,-145,-145,-151,-151,-151,-151,-151,-151,-151,-151,-124,-106,-135,-146,-138,-138,-143,-136,-136,-123,-126,-135,-135,-140,-138,-138,-123,-135,-136,-140,-147,-147,-147,-161,-143,-150,-150,-151,-139,-139,-139,-139,-139,-139,-145,-145,-151,-166,-150,-172,-172,-172,-172,-169,-135,-135,-135,-163,-167,-163,-161,-172,-157,-115,-115,-112,-171,-158,-173,-196,-184,-164,-164,-162,-139,-123,-123,-162,-162,-143,-182,-155,-103,-121,-166,-168,-167,-177,-177,-161,-161,-161,-161,-161,-149,-156,-164,-170,-170,-120,-120,-181,-164,-162,-179,-184,-184,-213,-173,-153,-172,-148,-148,-148,-168,-170,-155,-109,-126,-126,-174,-167,-160,-178,-174,-153,-153,-136,-136,-136,-136,-136,-163,-163,-194,-194,-194,-194,-167,-158,-170,-172,-177,-188,-168,-125,-128,-175,-194,-194,-155,-180,-191,-191,-150,-132,-131,-131,-151,-165,-165,-163,-163,-162,-162,-139,-134,-166,-166,-166,-170,-182,-166,-166,-184,-175,-163,-156,-166,-192,-199,-199,-194,-151
-192,-215,-212,-187,-191,-223,-220,-194,-202,-216,-199,-183,-195,-202,-182,-182,-176,-176,-172,-165,-182,-187,-195,-195,-217,-199,-210,-216,-216,-216,-216,-216,-168,-168,-168,-168,-140,-148,-169,-175,-167,-167,-154,-142,-142,-147,-172,-174,-171,-169,-169,-165,-165,-154,-164,-165,-184,-191,-167,-167,-172,-166,-166,-183,-183,-160,-165,-154,-168,-168,-174,-174,-174,-150,-165,-165,-139,-139,-139,-150,-150,-150,-150,-167,-167,-169,-174,-166,-172,-172,-149,-149,-140,-175,-175,-175,-188,-188,-188,-188,-159,-159,-186,-186,-186,-193,-193,-193,-170,-170,-146,-173,-173,-160,-143,-148,-167,-184,-216,-220,-180,-162,-162,-154,-154,-170,-182,-182,-182,-150,-170,-171,-135,-127,-144,-144,-149,-170,-170,-170,-180,-170,-176,-176,-171,-171,-171,-177,-163,-148,-167,-167,-152,-138,-138,-177,-177,-143,-143,-143,-123,-127,-140,-171,-182,-163,-182,-182,-215,-203,-202,-208,-153,-157,-181,-201,-201,-201,-198,-192,-206,-192,-166,-174,-140,-141,-144,-133,-155,-171,-155,-154,-163,-142,-142,-123,-135,-126,-116,-136,-136,-141,-158,-160,-146,-146,-147,-136,-144,-144,-171,-167,-123,-121,-163,-163,-163,-163,-177,-167,-167,-167,-179,-183,-183,-183,-137,-182,-182,-182,-186,-186,-186,-177,-166,-154,-154,-146,-129,-146,-136,-136,-173,-173,-156,-151,-151,-188,-188,-188,-210,-182,-172,-167,-167,-167,-154,-160,-128,-128,-128,-128,-207,-207,-207,-207,-207,-211,-182,-206,-168,-179,-198,-175,-164,-164,-162,-162,-170,-163,-173,-184,-162,-154,-154,-175,-176,-166,-166,-156,-127,-142,-133,-133,-133,-114,-131,-131,-131,-132,-135,-127,-127,-127,-141,-151,-132,-121,-122,-136,-153,-153,-120,-120,-142,-146,-138,-152,-152,-170,-147,-147,-147,-156,-123,-162,-151,-162,-156,-137,-138,-138,-138,-138,-138,-197,-197,-197,-197,-192,-192,-150,-150,-150,-150,-150,-150,-150,-154,-154,-154,-136,-164,-158,-151,-160,-160,-157,-148,-145,-157,-176,-179,-186,-166,-152,-148,-148,-148,-151,-169,-169,-161,-161,-161,-158,-147,-136,-109,-107,-130,-138,-125,-133,-133,-178,-178,-178,-174,-156,-136,-118,-118,-162,-162,-182,-182,-182,-182,-182,-157,-157,-157,-157,-157,-157,-157,-157,-155,-159,-159,-159,-159,-159,-159,-141,-148,-169,-153,-129,-149,-171,-171,-142,-142,-136,-119,-119,-127,-127,-127,-127,-130,-140,-147,-147,-126,-129,-165,-156,-99,-101,-101,-115,-115,-155,-155,-176,-176,-187,-187,-187,-187,-187,-187,-187,-111,-113,-131,-131,-124,-127,-142,-148,-147,-137,-147,-166,-167,-159,-164,-153,-143,-143,-160,-147,-147,-138,-152,-144,-141,-166,-176,-153,-160,-173,-138,-138,-157,-157,-177,-116,-116,-116,-116,-116,-116,-150,-150,-150,-150,-150,-141,-141,-141,-141,-141,-116,-107,-113,-113,-118,-105,-105,-110,-125,-121,-141,-141,-118,-118,-118,-184,-184,-184,-184,-184,-184,-146,-159,-141,-117,-117,-131,-168,-168,-122,-122,-144,-124,-125,-117,-98,-109,-136,-136,-139,-111,-125,-143,-130,-130,-159,-159,-159,-157,-159,-131,-128,-156,-156,-140,-165,-208,-195,-195,-163,-153,-141,-150,-146,-141,-153,-150,-130,-130,-130,-130,-147,-128,-129,-136,-133,-139,-137,-126,-126,-147,-161,-158,-158,-162,-164,-139,-140,-140,-140,-127,-127,-127,-144,-142,-130,-137,-148,-143,-148,-148,-145,-128,-145,-169,-154,-140,-145,-134,-134,-151,-158,-132,-132,-133,-141,-141,-141,-152,-152,-152,-152,-152,-152,-168,-138,-128,-128,-134,-140,-135,-135,-135
-164,-152,-160,-178,-184,-176,-161,-145,-134,-141,-163,-176,-171,-165,-165,-189,-197,-164,-164,-175,-163,-161,-165,-165,-173,-167,-164,-177,-192,-190,-185,-192,-183,-166,-167,-167,-149,-142,-144,-130,-122,-144,-144,-161,-162,-160,-149,-148,-148,-147,-145,-129,-129,-150,-157,-151,-156,-156,-166,-172,-157,-157,-155,-181,-181,-181,-181,-190,-190,-190,-190,-160,-155,-154,-154,-192,-192,-192,-192,-192,-192,-157,-157,-167,-167,-167,-167,-167,-148,-148,-148,-165,-176,-186,-177,-169,-167,-167,-159,-150,-129,-129,-153,-159,-151,-156,-156,-160,-150,-150,-150,-150,-150,-135,-140,-149,-138,-176,-152,-150,-138,-162,-158,-124,-125,-153,-153,-153,-153,-153,-163,-163,-133,-169,-132,-132,-132,-132,-162,-162,-162,-143,-137,-140,-133,-133,-142,-131,-122,-119,-109,-110,-130,-141,-144,-157,-166,-162,-151,-134,-117,-132,-153,-139,-145,-161,-161,-134,-163,-163,-148,-166,-166,-140,-140,-129,-160,-160,-160,-160,-160,-160,-178,-158,-134,-134,-162,-153,-153,-153,-153,-153,-153,-146,-143,-152,-176,-181,-173,-173,-150,-150,-122,-172,-162,-148,-148,-148,-203,-203,-203,-203,-203,-149,-149,-149,-163,-162,-169,-164,-164,-151,-151,-173,-173,-173,-173,-173,-173,-173,-173,-173,-173,-173,-173,-178,-139,-139,-160,-153,-169,-110,-130,-176,-151,-135,-170,-161,-130,-130,-138,-138,-138,-138,-145,-150,-146,-150,-150,-111,-113,-126,-140,-155,-145,-138,-163,-172,-154,-151,-160,-160,-167,-167,-167,-160,-160,-138,-162,-162,-137,-132,-132,-122,-144,-162,-142,-142,-122,-161,-161,-161,-161,-161,-161,-131,-131,-131,-164,-164,-164,-164,-163,-163,-163,-163,-163,-163,-162,-162,-162,-153,-153,-153,-153,-116,-119,-132,-132,-141,-154,-151,-161,-156,-140,-150,-176,-184,-184,-201,-191,-140,-120,-120,-129,-133,-148,-148,-135,-135,-135,-174,-174,-174,-149,-124,-138,-159,-165,-171,-176,-175,-162,-156,-156,-194,-194,-171,-157,-188,-127,-138,-172,-164,-153,-165,-169,-172,-176,-157,-157,-138,-146,-165,-171,-172,-158,-133,-130,-145,-152,-138,-126,-126,-170,-170,-170,-170,-158,-158,-158,-158,-158,-134,-134,-134,-143,-143,-113,-112,-146,-160,-160,-137,-123,-149,-159,-134,-120,-133,-139,-134,-139,-139,-143,-143,-143,-143,-143,-152,-150,-171,-171,-171,-171,-183,-165,-150,-166,-190,-189,-189,-152,-166,-164,-154,-159,-159,-156,-161,-168,-168,-152,-150,-150,-150,-150,-150,-150,-155,-150,-149,-149,-149,-170,-166,-156,-158,-168,-168,-189,-189,-200,-159,-153,-144,-115,-115,-173,-173,-173,-165,-168,-166,-157,-176,-189,-174,-163,-170,-155,-143,-140,-140,-140,-134,-130,-130,-130,-130,-152,-152,-152,-202,-145,-145,-163,-169,-197,-199,-148,-148,-148,-148,-144,-172,-194,-194,-175,-230,-230,-230,-199,-185,-187,-175,-184,-178,-167,-175,-163,-163,-163,-163,-184,-184,-184,-184,-184,-184,-184,-205,-205,-205,-205,-180,-129,-138,-182,-211,-182,-162,-162,-183,-171,-171,-171,-171,-153,-156,-174,-189,-198,-185,-158,-158,-190,-168,-139,-139,-156,-166,-169,-200,-200,-200,-200,-200,-152,-149,-159,-159,-159,-173,-188,-188,-188,-188,-188,-188,-188,-188,-155,-138,-133,-133,-158,-171,-139,-160,-161,-151,-151,-160,-138,-138,-137,-150,-150,-121,-159,-180,-135,-157,-177,-162,-138,-145,-171,-172,-150,-152,-156,-144,-133,-130,-133,-133,-130,-139,-139,-115,-115,-115,-167,-133,-133,-131,-131,-131,-131,-131,-131,-133,-132,-142,-159,-146,-104,-107
-121,-164,-151,-166,-192,-152,-149,-181,-161,-165,-208,-169,-164,-169,-167,-159,-173,-189,-173,-162,-162,-162,-163,-163,-163,-156,-156,-175,-142,-134,-158,-164,-153,-153,-126,-126,-126,-154,-193,-160,-162,-162,-162,-180,-180,-175,-171,-156,-141,-121,-114,-140,-167,-170,-172,-172,-147,-131,-148,-149,-142,-142,-160,-151,-168,-189,-172,-172,-163,-165,-143,-119,-119,-119,-145,-140,-132,-121,-125,-120,-120,-120,-214,-214,-214,-214,-196,-177,-164,-178,-178,-166,-156,-156,-183,-183,-183,-183,-183,-178,-180,-150,-150,-150,-153,-140,-162,-145,-145,-157,-157,-157,-162,-173,-159,-125,-109,-110,-117,-152,-182,-178,-178,-160,-146,-146,-146,-146,-146,-146,-106,-121,-163,-163,-163,-148,-143,-143,-150,-157,-157,-157,-157,-157,-156,-178,-167,-172,-168,-138,-138,-138,-160,-141,-137,-138,-138,-138,-166,-166,-172,-172,-172,-181,-162,-150,-163,-163,-141,-141,-141,-162,-144,-144,-144,-144,-144,-171,-152,-154,-189,-214,-197,-162,-162,-148,-160,-174,-174,-174,-174,-144,-144,-177,-184,-184,-163,-165,-152,-151,-165,-153,-168,-178,-177,-177,-177,-155,-146,-179,-162,-173,-192,-192,-158,-179,-179,-179,-144,-144,-173,-173,-173,-173,-173,-173,-159,-179,-152,-152,-147,-147,-147,-147,-147,-147,-147,-188,-188,-188,-188,-130,-130,-144,-158,-167,-176,-170,-171,-181,-181,-178,-185,-185,-160,-160,-140,-177,-160,-165,-183,-183,-162,-172,-209,-183,-190,-170,-136,-155,-185,-168,-149,-149,-155,-164,-234,-216,-186,-201,-226,-203,-203,-176,-164,-158,-156,-178,-178,-178,-222,-170,-174,-187,-177,-179,-179,-164,-176,-176,-184,-189,-196,-196,-180,-159,-150,-150,-161,-153,-145,-184,-186,-161,-167,-181,-196,-190,-190,-169,-162,-183,-183,-183,-178,-165,-145,-151,-141,-159,-186,-182,-185,-195,-193,-193,-184,-167,-159,-159,-159,-160,-200,-200,-200,-200,-200,-200,-200,-200,-199,-162,-157,-175,-176,-146,-132,-142,-150,-149,-148,-148,-164,-181,-169,-172,-192,-186,-183,-167,-166,-176,-160,-140,-144,-156,-185,-235,-246,-206,-176,-168,-168,-193,-162,-141,-170,-170,-175,-149,-177,-177,-177,-177,-177,-166,-145,-154,-167,-155,-142,-152,-155,-155,-138,-138,-138,-138,-138,-138,-138,-138,-175,-200,-168,-187,-187,-179,-134,-161,-161,-161,-161,-167,-167,-150,-157,-174,-174,-158,-160,-160,-167,-179,-172,-161,-161,-171,-171,-179,-179,-179,-179,-179,-158,-158,-158,-176,-145,-136,-137,-137,-137,-137,-180,-170,-170,-163,-163,-163,-163,-146,-146,-157,-157,-157,-157,-181,-181,-181,-180,-170,-165,-163,-157,-167,-167,-167,-200,-194,-178,-155,-151,-150,-142,-142,-156,-156,-149,-147,-136,-135,-141,-141,-124,-155,-155,-175,-175,-175,-175,-175,-137,-137,-137,-137,-187,-169,-168,-161,-161,-165,-165,-165,-165,-165,-171,-180,-180,-180,-144,-144,-154,-154,-154,-154,-135,-137,-179,-173,-183,-172,-149,-149,-150,-124,-139,-154,-154,-157,-169,-171,-166,-156,-146,-160,-155,-144,-144,-161,-178,-157,-178,-173,-147,-131,-136,-148,-164,-177,-169,-172,-168,-168,-176,-176,-176,-144,-192,-172,-144,-149,-159,-159,-206,-206,-206,-206,-206,-206,-206,-229,-172,-172,-172,-172,-180,-167,-143,-140,-157,-155,-154,-154,-176,-177,-148,-148,-179,-174,-169,-172,-179,-174,-162,-172,-193,-185,-162,-162,-172,-172,-158,-152,-206,-176,-142,-143,-166,-165,-149,-142,-142,-158,-158,-177,-163,-163,-163,-173,-154,-134,-146,-146,-122,-163,-146,-124,-147,-151
-167,-167,-167,-167,-167,-167,-167,-167,-167,-167,-167,-167,-167,-155,-155,-155,-141,-161,-153,-141,-141,-132,-132,-155,-155,-155,-155,-166,-180,-171,-152,-152,-152,-175,-175,-177,-177,-177,-177,-177,-177,-177,-177,-177,-177,-177,-177,-170,-150,-158,-183,-158,-158,-177,-188,-171,-168,-184,-184,-173,-173,-173,-195,-208,-155,-155,-155,-155,-155,-166,-166,-166,-166,-166,-166,-166,-166,-162,-162,-160,-160,-169,-162,-188,-188,-188,-154,-165,-173,-167,-173,-172,-156,-141,-151,-175,-161,-135,-135,-146,-156,-135,-166,-166,-166,-133,-111,-131,-141,-141,-168,-189,-189,-183,-177,-177,-172,-169,-167,-173,-173,-173,-173,-144,-184,-184,-184,-184,-184,-184,-184,-184,-180,-161,-133,-162,-203,-194,-170,-170,-154,-172,-172,-180,-180,-180,-180,-180,-113,-144,-160,-138,-140,-140,-165,-163,-162,-135,-115,-158,-192,-172,-161,-186,-186,-157,-157,-159,-159,-153,-177,-177,-168,-160,-187,-182,-139,-125,-128,-130,-152,-170,-172,-172,-175,-153,-148,-168,-172,-157,-157,-144,-144,-144,-145,-136,-159,-179,-183,-189,-175,-161,-158,-178,-185,-162,-165,-188,-188,-188,-173,-172,-172,-175,-127,-145,-169,-171,-180,-178,-176,-184,-184,-184,-155,-144,-142,-140,-141,-163,-163,-163,-163,-165,-193,-194,-164,-156,-156,-168,-167,-157,-155,-155,-125,-126,-148,-139,-131,-131,-126,-135,-126,-113,-113,-148,-148,-148,-148,-148,-148,-148,-148,-148,-148,-148,-152,-136,-136,-168,-168,-168,-168,-179,-179,-179,-175,-175,-175,-175,-175,-175,-179,-179,-137,-137,-140,-140,-140,-140,-140,-140,-141,-141,-141,-141,-141,-154,-153,-171,-173,-173,-199,-149,-165,-164,-164,-158,-156,-181,-183,-183,-183,-163,-163,-150,-150,-150,-150,-150,-150,-150,-144,-144,-143,-143,-143,-150,-150,-161,-163,-140,-146,-146,-172,-161,-161,-161,-161,-161,-161,-161,-161,-161,-168,-168,-168,-168,-198,-204,-148,-118,-118,-206,-206,-190,-226,-226,-214,-189,-189,-195,-203,-201,-166,-167,-207,-206,-179,-175,-187,-169,-169,-169,-238,-238,-238,-238,-238,-238,-238,-238,-238,-183,-185,-170,-154,-170,-193,-192,-192,-199,-199,-189,-189,-189,-189,-215,-225,-200,-221,-221,-221,-212,-212,-188,-188,-188,-188,-197,-197,-197,-197,-197,-219,-219,-185,-185,-201,-209,-220,-220,-192,-210,-226,-201,-191,-191,-183,-177,-211,-197,-153,-153,-162,-198,-189,-195,-185,-168,-204,-241,-212,-186,-215,-224,-188,-198,-234,-211,-186,-186,-206,-219,-234,-234,-234,-187,-187,-211,-220,-201,-201,-185,-185,-206,-208,-203,-230,-227,-212,-212,-212,-254,-240,-240,-225,-232,-187,-187,-187,-187,-171,-164,-183,-184,-184,-154,-193,-159,-159,-159,-166,-238,-235,-216,-216,-178,-178,-178,-178,-178,-178,-178,-178,-178,-166,-188,-194,-188,-189,-189,-196,-187,-205,-212,-194,-191,-202,-202,-192,-199,-199,-194,-219,-219,-219,-221,-221,-221,-207,-211,-194,-190,-190,-178,-183,-197,-186,-194,-214,-201,-201,-218,-208,-184,-184,-188,-177,-178,-199,-200,-183,-178,-197,-194,-178,-178,-204,-211,-211,-211,-201,-204,-222,-206,-206,-226,-207,-201,-204,-208,-210,-201,-214,-228,-228,-228,-213,-230,-212,-215,-224,-224,-224,-224,-193,-183,-216,-216,-211,-211,-211,-251,-278,-245,-233,-239,-203,-172,-182,-164,-134,-150,-150,-143,-153,-176,-189,-189,-189,-179,-175,-172,-172,-166,-166,-193,-181,-181,-181,-174,-174,-174,-174,-174,-174,-174,-174,-185,-185,-179,-198,-198,-198,-198,-169,-169,-159,-153
-148,-157,-198,-202,-162,-172,-191,-173,-164,-158,-156,-162,-161,-158,-158,-158,-160,-139,-128,-157,-177,-154,-141,-141,-184,-172,-172,-168,-168,-168,-168,-168,-191,-161,-141,-133,-143,-151,-122,-122,-162,-137,-137,-137,-133,-155,-177,-177,-177,-150,-152,-155,-160,-161,-161,-152,-133,-141,-163,-166,-157,-157,-163,-176,-153,-177,-177,-177,-177,-177,-177,-177,-177,-177,-177,-185,-185,-185,-185,-185,-185,-185,-145,-175,-188,-175,-173,-184,-184,-169,-169,-151,-175,-138,-125,-153,-183,-165,-109,-109,-106,-162,-153,-153,-160,-122,-131,-142,-136,-136,-147,-147,-136,-154,-178,-173,-193,-181,-156,-141,-137,-136,-135,-135,-135,-134,-133,-122,-136,-140,-118,-118,-118,-147,-147,-162,-162,-162,-162,-181,-178,-160,-113,-116,-141,-124,-100,-106,-119,-144,-147,-147,-159,-149,-126,-153,-153,-183,-145,-145,-146,-161,-172,-145,-128,-159,-165,-150,-171,-171,-147,-132,-182,-161,-127,-132,-131,-128,-132,-104,-91,-137,-165,-135,-119,-141,-149,-157,-159,-136,-130,-142,-142,-119,-117,-146,-146,-140,-155,-155,-171,-153,-151,-165,-165,-157,-150,-146,-153,-160,-162,-147,-147,-121,-121,-121,-121,-121,-121,-121,-121,-168,-154,-154,-172,-172,-148,-140,-145,-147,-144,-144,-158,-158,-158,-128,-151,-190,-180,-152,-143,-156,-166,-166,-168,-144,-165,-150,-150,-149,-187,-142,-120,-139,-151,-124,-114,-144,-164,-159,-155,-156,-156,-127,-142,-131,-131,-130,-130,-130,-208,-208,-215,-164,-193,-162,-140,-140,-216,-180,-180,-161,-161,-174,-179,-174,-162,-147,-151,-180,-169,-169,-136,-160,-162,-152,-167,-167,-112,-107,-158,-165,-145,-143,-143,-178,-178,-123,-123,-123,-123,-123,-123,-123,-123,-123,-123,-191,-154,-135,-159,-168,-168,-148,-116,-138,-145,-131,-165,-160,-141,-157,-139,-111,-144,-144,-181,-181,-170,-159,-129,-134,-148,-147,-158,-173,-161,-141,-190,-245,-219,-178,-180,-175,-175,-149,-156,-137,-133,-165,-165,-143,-125,-146,-161,-139,-139,-176,-176,-206,-206,-206,-206,-206,-206,-206,-160,-168,-183,-160,-156,-171,-157,-154,-154,-137,-137,-137,-136,-136,-136,-166,-166,-166,-166,-155,-163,-134,-141,-141,-141,-155,-182,-186,-176,-153,-153,-153,-153,-181,-151,-151,-174,-162,-169,-169,-190,-156,-127,-140,-127,-128,-137,-137,-117,-117,-126,-140,-140,-140,-140,-129,-129,-138,-133,-96,-158,-169,-136,-155,-152,-167,-167,-167,-173,-157,-184,-186,-163,-142,-154,-170,-170,-158,-158,-158,-158,-158,-158,-162,-183,-170,-170,-162,-186,-171,-180,-180,-157,-157,-157,-157,-157,-166,-180,-180,-180,-183,-193,-211,-199,-193,-191,-178,-159,-157,-199,-199,-199,-199,-230,-146,-146,-150,-155,-155,-176,-189,-202,-202,-204,-207,-211,-206,-206,-179,-179,-167,-167,-170,-184,-184,-184,-184,-184,-165,-165,-165,-165,-165,-165,-202,-202,-202,-202,-202,-202,-202,-202,-202,-180,-180,-192,-189,-178,-188,-188,-171,-171,-165,-198,-198,-198,-198,-179,-171,-180,-194,-189,-177,-175,-167,-167,-149,-134,-132,-132,-138,-152,-149,-169,-179,-162,-155,-169,-167,-163,-172,-174,-174,-165,-161,-191,-191,-206,-187,-187,-184,-190,-153,-133,-176,-198,-167,-158,-182,-169,-145,-146,-153,-162,-162,-157,-143,-143,-160,-169,-146,-131,-156,-156,-152,-141,-133,-133,-180,-178,-135,-138,-176,-169,-169,-102,-146,-174,-174,-167,-167,-167,-167,-143,-143,-143,-151,-151,-151,-129,-162,-180,-181,-162,-143,-168,-154,-154,-154,-181,-162,-162,-142
-145,-145,-145,-145,-145,-145,-145,-145,-145,-145,-145,-145,-145,-174,-174,-174,-174,-204,-189,-169,-169,-195,-195,-195,-195,-148,-148,-148,-148,-148,-148,-148,-198,-144,-155,-192,-180,-180,-152,-166,-156,-157,-191,-191,-191,-188,-199,-202,-189,-170,-170,-170,-175,-161,-180,-198,-145,-178,-192,-181,-187,-188,-147,-136,-188,-208,-181,-169,-177,-176,-162,-172,-187,-187,-174,-160,-160,-160,-160,-160,-175,-175,-175,-175,-176,-224,-224,-224,-206,-166,-185,-168,-160,-160,-180,-180,-168,-176,-200,-194,-174,-173,-173,-178,-173,-170,-162,-162,-159,-187,-218,-189,-189,-167,-167,-167,-167,-167,-167,-148,-187,-187,-187,-187,-187,-187,-187,-187,-174,-174,-174,-172,-172,-172,-183,-185,-186,-178,-169,-178,-209,-209,-191,-191,-191,-191,-191,-191,-191,-188,-170,-167,-161,-158,-135,-139,-171,-169,-167,-167,-186,-186,-186,-186,-186,-186,-192,-173,-173,-189,-164,-174,-152,-173,-173,-173,-189,-169,-167,-165,-179,-182,-182,-183,-202,-202,-192,-165,-178,-164,-152,-158,-166,-166,-166,-193,-232,-240,-190,-192,-180,-180,-202,-202,-221,-221,-218,-198,-177,-176,-175,-185,-206,-201,-191,-188,-185,-190,-176,-176,-158,-176,-216,-216,-180,-180,-173,-173,-180,-174,-174,-174,-174,-189,-189,-189,-189,-189,-179,-218,-206,-184,-194,-194,-188,-147,-162,-172,-168,-168,-168,-177,-164,-175,-175,-175,-175,-214,-183,-205,-194,-155,-171,-185,-168,-168,-168,-160,-165,-180,-184,-176,-181,-178,-158,-155,-165,-174,-183,-183,-179,-183,-176,-178,-172,-172,-162,-191,-191,-195,-195,-195,-195,-163,-167,-157,-218,-218,-218,-187,-155,-171,-211,-203,-217,-226,-207,-165,-165,-202,-197,-175,-174,-174,-160,-142,-162,-162,-172,-219,-219,-219,-219,-219,-191,-191,-190,-190,-190,-190,-190,-190,-190,-170,-170,-156,-168,-153,-154,-154,-154,-182,-168,-176,-176,-176,-157,-157,-157,-157,-157,-157,-157,-171,-200,-170,-170,-183,-165,-200,-187,-149,-149,-149,-138,-162,-166,-139,-163,-193,-180,-162,-181,-196,-178,-178,-170,-195,-153,-141,-179,-178,-150,-145,-138,-147,-178,-178,-179,-137,-156,-177,-185,-191,-185,-180,-180,-133,-133,-166,-181,-152,-152,-152,-152,-190,-190,-190,-190,-176,-176,-152,-134,-167,-193,-168,-144,-144,-152,-136,-116,-150,-150,-212,-192,-158,-145,-164,-175,-175,-144,-156,-164,-157,-179,-187,-187,-187,-176,-199,-170,-144,-184,-162,-162,-162,-176,-176,-158,-175,-211,-216,-216,-159,-168,-159,-139,-140,-151,-160,-160,-207,-167,-167,-167,-142,-170,-180,-166,-153,-169,-177,-164,-158,-158,-172,-173,-169,-183,-178,-176,-170,-160,-153,-155,-160,-170,-182,-178,-169,-169,-169,-164,-159,-159,-159,-159,-159,-159,-153,-152,-151,-154,-169,-152,-151,-176,-179,-162,-167,-180,-175,-182,-173,-173,-167,-167,-160,-160,-160,-160,-174,-174,-174,-174,-139,-139,-152,-179,-191,-191,-161,-161,-132,-142,-150,-162,-183,-187,-177,-173,-168,-154,-154,-154,-168,-184,-163,-163,-163,-163,-163,-163,-163,-163,-163,-163,-163,-190,-184,-168,-163,-156,-155,-153,-126,-126,-131,-178,-178,-134,-177,-180,-151,-151,-173,-165,-160,-161,-170,-181,-175,-149,-134,-134,-150,-144,-147,-151,-155,-157,-154,-166,-160,-145,-145,-163,-180,-180,-183,-183,-140,-140,-140,-140,-140,-151,-151,-151,-151,-151,-151,-151,-153,-160,-155,-189,-215,-204,-179,-177,-175,-172,-167,-155,-162,-179,-169,-152,-165,-165,-161,-163,-174,-184,-192,-183,-183,-167,-167
-172,-185,-176,-156,-146,-165,-123,-119,-162,-194,-181,-151,-168,-213,-198,-163,-175,-132,-154,-167,-155,-180,-182,-152,-141,-140,-158,-158,-158,-175,-175,-165,-165,-161,-159,-172,-166,-167,-176,-169,-167,-178,-159,-135,-167,-196,-176,-179,-179,-213,-219,-205,-191,-198,-198,-180,-180,-180,-184,-216,-197,-175,-165,-165,-180,-164,-161,-184,-186,-186,-172,-193,-193,-194,-183,-175,-194,-200,-165,-144,-168,-168,-180,-166,-166,-161,-161,-161,-149,-169,-169,-176,-171,-157,-157,-188,-188,-169,-169,-169,-169,-169,-169,-151,-151,-151,-151,-151,-151,-164,-164,-164,-164,-164,-148,-158,-150,-150,-150,-153,-153,-153,-153,-165,-165,-165,-183,-183,-183,-183,-183,-183,-152,-165,-197,-174,-142,-161,-172,-172,-168,-157,-157,-157,-165,-167,-137,-147,-156,-151,-157,-159,-159,-156,-156,-156,-156,-162,-149,-138,-138,-193,-193,-163,-163,-163,-163,-164,-184,-194,-178,-178,-178,-210,-210,-178,-174,-168,-161,-166,-166,-157,-157,-157,-166,-161,-164,-185,-178,-150,-156,-166,-163,-161,-155,-166,-175,-157,-150,-156,-155,-155,-206,-206,-190,-190,-191,-175,-193,-193,-186,-184,-196,-196,-196,-140,-140,-140,-176,-176,-174,-172,-172,-164,-164,-164,-164,-164,-164,-164,-164,-164,-166,-146,-142,-142,-146,-146,-146,-146,-155,-165,-165,-165,-165,-157,-160,-166,-166,-152,-157,-126,-120,-141,-135,-156,-156,-156,-173,-175,-145,-145,-145,-145,-145,-145,-145,-145,-145,-138,-138,-143,-143,-153,-153,-153,-153,-153,-126,-126,-126,-147,-147,-147,-147,-147,-135,-141,-127,-146,-159,-151,-155,-160,-142,-123,-114,-113,-119,-130,-134,-134,-135,-129,-140,-170,-169,-148,-156,-161,-161,-144,-132,-132,-140,-140,-140,-130,-133,-141,-141,-145,-145,-134,-132,-144,-143,-143,-120,-120,-120,-120,-165,-165,-165,-165,-165,-165,-132,-156,-154,-140,-140,-135,-132,-130,-130,-130,-130,-134,-122,-122,-142,-154,-154,-154,-154,-162,-122,-148,-133,-146,-159,-151,-150,-148,-148,-148,-130,-122,-138,-160,-160,-160,-174,-176,-173,-161,-155,-174,-177,-177,-160,-167,-174,-174,-174,-171,-160,-156,-153,-153,-151,-168,-166,-151,-139,-139,-139,-124,-140,-162,-155,-133,-130,-152,-152,-152,-167,-178,-161,-164,-176,-176,-129,-156,-153,-153,-149,-130,-130,-144,-144,-155,-159,-174,-179,-143,-137,-152,-141,-142,-142,-142,-158,-164,-164,-164,-164,-156,-156,-168,-159,-178,-176,-156,-172,-186,-162,-162,-145,-137,-137,-131,-162,-149,-153,-164,-149,-139,-147,-163,-166,-157,-157,-147,-153,-169,-169,-181,-170,-165,-179,-179,-162,-162,-162,-208,-196,-196,-189,-190,-175,-159,-159,-159,-106,-106,-198,-198,-198,-198,-198,-198,-198,-198,-188,-189,-197,-197,-197,-208,-180,-162,-171,-178,-171,-151,-135,-192,-192,-192,-201,-217,-194,-147,-144,-173,-171,-171,-172,-179,-199,-216,-216,-196,-197,-201,-196,-196,-197,-205,-211,-191,-172,-171,-154,-152,-180,-180,-175,-166,-196,-178,-184,-192,-187,-192,-183,-169,-183,-183,-174,-183,-178,-170,-188,-188,-213,-217,-214,-195,-197,-197,-174,-156,-169,-168,-172,-172,-172,-172,-181,-181,-181,-193,-206,-206,-206,-179,-179,-179,-246,-232,-214,-213,-213,-195,-164,-188,-196,-196,-197,-197,-197,-197,-188,-186,-192,-187,-164,-164,-162,-166,-170,-185,-186,-194,-194,-186,-186,-184,-192,-185,-192,-197,-197,-210,-184,-184,-220,-220,-220,-215,-183,-179,-165,-148,-160,-193,-193,-208,-204,-225,-217,-201,-213,-219,-184,-172
-149,-149,-149,-149,-149,-149,-149,-149,-149,-149,-149,-149,-149,-171,-171,-171,-197,-205,-179,-171,-171,-194,-210,-210,-209,-219,-219,-219,-219,-215,-245,-245,-237,-213,-212,-186,-186,-186,-180,-194,-191,-182,-182,-203,-195,-188,-190,-190,-190,-190,-230,-218,-207,-207,-206,-153,-153,-153,-153,-153,-160,-181,-167,-154,-151,-162,-162,-162,-162,-180,-191,-191,-191,-200,-188,-179,-169,-179,-174,-163,-163,-179,-184,-178,-178,-178,-178,-188,-188,-188,-188,-188,-188,-209,-216,-186,-186,-170,-173,-177,-179,-173,-180,-179,-158,-168,-187,-163,-155,-184,-185,-159,-159,-159,-180,-204,-204,-182,-159,-167,-166,-166,-176,-176,-158,-158,-158,-183,-190,-187,-165,-165,-196,-196,-183,-183,-183,-183,-187,-186,-186,-173,-189,-210,-216,-209,-209,-200,-209,-199,-199,-201,-232,-218,-194,-204,-204,-204,-204,-196,-184,-184,-167,-174,-188,-185,-185,-207,-222,-193,-182,-192,-217,-217,-231,-196,-239,-262,-224,-192,-192,-201,-206,-214,-205,-174,-189,-179,-178,-188,-185,-177,-181,-188,-187,-187,-183,-184,-202,-196,-182,-190,-198,-203,-208,-208,-206,-166,-166,-172,-182,-182,-182,-185,-219,-219,-225,-237,-198,-182,-187,-213,-213,-213,-213,-218,-223,-223,-223,-223,-223,-223,-223,-223,-223,-223,-203,-190,-215,-215,-215,-215,-219,-229,-237,-232,-232,-235,-222,-222,-222,-222,-222,-200,-203,-216,-212,-190,-191,-196,-196,-196,-194,-181,-165,-182,-201,-203,-203,-182,-163,-163,-163,-163,-191,-197,-194,-194,-194,-218,-221,-221,-219,-219,-219,-219,-219,-219,-219,-219,-215,-219,-211,-187,-174,-174,-217,-217,-217,-193,-203,-235,-241,-219,-219,-201,-201,-201,-201,-201,-184,-185,-188,-197,-206,-206,-193,-193,-214,-211,-211,-229,-259,-246,-203,-182,-182,-182,-182,-182,-182,-182,-182,-182,-182,-212,-196,-187,-207,-207,-177,-177,-206,-206,-206,-206,-203,-204,-204,-204,-174,-174,-174,-174,-240,-240,-240,-240,-184,-186,-206,-176,-200,-165,-191,-204,-196,-196,-196,-187,-175,-179,-208,-212,-187,-167,-169,-174,-195,-215,-199,-194,-211,-209,-208,-204,-177,-160,-160,-180,-180,-180,-202,-202,-202,-203,-203,-203,-203,-203,-203,-203,-224,-224,-224,-224,-170,-200,-188,-188,-205,-207,-207,-184,-163,-163,-179,-174,-190,-191,-174,-212,-268,-249,-249,-200,-176,-178,-183,-173,-191,-169,-156,-180,-178,-191,-191,-191,-189,-190,-203,-207,-206,-201,-201,-207,-218,-201,-190,-199,-199,-231,-211,-206,-206,-219,-219,-184,-215,-233,-210,-211,-219,-204,-199,-215,-203,-203,-217,-217,-217,-217,-217,-180,-180,-195,-188,-195,-221,-221,-211,-202,-186,-186,-196,-219,-239,-225,-217,-223,-223,-212,-212,-183,-183,-143,-148,-175,-178,-178,-224,-224,-224,-224,-263,-256,-179,-197,-194,-188,-191,-211,-210,-194,-191,-183,-183,-175,-175,-174,-174,-171,-164,-166,-176,-220,-243,-240,-203,-189,-185,-167,-163,-169,-172,-161,-161,-181,-181,-181,-181,-181,-169,-182,-182,-182,-182,-177,-163,-184,-196,-173,-173,-209,-205,-198,-187,-187,-187,-185,-187,-190,-194,-194,-193,-159,-153,-211,-169,-150,-157,-142,-140,-152,-172,-189,-155,-140,-168,-168,-145,-156,-156,-156,-158,-158,-158,-158,-158,-174,-174,-188,-204,-186,-159,-163,-163,-162,-162,-162,-162,-162,-162,-162,-183,-183,-208,-215,-199,-180,-180,-180,-166,-163,-163,-177,-164,-155,-177,-184,-157,-164,-181,-186,-186,-217,-194,-158,-180,-175,-168,-213,-203,-156,-156,-173,-173,-173,-173,-187
-145,-146,-155,-141,-129,-140,-145,-146,-149,-130,-129,-153,-153,-153,-148,-157,-157,-151,-151,-151,-151,-170,-170,-170,-170,-170,-170,-170,-172,-171,-183,-179,-164,-164,-164,-201,-167,-170,-192,-192,-175,-166,-185,-164,-164,-163,-201,-166,-162,-181,-196,-196,-188,-188,-188,-188,-163,-130,-144,-170,-170,-157,-147,-164,-178,-175,-180,-191,-187,-192,-223,-207,-166,-166,-178,-197,-196,-190,-168,-167,-168,-168,-168,-169,-169,-180,-180,-169,-170,-172,-180,-179,-179,-171,-186,-176,-174,-169,-169,-163,-166,-187,-194,-177,-166,-182,-182,-154,-184,-184,-222,-194,-194,-194,-194,-193,-191,-179,-171,-182,-177,-182,-201,-214,-212,-183,-183,-221,-221,-221,-209,-166,-166,-166,-196,-196,-196,-196,-196,-196,-196,-196,-196,-196,-196,-196,-196,-196,-141,-159,-176,-167,-167,-168,-186,-186,-186,-186,-205,-192,-192,-180,-179,-179,-168,-165,-178,-207,-204,-175,-175,-179,-187,-199,-199,-191,-157,-157,-186,-195,-187,-195,-175,-164,-182,-205,-207,-213,-214,-203,-203,-166,-166,-166,-166,-166,-183,-161,-162,-176,-193,-208,-208,-213,-203,-203,-203,-195,-190,-200,-202,-190,-175,-190,-212,-216,-216,-197,-214,-214,-194,-194,-194,-180,-165,-181,-181,-197,-203,-203,-203,-203,-203,-203,-188,-189,-189,-189,-189,-200,-210,-216,-203,-203,-248,-247,-247,-195,-202,-217,-217,-201,-191,-197,-189,-189,-189,-189,-189,-189,-189,-197,-198,-198,-166,-166,-166,-166,-166,-166,-216,-216,-216,-216,-200,-200,-204,-180,-158,-170,-190,-190,-199,-199,-173,-173,-215,-215,-215,-215,-215,-204,-199,-199,-210,-188,-149,-174,-182,-149,-167,-167,-152,-152,-165,-165,-181,-181,-181,-181,-181,-181,-181,-181,-181,-201,-201,-201,-201,-175,-170,-162,-164,-175,-175,-202,-222,-200,-173,-177,-203,-206,-206,-183,-183,-183,-183,-183,-183,-183,-196,-196,-196,-273,-273,-273,-273,-273,-273,-273,-217,-184,-182,-206,-192,-192,-183,-183,-193,-193,-193,-193,-193,-193,-193,-204,-195,-195,-212,-194,-201,-200,-200,-200,-216,-216,-212,-206,-204,-204,-219,-189,-189,-202,-216,-229,-229,-191,-191,-185,-185,-170,-199,-202,-196,-191,-187,-187,-184,-166,-206,-214,-214,-214,-172,-187,-192,-196,-201,-201,-177,-177,-177,-177,-177,-195,-219,-243,-237,-206,-178,-167,-178,-171,-169,-169,-204,-204,-172,-182,-201,-206,-206,-219,-240,-240,-194,-201,-233,-220,-220,-197,-197,-187,-193,-243,-261,-222,-176,-184,-184,-199,-176,-176,-199,-199,-178,-190,-209,-204,-204,-195,-195,-214,-214,-222,-181,-179,-179,-179,-201,-201,-201,-201,-183,-194,-195,-205,-205,-232,-188,-188,-188,-188,-188,-188,-202,-202,-202,-182,-173,-221,-230,-221,-193,-189,-208,-190,-174,-174,-189,-189,-178,-172,-178,-198,-187,-187,-190,-190,-190,-190,-190,-190,-209,-205,-172,-168,-187,-193,-202,-202,-213,-196,-188,-190,-190,-212,-206,-233,-231,-198,-205,-210,-179,-159,-167,-167,-174,-174,-233,-233,-250,-214,-199,-198,-181,-193,-193,-174,-174,-174,-200,-176,-171,-171,-168,-168,-177,-182,-182,-171,-176,-164,-164,-158,-173,-184,-183,-167,-183,-176,-178,-190,-182,-174,-175,-181,-194,-215,-215,-186,-186,-197,-197,-194,-206,-217,-213,-197,-203,-208,-188,-175,-175,-155,-161,-178,-178,-177,-199,-199,-212,-212,-212,-167,-167,-170,-174,-188,-190,-179,-170,-179,-183,-171,-152,-152,-176,-204,-196,-178,-173,-199,-199,-193,-179,-184,-184,-196,-196,-185,-177,-172,-161,-161,-210,-225,-226,-226
-144,-198,-198,-203,-168,-179,-202,-194,-192,-208,-198,-166,-181,-211,-211,-187,-187,-218,-206,-186,-184,-209,-220,-186,-186,-186,-186,-186,-186,-207,-207,-169,-179,-179,-179,-179,-211,-211,-211,-211,-171,-171,-171,-171,-171,-171,-171,-171,-203,-174,-171,-186,-186,-175,-168,-174,-197,-197,-197,-197,-193,-164,-166,-181,-148,-148,-148,-148,-148,-148,-148,-148,-148,-148,-148,-148,-148,-148,-148,-148,-148,-216,-216,-193,-189,-205,-193,-188,-185,-187,-192,-177,-157,-157,-168,-172,-172,-172,-182,-180,-142,-169,-192,-154,-154,-139,-133,-151,-177,-179,-179,-154,-142,-165,-213,-211,-169,-169,-200,-200,-200,-157,-157,-176,-162,-138,-146,-186,-178,-178,-169,-169,-169,-184,-192,-185,-169,-188,-201,-166,-152,-179,-186,-171,-171,-177,-177,-165,-158,-163,-159,-168,-183,-195,-202,-197,-182,-188,-188,-168,-176,-191,-183,-168,-168,-178,-187,-178,-168,-159,-166,-166,-173,-170,-168,-138,-138,-179,-179,-179,-179,-179,-179,-179,-179,-179,-179,-179,-201,-201,-179,-179,-207,-176,-212,-194,-160,-167,-177,-175,-173,-192,-224,-220,-220,-157,-179,-177,-170,-178,-168,-163,-173,-180,-178,-178,-178,-183,-174,-173,-195,-183,-152,-140,-162,-161,-161,-134,-202,-202,-202,-187,-203,-168,-165,-200,-175,-175,-175,-179,-195,-165,-176,-176,-176,-176,-176,-162,-198,-198,-198,-158,-158,-158,-158,-158,-191,-191,-192,-125,-121,-135,-154,-150,-135,-135,-156,-170,-170,-170,-170,-170,-167,-187,-197,-194,-194,-167,-159,-170,-186,-186,-180,-180,-163,-163,-163,-163,-163,-163,-163,-148,-150,-177,-200,-196,-196,-155,-132,-144,-151,-153,-161,-169,-175,-180,-172,-173,-184,-189,-189,-189,-189,-138,-138,-138,-138,-138,-150,-164,-174,-173,-169,-181,-181,-197,-197,-197,-197,-197,-233,-244,-216,-204,-210,-210,-199,-199,-190,-186,-186,-182,-196,-211,-211,-201,-200,-200,-201,-205,-203,-203,-204,-223,-223,-223,-196,-196,-165,-165,-165,-181,-181,-199,-178,-178,-178,-178,-180,-185,-177,-159,-151,-166,-183,-183,-140,-147,-171,-171,-182,-195,-219,-203,-156,-155,-181,-174,-165,-182,-182,-188,-178,-178,-172,-196,-196,-189,-166,-202,-202,-206,-206,-206,-206,-183,-183,-183,-176,-176,-166,-184,-185,-158,-174,-174,-188,-184,-204,-209,-196,-184,-173,-172,-155,-123,-127,-153,-188,-205,-170,-141,-170,-170,-197,-168,-194,-169,-145,-165,-169,-169,-135,-135,-154,-126,-145,-180,-182,-182,-159,-158,-162,-147,-147,-147,-159,-177,-153,-172,-172,-195,-195,-195,-195,-195,-195,-179,-178,-190,-175,-175,-166,-162,-154,-167,-189,-189,-178,-172,-168,-174,-210,-210,-176,-181,-192,-178,-178,-200,-210,-210,-145,-145,-145,-161,-161,-161,-161,-161,-161,-178,-178,-178,-178,-158,-176,-212,-196,-167,-167,-181,-141,-178,-203,-191,-193,-202,-193,-177,-183,-188,-161,-128,-140,-179,-189,-189,-190,-186,-167,-175,-149,-179,-179,-179,-197,-163,-163,-163,-163,-163,-163,-163,-182,-159,-189,-199,-162,-148,-161,-150,-150,-150,-180,-180,-159,-183,-191,-181,-180,-185,-185,-181,-181,-181,-153,-153,-153,-153,-158,-158,-158,-158,-158,-158,-158,-192,-175,-180,-193,-182,-173,-172,-172,-169,-200,-176,-152,-162,-159,-161,-192,-192,-176,-192,-192,-195,-195,-193,-193,-193,-193,-204,-183,-183,-159,-152,-159,-174,-174,-171,-171,-209,-164,-150,-167,-169,-169,-169,-170,-170,-173,-173,-175,-175,-174,-195,-194,-158,-141,-149,-161,-162,-162,-179,-193,-178,-159,-165
-177,-179,-171,-176,-190,-203,-205,-171,-158,-174,-179,-179,-179,-179,-172,-172,-172,-172,-182,-202,-207,-184,-157,-149,-177,-193,-178,-169,-173,-180,-170,-153,-166,-151,-151,-151,-156,-156,-131,-173,-181,-172,-173,-173,-171,-185,-183,-153,-140,-140,-159,-169,-169,-169,-169,-169,-169,-169,-169,-141,-141,-146,-146,-139,-154,-179,-170,-169,-169,-169,-164,-137,-137,-118,-132,-137,-114,-140,-140,-140,-151,-148,-148,-148,-131,-133,-126,-126,-154,-144,-132,-143,-152,-171,-185,-150,-126,-143,-154,-149,-149,-141,-152,-161,-161,-151,-144,-144,-180,-180,-136,-136,-136,-136,-136,-136,-136,-136,-136,-180,-178,-162,-182,-182,-186,-186,-186,-186,-188,-188,-188,-188,-188,-144,-166,-175,-157,-179,-179,-208,-197,-168,-157,-153,-170,-178,-161,-145,-145,-144,-157,-157,-175,-175,-175,-140,-154,-133,-112,-132,-152,-144,-139,-139,-150,-144,-144,-186,-175,-175,-172,-172,-155,-147,-139,-148,-168,-161,-161,-165,-174,-159,-170,-163,-149,-167,-159,-120,-126,-126,-153,-149,-149,-173,-173,-173,-164,-165,-160,-156,-168,-180,-180,-179,-187,-165,-169,-164,-144,-137,-152,-152,-146,-146,-146,-146,-146,-144,-149,-157,-153,-139,-157,-175,-151,-140,-177,-177,-190,-160,-149,-155,-150,-141,-141,-152,-154,-154,-160,-168,-175,-171,-171,-146,-151,-173,-179,-179,-176,-155,-156,-177,-162,-141,-144,-139,-139,-165,-182,-170,-152,-141,-131,-131,-131,-149,-149,-153,-153,-165,-171,-146,-146,-156,-168,-169,-169,-164,-187,-168,-152,-141,-141,-152,-169,-169,-173,-152,-163,-163,-161,-157,-150,-146,-152,-156,-163,-163,-184,-188,-189,-193,-193,-163,-163,-163,-163,-162,-163,-172,-172,-172,-169,-159,-170,-166,-173,-178,-180,-180,-145,-145,-145,-162,-162,-162,-162,-170,-172,-172,-172,-172,-161,-185,-199,-174,-161,-172,-167,-138,-138,-132,-208,-208,-216,-197,-171,-171,-149,-149,-155,-155,-155,-155,-161,-177,-179,-187,-171,-171,-178,-167,-163,-174,-174,-166,-166,-172,-176,-179,-188,-188,-197,-197,-197,-180,-165,-175,-175,-176,-171,-183,-205,-226,-191,-192,-199,-199,-199,-194,-194,-194,-194,-194,-194,-194,-194,-194,-229,-191,-191,-181,-181,-197,-176,-180,-180,-193,-188,-188,-188,-167,-162,-167,-164,-164,-192,-189,-200,-204,-186,-186,-186,-203,-188,-188,-188,-188,-217,-217,-217,-193,-193,-193,-191,-169,-152,-176,-180,-209,-216,-180,-168,-193,-194,-172,-184,-184,-208,-198,-180,-174,-171,-194,-184,-181,-208,-211,-190,-194,-194,-194,-208,-183,-189,-198,-198,-198,-203,-192,-189,-205,-204,-201,-204,-198,-196,-199,-193,-198,-200,-180,-165,-173,-189,-191,-198,-200,-200,-165,-173,-168,-168,-164,-166,-182,-179,-172,-186,-186,-186,-167,-167,-167,-167,-167,-167,-167,-192,-177,-183,-183,-176,-215,-214,-214,-214,-195,-184,-161,-167,-179,-176,-176,-191,-203,-203,-206,-206,-206,-156,-156,-156,-156,-175,-195,-177,-177,-199,-199,-199,-219,-219,-164,-164,-164,-164,-164,-164,-164,-184,-210,-210,-221,-220,-220,-195,-195,-195,-185,-185,-188,-188,-188,-173,-173,-178,-178,-178,-178,-178,-192,-170,-170,-170,-190,-190,-190,-190,-193,-193,-193,-173,-182,-200,-194,-186,-192,-192,-208,-215,-210,-207,-207,-190,-190,-190,-190,-175,-162,-189,-160,-160,-196,-213,-204,-204,-204,-196,-197,-198,-181,-176,-205,-230,-239,-231,-198,-211,-213,-206,-194,-182,-191,-189,-175,-187,-202,-203,-205,-205,-205,-205,-205,-176,-185,-185,-201,-212,-198
