-151,-153,-147,-120,-90,-110,-110,-110,-110,-133,-133,-133,-133,-136,-136,-136,-136,-136,-118,-118,-118,-118,-118,-118,-118,-118,-118,-147,-103,-115,-143,-122,-99,-99,-213,-178,-151,-175,-161,-160,-160,-91,-91,-91,-91,-131,-116,-116,-199,-199,-199,-199,-199,-199,-199,-242,-242,-242,-270,-258,-234,-228,-271,-228,-258,-293,-288,-278,-278,-278,-292,-229,-229,-210,-210,-210,-210,-247,-262,-262,-262,-258,-225,-226,-217,-220,-211,-212,-214,-214,-230,-230,-230,-230,-255,-275,-275,-262,-243,-245,-251,-259,-259,-267,-261,-261,-261,-118,-118,-118,-118,-355,-238,-297,-303,-303,-257,-257,-260,-267,-244,-254,-274,-269,-267,-262,-257,-263,-267,-274,-268,-258,-266,-271,-242,-235,-235,-226,-226,-226,-230,-237,-235,-235,-250,-214,-181,-185,-193,-193,-203,-191,-180,-209,-231,-231,-171,-171,-170,-170,-170,-181,-181,-184,-184,-191,-191,-210,-196,-176,-176,-181,-176,-176,-176,-186,-186,-216,-224,-185,-179,-184,-189,-189,-189,-189,-201,-195,-178,-178,-195,-206,-206,-203,-224,-224,-224,-204,-189,-189,-189,-189,-189,-189,-189,-197,-185,-175,-195,-207,-192,-183,-183,-185,-195,-198,-186,-177,-165,-165,-170,-172,-181,-210,-228,-228,-217,-217,-217,-217,-201,-201,-201,-224,-224,-224,-194,-160,-158,-147,-139,-155,-174,-193,-205,-199,-185,-171,-171,-168,-159,-165,-172,-167,-167,-179,-179,-173,-190,-190,-190,-190,-204,-193,-193,-193,-193,-193,-193,-193,-193,-193,-193,-193,-193,-193,-163,-177,-185,-174,-174,-159,-163,-175,-178,-181,-184,-191,-189,-165,-164,-198,-201,-177,-181,-188,-169,-158,-158,-167,-167,-149,-185,-180,-205,-205,-205,-209,-209,-209,-206,-202,-216,-215,-213,-213,-221,-242,-220,-205,-209,-202,-185,-181,-181,-190,-205,-212,-189,-194,-216,-216,-202,-182,-228,-225,-206,-190,-186,-194,-194,-194,-211,-211,-211,-253,-253,-253,-258,-244,-244,-244,-244,-190,-190,-190,-190,-189,-157,-182,-210,-192,-177,-201,-216,-216,-196,-201,-208,-213,-213,-219,-220,-212,-215,-227,-213,-187,-187,-187,-187,-187,-187,-187,-156,-156,-185,-185,-185,-156,-164,-164,-159,-167,-164,-161,-179,-191,-178,-178,-154,-151,-151,-159,-147,-138,-152,-161,-135,-135,-140,-208,-208,-156,-156,-156,-128,-128,-128,-128,-128,-140,-157,-153,-151,-147,-147,-167,-187,-164,-163,-173,-170,-159,-161,-174,-180,-178,-182,-194,-186,-186,-178,-185,-182,-182,-188,-185,-187,-183,-167,-143,-128,-140,-140,-151,-174,-174,-181,-180,-190,-153,-133,-151,-176,-198,-200,-193,-219,-251,-251,-216,-208,-208,-194,-193,-195,-179,-179,-179,-179,-179,-179,-179,-188,-188,-171,-175,-167,-167,-167,-170,-170,-170,-170,-170,-163,-158,-163,-161,-181,-188,-162,-154,-169,-179,-184,-185,-185,-185,-197,-197,-214,-188,-188,-176,-179,-183,-197,-209,-215,-207,-192,-184,-184,-180,-183,-188,-190,-194,-189,-180,-180,-190,-200,-193,-191,-204,-216,-208,-197,-197,-197,-190,-182,-191,-195,-170,-177,-178,-162,-147,-161,-187,-180,-138,-119,-148,-159,-128,-121,-147,-147,-142,-124,-124,-124,-124,-124,-121,-121,-121,-121,-121,-163,-152,-143,-143,-163,-150,-145,-145,-153,-164,-172,-170,-172,-184,-186,-186,-173,-201,-201,-201,-201,-201,-186,-181,-201,-213,-213,-211,-207,-200,-190,-190,-187,-199,-199,-199,-218,-206,-187,-187,-181,-191,-191,-179,-179,-179,-179,-185,-172,-142,-142,-142,-142,-135,-135,-135,-135,-135,-135,-135,-135,-135,-135,-135,-135,-130
-121,-120,-166,-166,-166,-166,-166,-166,-166,-166,-166,-166,-166,-166,-166,-166,-166,-166,-166,-166,-166,-166,-166,-166,-133,-133,-133,-116,-116,-116,-120,-142,-142,-150,-134,-132,-132,-148,-148,-137,-137,-137,-141,-137,-124,-131,-131,-130,-130,-130,-142,-120,-140,-140,-140,-142,-150,-150,-137,-128,-142,-142,-136,-135,-143,-149,-149,-142,-142,-142,-142,-142,-131,-127,-131,-131,-107,-107,-107,-107,-107,-114,-128,-136,-116,-116,-91,-99,-122,-147,-143,-131,-134,-129,-107,-113,-135,-135,-117,-109,-109,-96,-96,-78,-83,-73,-73,-141,-149,-135,-137,-139,-139,-137,-144,-141,-140,-145,-128,-128,-108,-119,-122,-126,-120,-116,-122,-109,-102,-126,-141,-128,-120,-119,-115,-115,-118,-118,-118,-118,-104,-116,-119,-108,-108,-127,-127,-127,-130,-130,-130,-130,-119,-130,-130,-133,-128,-135,-135,-133,-126,-131,-113,-89,-89,-113,-113,-113,-113,-117,-107,-110,-110,-112,-107,-114,-118,-108,-115,-137,-153,-171,-177,-177,-177,-201,-201,-174,-159,-163,-176,-180,-180,-184,-184,-184,-165,-147,-135,-135,-143,-148,-143,-132,-126,-129,-143,-149,-149,-138,-153,-158,-145,-140,-140,-149,-143,-151,-156,-152,-152,-160,-167,-167,-167,-167,-167,-167,-167,-167,-161,-161,-161,-161,-161,-178,-171,-161,-160,-158,-158,-139,-139,-119,-116,-122,-111,-110,-141,-147,-147,-123,-115,-111,-110,-119,-145,-162,-148,-148,-140,-153,-137,-122,-125,-113,-118,-117,-113,-123,-116,-116,-99,-120,-121,-112,-97,-101,-112,-117,-117,-117,-129,-132,-141,-141,-130,-116,-111,-121,-137,-142,-138,-138,-152,-166,-172,-165,-156,-156,-157,-170,-162,-156,-167,-172,-165,-168,-178,-175,-164,-163,-155,-148,-158,-155,-155,-151,-151,-154,-154,-123,-96,-96,-96,-96,-96,-105,-105,-105,-105,-86,-74,-57,-51,-51,-116,-116,-110,-125,-125,-96,-96,-96,-136,-136,-150,-126,-125,-123,-115,-105,-105,-105,-100,-100,-100,-98,-90,-95,-91,-87,-94,-95,-87,-98,-98,-116,-89,-92,-81,-78,-78,-112,-112,-127,-129,-118,-120,-120,-113,-99,-101,-100,-132,-163,-153,-153,-161,-161,-171,-157,-155,-155,-155,-155,-148,-152,-159,-164,-158,-155,-155,-188,-179,-179,-159,-153,-153,-155,-155,-155,-155,-176,-181,-181,-181,-181,-139,-139,-146,-146,-146,-190,-178,-144,-141,-157,-159,-157,-151,-146,-142,-126,-119,-136,-136,-131,-128,-139,-139,-147,-126,-128,-134,-128,-123,-115,-115,-126,-126,-126,-123,-123,-123,-123,-123,-138,-138,-138,-138,-138,-152,-125,-114,-118,-114,-114,-95,-108,-119,-111,-107,-103,-91,-93,-104,-94,-91,-91,-104,-84,-89,-101,-97,-96,-96,-94,-87,-91,-91,-91,-91,-91,-111,-98,-86,-87,-87,-71,-71,-71,-71,-103,-103,-103,-103,-103,-103,-93,-90,-98,-98,-101,-92,-64,-93,-95,-82,-90,-101,-97,-92,-91,-92,-99,-112,-116,-105,-97,-94,-94,-92,-98,-98,-98,-98,-98,-98,-98,-98,-98,-124,-124,-132,-132,-123,-125,-120,-120,-83,-90,-100,-100,-86,-116,-122,-98,-101,-123,-116,-116,-93,-92,-99,-96,-95,-97,-92,-91,-91,-89,-80,-82,-90,-99,-99,-98,-118,-118,-123,-123,-95,-95,-95,-95,-90,-132,-118,-137,-160,-140,-122,-125,-125,-143,-143,-143,-130,-148,-151,-147,-147,-149,-150,-144,-128,-121,-129,-149,-149,-160,-144,-157,-148,-147,-145,-117,-114,-141,-150,-146,-150,-150,-153,-142,-136,-138,-132,-131,-156,-168,-147,-140,-140,-152,-152,-151,-146,-133
-90,-93,-98,-87,-78,-89,-102,-112,-127,-132,-108,-93,-93,-134,-134,-126,-122,-122,-122,-157,-157,-157,-157,-157,-157,-157,-157,-157,-157,-157,-114,-112,-117,-132,-138,-134,-135,-135,-127,-127,-127,-111,-121,-121,-143,-163,-163,-163,-163,-151,-124,-117,-128,-129,-131,-130,-124,-124,-124,-116,-97,-88,-95,-95,-75,-87,-107,-101,-101,-103,-126,-92,-90,-120,-131,-124,-124,-125,-137,-131,-131,-131,-132,-116,-116,-131,-110,-118,-118,-118,-120,-110,-107,-98,-98,-84,-117,-117,-117,-117,-117,-144,-157,-149,-146,-139,-120,-120,-132,-154,-122,-122,-122,-122,-122,-122,-121,-131,-145,-147,-147,-143,-143,-143,-143,-143,-148,-112,-129,-152,-152,-130,-146,-146,-146,-140,-137,-127,-126,-124,-121,-128,-140,-140,-155,-142,-135,-141,-155,-155,-135,-126,-154,-180,-197,-198,-159,-159,-103,-103,-103,-103,-103,-126,-126,-114,-104,-104,-74,-74,-117,-117,-117,-117,-117,-117,-117,-117,-117,-117,-104,-122,-123,-112,-112,-111,-111,-111,-111,-111,-111,-111,-99,-105,-112,-104,-104,-107,-93,-85,-85,-122,-122,-122,-122,-122,-122,-122,-77,-77,-77,-77,-77,-67,-67,-95,-94,-117,-119,-96,-96,-91,-70,-78,-78,-71,-59,-103,-139,-139,-148,-148,-148,-138,-141,-142,-143,-152,-143,-143,-165,-167,-140,-140,-122,-106,-78,-65,-74,-82,-96,-96,-128,-128,-128,-126,-126,-126,-126,-125,-125,-125,-125,-148,-153,-132,-119,-113,-113,-122,-122,-122,-122,-122,-122,-131,-131,-135,-127,-121,-116,-119,-129,-129,-105,-108,-124,-113,-87,-80,-80,-88,-121,-121,-121,-121,-130,-130,-130,-106,-104,-97,-97,-100,-109,-92,-91,-95,-87,-87,-74,-74,-64,-72,-88,-115,-115,-99,-95,-119,-124,-104,-93,-87,-81,-99,-99,-125,-122,-126,-111,-92,-97,-94,-59,-59,-54,-125,-90,-82,-104,-98,-98,-94,-89,-72,-72,-85,-85,-85,-85,-85,-85,-85,-85,-85,-61,-39,-28,-33,-43,-61,-75,-75,-69,-60,-69,-38,-38,-38,-38,-38,-38,-56,-75,-73,-73,-90,-100,-107,-113,-96,-84,-95,-95,-92,-105,-123,-123,-132,-116,-93,-89,-94,-90,-92,-84,-81,-91,-113,-132,-127,-116,-121,-132,-129,-125,-125,-121,-113,-113,-111,-125,-147,-153,-120,-107,-91,-70,-75,-89,-86,-87,-101,-102,-80,-80,-62,-59,-60,-76,-82,-62,-59,-59,-82,-82,-74,-82,-74,-73,-73,-45,-45,-45,-45,-95,-95,-86,-77,-62,-46,-39,-37,-37,-80,-80,-80,-80,-80,-70,-128,-128,-128,-128,-128,-87,-87,-87,-38,-38,-38,-51,-51,-51,-67,-67,-58,-52,-55,-55,-64,-62,-61,-79,-83,-65,-69,-95,-95,-103,-101,-93,-72,-57,-50,-46,-29,-64,-103,-92,-61,-65,-73,-60,-39,-41,-73,-96,-89,-85,-91,-92,-92,-90,-97,-101,-97,-95,-96,-89,-89,-68,-92,-92,-92,-92,-92,-79,-84,-94,-94,-89,-84,-91,-109,-122,-123,-115,-105,-102,-107,-111,-133,-159,-159,-158,-134,-134,-134,-121,-121,-95,-95,-95,-95,-95,-95,-95,-86,-108,-107,-119,-105,-90,-96,-96,-96,-90,-112,-112,-98,-107,-143,-142,-119,-122,-120,-94,-94,-89,-116,-136,-163,-163,-163,-163,-147,-122,-127,-127,-108,-92,-110,-116,-95,-95,-114,-162,-119,-131,-176,-176,-170,-152,-187,-184,-111,-102,-102,-102,-131,-131,-92,-92,-92,-92,-92,-92,-92,-92,-92,-92,-92,-92,-92,-92,-92,-92,-92,-92,-92,-92,-92,-92,-92,-98,-98,-99,-97
-111,-111,-111,-160,-160,-160,-160,-160,-160,-160,-160,-160,-160,-160,-160,-131,-125,-125,-126,-124,-130,-116,-102,-111,-120,-119,-116,-116,-120,-120,-129,-129,-127,-82,-82,-125,-120,-120,-81,-81,-81,-81,-67,-101,-101,-101,-101,-101,-117,-117,-97,-94,-93,-93,-81,-90,-89,-94,-99,-84,-65,-65,-64,-70,-70,-70,-79,-87,-96,-96,-96,-96,-96,-96,-96,-91,-91,-110,-107,-104,-107,-89,-85,-85,-85,-100,-106,-91,-86,-101,-101,-89,-89,-111,-103,-103,-103,-103,-103,-103,-103,-77,-77,-98,-124,-86,-86,-70,-57,-61,-69,-86,-86,-96,-96,-96,-96,-96,-96,-96,-60,-60,-60,-66,-66,-99,-87,-87,-87,-87,-90,-94,-94,-98,-98,-90,-90,-90,-90,-90,-90,-90,-90,-90,-105,-105,-105,-119,-105,-84,-99,-122,-122,-121,-121,-123,-124,-87,-87,-86,-104,-126,-151,-126,-120,-119,-115,-141,-143,-146,-159,-159,-159,-155,-152,-153,-151,-152,-123,-119,-126,-112,-92,-93,-96,-96,-98,-93,-94,-116,-116,-133,-132,-130,-130,-148,-149,-131,-149,-161,-159,-143,-135,-150,-152,-152,-137,-148,-151,-147,-161,-186,-181,-181,-160,-169,-151,-137,-186,-181,-181,-181,-153,-162,-157,-157,-155,-174,-188,-185,-180,-180,-184,-174,-178,-168,-153,-150,-150,-150,-158,-164,-157,-157,-148,-153,-149,-147,-156,-162,-157,-157,-162,-147,-147,-147,-148,-149,-134,-134,-146,-150,-157,-157,-187,-181,-181,-194,-203,-203,-189,-189,-177,-178,-185,-185,-188,-179,-157,-158,-158,-167,-171,-171,-171,-190,-190,-180,-180,-184,-184,-183,-179,-181,-180,-164,-150,-159,-186,-174,-175,-185,-179,-167,-155,-148,-153,-155,-153,-166,-174,-164,-158,-162,-160,-160,-151,-151,-122,-122,-155,-155,-155,-155,-155,-155,-155,-155,-155,-155,-155,-161,-161,-161,-161,-161,-150,-153,-168,-157,-134,-128,-143,-150,-150,-157,-170,-179,-183,-180,-180,-185,-185,-182,-181,-191,-189,-188,-190,-187,-184,-182,-180,-181,-185,-185,-184,-189,-189,-187,-181,-184,-178,-180,-184,-185,-185,-183,-183,-185,-190,-184,-180,-183,-183,-180,-161,-164,-165,-153,-155,-155,-170,-172,-173,-173,-168,-157,-154,-154,-154,-154,-154,-154,-159,-163,-174,-174,-173,-157,-152,-153,-152,-152,-152,-153,-152,-153,-153,-151,-155,-161,-161,-157,-151,-152,-149,-152,-150,-149,-169,-169,-169,-183,-147,-151,-156,-155,-155,-150,-150,-157,-153,-153,-153,-153,-153,-153,-152,-152,-152,-158,-124,-124,-124,-131,-139,-157,-158,-154,-159,-159,-152,-153,-161,-161,-162,-153,-153,-158,-158,-158,-158,-158,-158,-127,-122,-122,-122,-116,-116,-148,-148,-148,-133,-133,-133,-133,-133,-133,-134,-134,-156,-156,-156,-157,-157,-157,-157,-154,-159,-146,-144,-152,-154,-154,-133,-133,-118,-130,-130,-342,-555,-643,-667,-695,-709,-718,-723,-723,-748,-755,-743,-743,-778,-778,-755,-750,-752,-742,-732,-732,-755,-755,-755,-742,-741,-741,-734,-714,-693,-685,-685,-689,-688,-691,-691,-678,-662,-662,-666,-666,-666,-666,-655,-659,-654,-654,-623,-631,-631,-623,-627,-627,-633,-632,-633,-633,-602,-602,-602,-605,-604,-584,-566,-562,-565,-565,-566,-540,-539,-559,-560,-541,-533,-537,-540,-540,-540,-533,-514,-514,-535,-525,-505,-502,-505,-505,-505,-522,-534,-518,-501,-501,-502,-500,-502,-502,-506,-489,-471,-477,-488,-478,-478,-476,-480,-480,-471,-470,-481,-483,-480,-480,-482,-474,-474,-474,-436,-436,-436,-436,-436,-436,-436,-436,-436,-395,-395,-400
-110,-111,-93,-86,-110,-125,-128,-134,-140,-143,-135,-118,-118,-116,-133,-118,-123,-123,-123,-132,-114,-114,-114,-114,-114,-95,-119,-119,-116,-116,-124,-125,-125,-125,-121,-131,-122,-122,-122,-122,-122,-122,-122,-122,-122,-122,-119,-129,-128,-124,-123,-125,-128,-128,-124,-126,-132,-132,-131,-131,-131,-131,-131,-131,-131,-125,-117,-127,-145,-145,-128,-128,-141,-143,-132,-120,-118,-124,-121,-121,-143,-159,-151,-151,-127,-116,-139,-139,-139,-139,-139,-146,-146,-146,-146,-146,-136,-147,-121,-123,-123,-122,-122,-123,-126,-126,-126,-126,-127,-127,-127,-127,-125,-122,-122,-127,-127,-127,-127,-130,-132,-132,-132,-132,-132,-126,-138,-138,-138,-138,-134,-130,-123,-119,-119,-122,-135,-149,-149,-149,-149,-152,-152,-152,-152,-152,-152,-153,-156,-159,-157,-156,-155,-155,-136,-143,-154,-156,-151,-151,-158,-159,-173,-173,-172,-172,-178,-173,-173,-170,-161,-177,-176,-179,-179,-179,-183,-178,-178,-178,-182,-182,-182,-182,-182,-183,-183,-178,-174,-173,-168,-175,-172,-172,-172,-176,-176,-176,-176,-176,-176,-176,-176,-183,-184,-186,-185,-179,-179,-183,-186,-184,-184,-197,-200,-188,-186,-186,-186,-190,-174,-154,-154,-150,-147,-163,-182,-185,-190,-195,-199,-199,-203,-194,-194,-168,-168,-168,-168,-168,-168,-168,-184,-181,-188,-200,-194,-169,-163,-179,-190,-184,-174,-174,-175,-188,-188,-180,-180,-173,-161,-155,-159,-172,-172,-185,-186,-187,-189,-197,-208,-202,-202,-184,-152,-152,-152,-152,-142,-135,-132,-147,-161,-161,-156,-150,-151,-141,-130,-129,-129,-129,-129,-129,-129,-129,-129,-129,-129,-129,-129,-128,-143,-143,-143,-151,-155,-153,-153,-147,-148,-131,-131,-128,-145,-140,-140,-140,-140,-140,-140,-140,-179,-179,-164,-193,-205,-212,-227,-252,-252,-284,-280,-244,-255,-250,-247,-268,-268,-283,-283,-241,-241,-241,-241,-241,-224,-229,-242,-227,-198,-183,-183,-185,-184,-184,-192,-194,-194,-194,-129,-129,-129,-129,-129,-129,-129,-129,-133,-111,-111,-103,-130,-222,-222,-222,-222,-222,-222,-222,-222,-222,-222,-222,-222,-222,-222,-222,-222,-234,-228,-228,-236,-248,-249,-235,-217,-214,-217,-213,-210,-206,-197,-208,-208,-204,-185,-186,-191,-188,-183,-182,-182,-217,-217,-198,-208,-208,-216,-185,-185,-185,-185,-189,-191,-183,-182,-182,-182,-169,-169,-169,-169,-169,-169,-169,-169,-169,-159,-164,-175,-175,-181,-180,-154,-157,-161,-168,-182,-184,-179,-183,-192,-193,-181,-181,-175,-186,-183,-163,-158,-178,-184,-187,-184,-186,-177,-157,-152,-159,-159,-156,-156,-179,-179,-179,-179,-179,-166,-156,-148,-163,-176,-161,-161,-170,-181,-181,-179,-179,-152,-148,-157,-171,-143,-231,-231,-231,-231,-204,-172,-200,-185,-195,-204,-207,-207,-214,-181,-190,-190,-176,-176,-184,-184,-184,-184,-208,-219,-218,-212,-215,-214,-192,-192,-189,-191,-187,-187,-190,-183,-199,-187,-198,-207,-207,-207,-194,-209,-224,-219,-213,-216,-206,-187,-177,-177,-179,-186,-186,-182,-182,-192,-192,-192,-188,-190,-190,-189,-184,-196,-216,-219,-213,-211,-205,-200,-200,-201,-184,-160,-154,-159,-159,-139,-129,-128,-112,-112,-93,-62,-62,-62,-40,-23,-28,-31,-14,-14,0,0,-21,-41,-40,-26,-27,-32,-29,-29,-28,-32,-32,-6,-6,-6,-6,-6,-6,-6,-6,-13,-13,-71,-86,-61,-59,-59,-74,-24,-32,-49,-46,-68,-85,-81,-81,-81,-87,-97,-62,-62,-62,-62,-62,-62,-66,-66,-66,-66,-60
-189,-189,-189,-189,-189,-189,-189,-189,-189,-189,-189,-189,-189,-189,-189,-171,-170,-168,-164,-145,-145,-145,-138,-165,-165,-165,-165,-169,-169,-173,-153,-144,-144,-144,-143,-162,-162,-162,-162,-162,-132,-132,-132,-155,-132,-112,-111,-125,-125,-133,-133,-133,-136,-136,-119,-119,-108,-88,-120,-165,-88,-85,-246,-169,-53,-53,-119,-126,-126,-126,-110,-126,-126,-126,-126,-126,-128,-128,-128,-128,-128,-128,-130,-132,-127,-127,-127,-128,-128,-118,-118,-119,-119,-119,-119,-119,-119,-119,-119,-119,-123,-123,-129,-153,-160,-153,-156,-156,-145,-119,-125,-123,-124,-129,-143,-143,-143,-146,-151,-133,-137,-129,-121,-127,-127,-127,-127,-127,-132,-131,-126,-126,-126,-157,-157,-157,-157,-157,-172,-164,-172,-177,-157,-154,-154,-154,-151,-152,-152,-152,-152,-150,-144,-145,-138,-124,-129,-152,-168,-168,-202,-195,-180,-180,-184,-159,-151,-152,-147,-149,-149,-182,-182,-182,-182,-167,-152,-156,-148,-139,-137,-150,-172,-187,-195,-195,-171,-150,-147,-149,-147,-147,-147,-188,-188,-215,-215,-215,-180,-180,-180,-118,-118,-158,-158,-158,-158,-158,-158,-158,-158,-158,-163,-160,-157,-156,-156,-151,-151,-157,-140,-145,-146,-149,-151,-151,-139,-147,-160,-145,-146,-146,-146,-146,-146,-158,-156,-151,-162,-164,-150,-145,-145,-150,-154,-141,-146,-169,-179,-186,-182,-171,-167,-153,-153,-162,-157,-157,-151,-151,-171,-171,-171,-178,-178,-178,-178,-178,-178,-178,-178,-178,-49,-153,-152,-154,-193,-177,-174,-174,-166,-166,-173,-177,-163,-162,-155,-155,-148,-134,-134,-134,-134,-147,-140,-148,-150,-157,-162,-162,-138,-121,-130,-118,-105,-126,-162,-162,-172,-165,-165,-165,-104,-106,-115,-115,-154,-154,-154,-153,-153,-153,-132,-129,-120,-115,-115,-135,-139,-144,-149,-91,-91,-153,-60,-60,-60,-108,-108,-119,-156,-149,-149,-139,-122,-120,-131,-127,-119,-128,-144,-161,-161,-164,-155,-157,-157,-154,-120,-120,-121,-139,-144,-144,-144,-144,-144,-156,-134,-134,-134,-130,-126,-124,-139,-151,-147,-147,-148,-124,-116,-144,-152,-152,-142,-153,-150,-153,-151,-136,-143,-155,-155,-132,-131,-128,-121,-121,-117,-115,-121,-127,-120,-144,-157,-156,-155,-156,-161,-159,-164,-178,-172,-152,-149,-149,-173,-173,-173,-173,-173,-173,-173,-139,-139,-139,-139,-139,-139,-161,-165,-154,-149,-149,-187,-187,-174,-163,-162,-169,-169,-169,-158,-171,-171,-177,-184,-185,-172,-172,-167,-157,-156,-175,-187,-187,-167,-184,-199,-199,-188,-175,-149,-149,-156,-151,-152,-158,-158,-153,-165,-165,-165,-155,-132,-132,-132,-132,-157,-157,-157,-157,-154,-146,-136,-136,-122,-134,-150,-151,-154,-156,-156,-156,-156,-156,-156,-156,-144,-144,-145,-153,-153,-153,-153,-150,-169,-183,-184,-184,-183,-177,-177,-150,-150,-150,-150,-150,-150,-150,-151,-151,-151,-151,-151,-154,-149,-150,-150,-180,-184,-170,-173,-185,-185,-185,-185,-164,-164,-164,-164,-161,-161,-161,-161,-161,-161,-174,-161,-162,-167,-167,-167,-171,-151,-149,-162,-162,-155,-149,-146,-149,-149,-155,-164,-164,-164,-159,-159,-173,-174,-174,-175,-182,-165,-165,-168,-174,-169,-163,-170,-174,-163,-153,-155,-167,-178,-178,-177,-177,-166,-166,-166,-166,-166,-155,-170,-162,-162,-154,-155,-153,-153,-156,-157,-176,-192,-186,-186,-178,-189,-194,-194,-194,-188,-177,-177,-177,-166,-174,-156,-161,-159,-150,-153,-169,-169,-169,-169,-169,-169,-161,-161,-173,-166,-151,-142,-142,-144,-153
-85,-95,-97,-90,-88,-92,-108,-117,-90,-61,-68,-76,-58,-61,-99,-122,-122,-116,-103,-103,-101,-101,-113,-125,-118,-109,-126,-152,-151,-140,-134,-134,-131,-126,-112,-112,-112,-112,-112,-112,-112,-112,-112,-116,-116,-117,-113,-103,-98,-122,-124,-124,-124,-124,-119,-119,-119,-130,-130,-130,-130,-130,-157,-139,-148,-134,-121,-137,-137,-137,-125,-113,-113,-113,-111,-97,-97,-116,-152,-165,-165,-126,-128,-128,-128,-119,-127,-157,-161,-150,-158,-158,-161,-161,-153,-153,-153,-153,-153,-153,-163,-155,-137,-116,-109,-97,-104,-104,-104,-107,-131,-131,-131,-131,-131,-131,-131,-131,-154,-142,-121,-120,-122,-101,-107,-122,-124,-104,-85,-96,-111,-99,-79,-78,-73,-51,-58,-91,-90,-62,-62,-89,-89,-89,-89,-89,-80,-80,-80,-77,-62,-62,-64,-62,-72,-72,-61,-75,-58,-29,-29,-57,-67,-54,-58,-52,-46,-45,-45,-66,-85,-85,-92,-92,-87,-58,-58,-58,-43,-43,-43,-43,-43,-43,-66,-76,-80,-76,-65,-50,-24,-16,-42,-42,-42,-62,-62,-62,-65,-55,-49,-54,-52,-42,-49,-56,-56,-56,-56,-82,-84,-82,-88,-76,-76,-56,-60,-60,-44,-47,-68,-94,-99,-81,-81,-82,-89,-92,-89,-64,-64,-58,-98,-85,-86,-96,-98,-93,-81,-81,-89,-89,-89,-89,-89,-119,-119,-119,-100,-77,-77,-77,-77,-48,-48,-48,-48,-89,-89,-82,-87,-78,-57,-57,-80,-89,-88,-106,-81,-66,-87,-83,-63,-63,-87,-70,-58,-58,-67,-61,-61,-61,-61,-77,-77,-87,-96,-83,-65,-65,-101,-91,-73,-73,-75,-81,-90,-77,-87,-94,-74,-73,-98,-97,-97,-78,-77,-90,-105,-105,-105,-105,-105,-105,-105,-105,-105,-124,-124,-124,-143,-156,-151,-139,-127,-113,-116,-127,-128,-137,-149,-136,-114,-132,-124,-111,-143,-176,-161,-150,-162,-153,-132,-126,-130,-141,-156,-162,-162,-164,-163,-182,-200,-171,-171,-171,-160,-166,-141,-141,-152,-184,-197,-186,-186,-196,-196,-196,-196,-196,-196,-196,-196,-196,-195,-188,-171,-151,-148,-149,-149,-140,-140,-140,-140,-140,-145,-147,-144,-139,-146,-146,-156,-156,-156,-156,-125,-125,-125,-133,-122,-124,-148,-160,-155,-131,-125,-135,-126,-112,-112,-139,-139,-169,-175,-175,-175,-150,-150,-150,-150,-120,-120,-120,-120,-147,-147,-143,-143,-143,-143,-143,-143,-128,-137,-168,-168,-141,-123,-104,-103,-103,-103,-121,-151,-151,-155,-124,-124,-124,-124,-129,-131,-117,-135,-165,-176,-153,-126,-126,-135,-138,-120,-120,-105,-160,-165,-155,-155,-139,-132,-132,-122,-141,-144,-139,-142,-133,-122,-127,-132,-132,-132,-120,-120,-107,-129,-126,-108,-103,-97,-97,-116,-116,-116,-124,-130,-130,-130,-129,-111,-119,-119,-116,-116,-109,-109,-109,-109,-109,-109,-92,-92,-92,-92,-78,-106,-106,-122,-122,-107,-107,-107,-92,-92,-108,-134,-134,-134,-120,-118,-118,-118,-118,-125,-117,-117,-117,-122,-129,-153,-148,-134,-125,-123,-125,-118,-115,-115,-124,-95,-95,-95,-95,-95,-95,-90,-117,-96,-96,-113,-128,-108,-101,-115,-115,-107,-135,-135,-135,-135,-135,-135,-138,-141,-145,-145,-137,-126,-126,-126,-126,-126,-138,-134,-127,-128,-123,-126,-130,-123,-123,-135,-135,-126,-126,-125,-119,-124,-123,-136,-142,-142,-142,-142,-151,-157,-155,-155,-155,-150,-150,-150,-150,-150,-150,-150,-150,-168,-168,-168,-168,-168,-168,-168,-168,-168,-172,-172,-148,-152,-151,-150,-144,-144,-132,-130,-130,-130,-130
-151,-151,-151,-151,-151,-151,-151,-151,-151,-151,-151,-122,-122,-122,-122,-122,-122,-121,-121,-118,-119,-117,-119,-119,-120,-97,-111,-107,-90,-90,-130,-130,-130,-130,-130,-130,-130,-125,-125,-144,-162,-157,-157,-151,-183,-156,-143,-151,-151,-147,-147,-151,-174,-174,-174,-176,-177,-177,-177,-160,-148,-148,-154,-154,-154,-154,-154,-154,-154,-154,-154,-154,-154,-154,-154,-154,-154,-166,-154,-154,-154,-154,-155,-155,-155,-181,-181,-181,-181,-158,-158,-158,-158,-156,-150,-149,-166,-173,-173,-164,-158,-158,-161,-157,-151,-151,-148,-115,-119,-130,-122,-136,-147,-121,-121,-121,-121,-123,-110,-110,-110,-126,-119,-117,-118,-112,-114,-126,-124,-120,-120,-91,-91,-91,-120,-120,-120,-117,-121,-121,-127,-124,-119,-137,-146,-129,-128,-150,-158,-153,-161,-150,-127,-125,-129,-122,-132,-132,-144,-139,-146,-146,-150,-137,-119,-133,-151,-148,-147,-158,-157,-157,-157,-150,-157,-154,-164,-164,-164,-164,-156,-148,-150,-148,-134,-124,-123,-126,-126,-123,-125,-130,-130,-129,-114,-90,-85,-93,-96,-97,-94,-103,-123,-123,-99,-96,-96,-101,-82,-87,-97,-97,-97,-99,-123,-133,-124,-120,-120,-118,-88,-94,-127,-105,-105,-105,-90,-117,-133,-117,-113,-98,-96,-105,-112,-120,-115,-95,-83,-92,-92,-87,-87,-87,-121,-121,-121,-138,-123,-118,-128,-126,-126,-144,-139,-127,-127,-122,-122,-130,-130,-130,-130,-114,-114,-114,-114,-114,-114,-114,-121,-121,-102,-87,-83,-91,-91,-86,-86,-86,-89,-89,-89,-89,-87,-94,-90,-90,-87,-87,-87,-117,-132,-115,-92,-93,-102,-95,-95,-108,-122,-128,-124,-123,-123,-118,-120,-120,-120,-79,-90,-113,-113,-122,-122,-121,-120,-123,-126,-126,-126,-139,-139,-136,-136,-125,-124,-122,-122,-127,-112,-98,-94,-96,-96,-112,-150,-153,-84,-100,-109,-109,-97,-97,-97,-95,-93,-86,-89,-89,-106,-106,-106,-136,-136,-136,-136,-116,-133,-148,-142,-127,-126,-126,-130,-125,-125,-125,-114,-115,-128,-130,-117,-113,-119,-119,-118,-119,-127,-125,-125,-116,-114,-116,-120,-127,-140,-132,-116,-126,-129,-103,-85,-85,-90,-134,-134,-134,-134,-99,-99,-86,-87,-118,-154,-158,-151,-149,-136,-121,-121,-118,-113,-112,-136,-136,-136,-148,-114,-123,-141,-145,-140,-140,-126,-126,-126,-126,-126,-126,-126,-161,-161,-143,-147,-147,-155,-153,-152,-133,-143,-163,-160,-147,-156,-170,-168,-157,-144,-137,-137,-148,-148,-148,-148,-181,-181,-181,-181,-181,-194,-185,-184,-162,-151,-158,-169,-181,-181,-167,-172,-169,-160,-161,-158,-151,-151,-151,-151,-151,-149,-147,-158,-158,-149,-149,-169,-147,-119,-119,-119,-141,-131,-131,-143,-126,-133,-162,-164,-149,-149,-165,-159,-150,-150,-144,-141,-154,-159,-147,-135,-130,-125,-123,-123,-124,-160,-160,-160,-160,-152,-152,-152,-151,-128,-128,-160,-160,-160,-160,-160,-160,-160,-139,-145,-135,-135,-124,-124,-124,-124,-158,-158,-154,-154,-154,-154,-154,-149,-163,-147,-137,-153,-153,-158,-153,-157,-145,-151,-148,-151,-174,-187,-173,-165,-168,-154,-138,-143,-143,-187,-187,-187,-178,-146,-146,-146,-146,-146,-146,-142,-142,-148,-123,-123,-123,-123,-123,-123,-123,-123,-116,-107,-110,-130,-138,-127,-132,-132,-149,-147,-153,-138,-119,-133,-155,-146,-146,-144,-159,-166,-160,-163,-168,-160,-154,-145,-128,-128,-173,-173,-185,-185,-185,-185,-160,-160,-160,-160,-160,-160,-119,-119,-119,-119,-119,-119,-119,-119,-114
1,1,1,-22,-49,-41,-24,-27,-46,-48,-25,-18,-59,-73,-15,-15,-19,-75,-53,-5,-22,-50,-32,-18,-32,-45,-23,-27,-30,-26,-33,-38,-30,-24,-13,2,-5,-11,11,18,-5,-2,16,-11,-39,-19,-19,-5,-35,-27,-27,-40,-30,-14,-24,-19,-16,-40,-40,-6,-21,13,-2,-2,-2,-1,-1,-1,-1,-14,26,32,32,3,3,-27,-27,-27,14,-2,-25,-14,3,2,-1,-1,-5,-16,14,27,12,8,8,3,17,17,17,17,25,-26,-18,16,36,24,24,24,8,31,56,34,16,16,34,4,10,17,5,5,40,40,40,40,40,29,-6,-14,-22,-22,4,4,4,-1,-2,17,14,-40,-40,-40,-44,-44,-44,-44,-44,-44,-44,-44,-44,-44,-44,-44,-44,-44,-11,-9,6,6,-26,-45,-45,-45,-61,-79,-73,-43,-30,-38,-36,-48,-74,-82,-88,-100,-104,-104,-107,-63,-51,-54,-54,-63,-63,-75,-83,-88,-88,-103,-82,-72,-72,-75,-82,-92,-82,-73,-73,-73,-80,-100,-101,-93,-70,-81,-84,-68,-70,-75,-64,-63,-76,-66,-44,-44,-44,-80,-83,-83,-58,-79,-79,-79,-38,-59,-72,-72,-41,-26,-42,-50,-50,-50,-42,-39,-76,-85,-70,-71,-81,-68,-29,-17,-48,-61,-61,-39,-35,-63,-61,-71,-59,-58,-56,-62,-90,-82,-48,-56,-77,-77,-77,-85,-87,-73,-73,-64,-93,-83,-52,-50,-62,-57,-54,-62,-60,-62,-62,-85,-85,-85,-85,-37,-47,-47,-57,-66,-61,-53,-69,-69,-69,-31,-63,-63,-49,-49,-49,-102,-102,-102,-51,-51,-51,-51,-44,-44,-44,-56,-56,-56,-56,-56,-64,-77,-67,-59,-55,-58,-57,-33,-26,-62,-62,-58,-58,-58,-49,-54,-55,-36,-52,-45,-47,-47,-33,-33,-53,-21,-21,-52,-52,-65,-58,-54,-85,-93,-59,-49,-59,-59,-33,-47,-32,-32,-39,-39,-80,-80,-80,-80,-70,-70,-70,-70,-70,-53,-57,-61,-82,-83,-66,-80,-89,-79,-79,-78,-75,-76,-71,-78,-63,-58,-76,-88,-76,-68,-76,-63,-52,-70,-77,-62,-53,-51,-58,-76,-83,-94,-114,-114,-114,-91,-104,-104,-110,-111,-111,-111,-111,-111,-155,-155,-155,-155,-106,-80,-98,-78,-72,-78,-78,-97,-87,-87,-87,-98,-65,-65,-66,-91,-81,-87,-94,-97,-91,-76,-83,-93,-93,-93,-86,-93,-84,-84,-106,-106,-106,-82,-94,-101,-81,-68,-87,-111,-113,-113,-120,-128,-119,-103,-103,-103,-99,-80,-80,-98,-114,-88,-91,-100,-104,-111,-106,-84,-84,-80,-99,-84,-83,-102,-119,-107,-95,-95,-117,-117,-112,-115,-115,-115,-115,-115,-119,-81,-81,-81,-106,-106,-106,-114,-114,-99,-102,-94,-86,-86,-86,-117,-108,-82,-69,-69,-88,-86,-90,-91,-89,-86,-86,-108,-108,-108,-108,-108,-108,-108,-134,-135,-135,-135,-135,-99,-99,-107,-100,-105,-95,-85,-95,-90,-90,-60,-60,-52,-52,-52,-52,-74,-69,-60,-63,-69,-60,-60,-69,-69,-69,-69,-73,-103,-103,-103,-103,-68,-68,-59,-34,-35,-45,-42,-43,-43,-59,-50,-39,-44,-59,-60,-45,-46,-46,-54,-52,-62,-76,-76,-73,-72,-54,-45,-45,-39,-47,-59,-43,-24,-36,-36,-41,-35,-37,-28,-25,-26,-26,-48,-48,-24,-26,-26,-28,-28,-28,-28,-28,-22,-72,-49,-26,-38,-43,-29,-29,-34,-58,-64,-61,-54,-59,-66,-46,-34,-49,-65,-54,-28,-28,-49,-87,-49,-61,-76
-161,-180,-182,-162,-166,-166,-158,-180,-187,-167,-165,-178,-178,-194,-208,-203,-202,-202,-160,-172,-182,-159,-159,-153,-180,-180,-180,-180,-170,-170,-170,-170,-170,-170,-181,-181,-181,-179,-178,-178,-178,-165,-141,-155,-149,-139,-153,-166,-148,-132,-135,-129,-129,-139,-135,-135,-115,-126,-123,-125,-140,-142,-130,-130,-142,-142,-142,-148,-148,-148,-159,-167,-164,-163,-166,-166,-166,-147,-147,-147,-163,-163,-163,-163,-163,-155,-157,-160,-151,-152,-162,-152,-135,-135,-151,-147,-143,-143,-152,-129,-128,-153,-164,-145,-139,-139,-156,-135,-137,-158,-146,-126,-140,-159,-154,-140,-145,-145,-153,-143,-148,-158,-155,-156,-154,-141,-141,-142,-167,-167,-167,-173,-183,-160,-169,-158,-149,-178,-191,-160,-154,-154,-185,-194,-182,-184,-169,-159,-154,-154,-150,-159,-145,-145,-172,-172,-150,-150,-131,-181,-165,-142,-149,-172,-166,-166,-150,-151,-141,-141,-118,-120,-123,-135,-135,-163,-186,-174,-158,-150,-156,-141,-137,-137,-137,-175,-175,-175,-157,-157,-157,-157,-158,-154,-154,-160,-158,-152,-138,-138,-127,-118,-123,-123,-124,-152,-167,-133,-113,-113,-130,-115,-114,-114,-119,-119,-119,-119,-122,-122,-122,-122,-126,-126,-126,-121,-122,-125,-135,-135,-155,-155,-155,-155,-155,-152,-126,-147,-163,-154,-149,-152,-150,-150,-165,-165,-165,-155,-155,-157,-122,-123,-116,-117,-126,-130,-125,-120,-120,-124,-124,-124,-88,-88,-86,-56,-70,-102,-101,-91,-91,-95,-108,-101,-103,-103,-118,-122,-110,-101,-95,-93,-96,-102,-102,-107,-120,-117,-110,-110,-113,-121,-121,-121,-117,-126,-118,-96,-88,-88,-96,-95,-106,-126,-125,-111,-99,-118,-121,-121,-121,-106,-106,-91,-91,-91,-92,-92,-95,-76,-75,-85,-91,-91,-96,-100,-102,-99,-85,-90,-90,-90,-91,-93,-100,-96,-107,-121,-124,-140,-160,-149,-149,-159,-159,-159,-159,-146,-147,-141,-129,-130,-143,-151,-149,-149,-157,-157,-157,-157,-157,-157,-157,-146,-162,-162,-162,-162,-162,-131,-135,-154,-157,-154,-159,-152,-152,-178,-180,-180,-162,-187,-161,-147,-160,-175,-175,-189,-175,-187,-176,-153,-156,-160,-153,-156,-156,-155,-155,-144,-149,-142,-130,-145,-145,-129,-119,-119,-133,-115,-120,-123,-123,-124,-124,-124,-143,-143,-143,-143,-143,-116,-126,-129,-126,-132,-132,-100,-100,-68,-68,-30,-30,-30,-69,-69,-66,-82,-99,-89,-65,-60,-71,-71,-64,-64,-71,-94,-68,-61,-68,-65,-65,-89,-89,-84,-85,-94,-94,-114,-130,-130,-130,-130,-127,-127,-160,-160,-156,-125,-125,-125,-125,-123,-115,-109,-99,-89,-101,-122,-122,-122,-122,-122,-122,-122,-93,-109,-104,-90,-86,-88,-88,-91,-84,-107,-108,-83,-64,-68,-81,-72,-60,-60,-84,-69,-69,-69,-69,-69,-69,-69,-69,-69,-65,-65,-65,-62,-62,-62,-62,-62,-62,-62,-84,-96,-89,-90,-98,-96,-91,-100,-121,-121,-120,-102,-120,-115,-96,-116,-116,-116,-116,-121,-121,-127,-132,-118,-121,-139,-126,-125,-129,-126,-122,-121,-121,-111,-108,-121,-126,-117,-115,-118,-114,-116,-126,-131,-131,-131,-131,-154,-144,-153,-153,-126,-126,-120,-120,-120,-120,-120,-120,-120,-98,-98,-93,-93,-93,-93,-94,-101,-101,-83,-86,-93,-95,-95,-105,-97,-98,-101,-91,-86,-90,-90,-101,-126,-127,-141,-144,-127,-118,-125,-125,-117,-89,-98,-92,-112,-112,-112,-128,-130,-130,-130,-130,-126,-126,-133,-115,-121,-122,-95,-98,-151,-151,-161,-161,-151
-142,-142,-142,-142,-142,-142,-142,-142,-142,-142,-142,-149,-149,-175,-175,-175,-165,-165,-155,-155,-155,-155,-155,-156,-154,-171,-203,-203,-203,-186,-208,-241,-253,-283,-289,-293,-276,-246,-258,-241,-238,-238,-238,-238,-264,-264,-175,-175,-175,-175,-175,-192,-216,-216,-216,-216,-216,-216,-216,-212,-237,-245,-227,-256,-255,-242,-263,-276,-254,-240,-240,-241,-243,-240,-244,-255,-260,-260,-236,-252,-267,-254,-234,-239,-251,-252,-255,-265,-265,-275,-265,-256,-256,-246,-243,-243,-260,-260,-260,-242,-242,-242,-242,-250,-250,-250,-250,-237,-215,-215,-215,-211,-204,-212,-203,-188,-184,-181,-176,-173,-173,-165,-161,-163,-143,-116,-113,-126,-116,-92,-90,-100,-89,-81,-81,-107,-102,-99,-103,-119,-119,-103,-99,-123,-126,-117,-125,-125,-128,-132,-132,-132,-132,-120,-120,-120,-151,-150,-148,-148,-153,-153,-146,-147,-149,-137,-130,-130,-143,-138,-119,-126,-147,-159,-164,-155,-145,-149,-149,-151,-145,-147,-155,-156,-151,-149,-154,-153,-146,-141,-145,-153,-150,-147,-153,-154,-154,-161,-159,-144,-127,-120,-125,-124,-120,-140,-140,-152,-154,-176,-185,-185,-175,-160,-159,-173,-187,-208,-214,-187,-174,-185,-197,-205,-205,-208,-208,-208,-194,-194,-194,-194,-205,-214,-210,-217,-217,-203,-203,-203,-203,-183,-192,-209,-209,-194,-195,-195,-158,-161,-162,-157,-166,-167,-167,-151,-146,-154,-162,-159,-171,-171,-191,-184,-176,-180,-166,-160,-160,-162,-169,-179,-181,-180,-182,-175,-164,-164,-160,-159,-150,-166,-174,-174,-180,-187,-176,-176,-201,-201,-201,-190,-190,-190,-190,-170,-170,-170,-175,-169,-151,-149,-149,-159,-159,-159,-175,-175,-175,-164,-170,-172,-172,-179,-179,-190,-190,-180,-182,-170,-158,-165,-179,-184,-182,-189,-206,-210,-190,-176,-187,-184,-184,-180,-180,-180,-180,-180,-163,-163,-152,-152,-152,-146,-154,-152,-154,-155,-152,-177,-180,-188,-204,-201,-185,-186,-188,-170,-156,-155,-155,-160,-160,-163,-157,-175,-173,-146,-146,-146,-146,-146,-157,-147,-134,-134,-153,-153,-153,-153,-191,-205,-213,-216,-216,-198,-178,-183,-195,-181,-190,-190,-171,-171,-171,-171,-171,-171,-170,-190,-195,-184,-184,-193,-198,-193,-180,-180,-167,-162,-161,-161,-174,-176,-176,-181,-181,-181,-179,-168,-157,-156,-156,-167,-178,-185,-178,-182,-181,-178,-184,-190,-182,-182,-182,-182,-187,-202,-202,-202,-202,-198,-198,-198,-198,-180,-180,-187,-180,-180,-189,-189,-182,-192,-206,-195,-175,-175,-166,-147,-147,-147,-147,-147,-147,-147,-147,-170,-162,-158,-166,-174,-171,-171,-171,-202,-202,-191,-194,-186,-186,-186,-182,-182,-182,-182,-182,-186,-203,-200,-194,-195,-180,-180,-180,-186,-192,-193,-193,-229,-229,-229,-229,-209,-217,-230,-230,-203,-203,-203,-175,-175,-175,-175,-175,-164,-175,-183,-183,-183,-151,-165,-166,-153,-153,-155,-161,-161,-161,-161,-163,-149,-132,-143,-143,-189,-189,-186,-170,-170,-170,-153,-153,-153,-153,-144,-181,-181,-175,-101,-90,-92,-78,-59,-74,-107,-127,-135,-135,-135,-132,-118,-102,-100,-104,-125,-140,-140,-108,-108,-108,-108,-108,-108,-116,-116,-116,-116,-116,-127,-127,-117,-117,-114,-118,-118,-118,-118,-118,-118,-118,-118,-118,-131,-146,-149,-150,-155,-155,-155,-155,-151,-148,-146,-146,-147,-147,-147,-139,-132,-132,-157,-156,-151,-153,-150,-150,-156,-157,-158,-158,-154,-159,-165,-156,-156,-149,-149,-149,-150,-155,-142,-142,-142,-142,-157,-155,-160,-161,-138
-247,-238,-229,-225,-234,-237,-216,-209,-244,-266,-255,-257,-273,-273,-276,-280,-280,-257,-257,-257,-259,-259,-259,-226,-222,-228,-214,-235,-235,-235,-235,-235,-235,-235,-235,-235,-247,-247,-247,-247,-247,-247,-247,-247,-247,-247,-246,-246,-248,-238,-224,-228,-234,-233,-241,-241,-188,-188,-188,-173,-154,-144,-150,-159,-157,-157,-151,-153,-127,-118,-143,-158,-153,-153,-208,-208,-208,-208,-208,-208,-211,-208,-208,-208,-193,-193,-193,-193,-193,-189,-193,-191,-194,-204,-202,-202,-152,-152,-176,-166,-180,-195,-195,-195,-171,-177,-183,-183,-188,-188,-188,-178,-185,-197,-185,-156,-156,-160,-160,-157,-153,-153,-153,-144,-187,-157,-116,-115,-134,-133,-127,-137,-137,-151,-126,-126,-126,-126,-129,-151,-164,-167,-161,-169,-181,-181,-163,-179,-179,-179,-167,-167,-167,-167,-167,-181,-191,-178,-176,-196,-189,-189,-166,-173,-188,-179,-167,-151,-156,-156,-135,-127,-147,-158,-150,-140,-133,-138,-145,-145,-131,-118,-119,-119,-127,-125,-122,-124,-124,-146,-146,-146,-146,-146,-146,-122,-122,-122,-139,-139,-139,-139,-155,-157,-161,-159,-158,-158,-164,-159,-159,-150,-141,-141,-175,-169,-188,-188,-188,-155,-155,-155,-155,-155,-162,-156,-149,-158,-155,-153,-151,-151,-164,-183,-183,-168,-164,-162,-155,-155,-151,-190,-190,-190,-190,-190,-190,-190,-158,-156,-162,-164,-179,-204,-204,-211,-211,-229,-237,-219,-204,-208,-212,-196,-196,-190,-207,-196,-196,-187,-216,-193,-186,-192,-187,-181,-181,-196,-196,-201,-201,-214,-231,-240,-236,-249,-245,-268,-282,-278,-270,-261,-255,-253,-243,-240,-240,-240,-240,-240,-243,-230,-223,-214,-217,-230,-229,-215,-213,-213,-241,-240,-240,-269,-259,-232,-232,-221,-220,-215,-222,-222,-222,-222,-222,-222,-222,-204,-188,-187,-188,-182,-182,-183,-183,-183,-210,-210,-192,-177,-170,-196,-229,-240,-240,-158,-158,-158,-158,-127,-127,-127,-117,-101,-133,-101,-58,-39,-33,-18,-14,-24,-16,-16,-16,-5,-15,-15,-15,-15,-25,-9,13,2,2,-24,-24,-24,-34,-34,-34,-45,-35,-39,-61,-66,-41,-21,-29,-29,-38,-34,-61,-69,-63,-63,-86,-73,-80,-93,-93,-92,-124,-124,-124,-113,-126,-126,-126,-126,-126,-126,-121,-146,-150,-138,-139,-141,-141,-143,-140,-134,-142,-141,-148,-159,-160,-162,-162,-155,-157,-146,-147,-160,-153,-143,-151,-143,-143,-153,-153,-153,-139,-139,-147,-147,-153,-153,-170,-170,-170,-173,-180,-180,-177,-147,-147,-147,-147,-147,-147,-147,-143,-131,-116,-120,-120,-134,-134,-160,-152,-159,-151,-129,-122,-122,-123,-143,-143,-143,-143,-143,-143,-143,-143,-139,-135,-116,-106,-115,-107,-107,-96,-103,-121,-126,-135,-132,-120,-131,-128,-126,-126,-123,-114,-114,-114,-114,-104,-155,-166,-156,-161,-176,-183,-182,-173,-168,-168,-177,-177,-173,-183,-183,-180,-171,-174,-181,-181,-168,-159,-159,-160,-160,-151,-149,-143,-147,-161,-155,-143,-140,-125,-117,-132,-134,-134,-127,-161,-147,-140,-140,-173,-166,-158,-165,-165,-188,-189,-167,-167,-167,-135,-128,-147,-140,-115,-128,-162,-141,-141,-141,-160,-167,-154,-138,-138,-115,-115,-115,-115,-150,-159,-158,-158,-155,-164,-162,-147,-152,-152,-182,-182,-177,-177,-193,-175,-168,-167,-157,-153,-153,-181,-173,-169,-169,-178,-157,-165,-171,-155,-155,-185,-185,-185,-168,-168,-180,-172,-161,-152,-151,-158,-151,-151,-150,-152,-155,-175,-187,-168,-150,-150,-169,-169,-159,-145,-127,-132,-139
-162,-162,-162,-162,-162,-169,-150,-175,-189,-146,-113,-139,-178,-177,-179,-219,-207,-121,-106,-106,-155,-145,-183,-197,-177,-177,-183,-195,-198,-197,-190,-190,-171,-175,-187,-173,-179,-189,-138,-138,-117,-117,-117,-154,-128,-128,-128,-128,-128,-143,-86,-137,-142,-142,-142,-147,-147,-172,-149,-144,-136,-136,-125,-127,-132,-132,-145,-142,-131,-115,-116,-109,-106,-106,-132,-120,-137,-146,-146,-119,-119,-119,-119,-119,-119,-123,-149,-149,-149,-149,-149,-149,-149,-149,-149,-149,-149,-161,-159,-161,-160,-160,-168,-167,-167,-145,-145,-145,-145,-145,-145,-145,-145,-185,-179,-161,-179,-166,-161,-156,-152,-168,-168,-156,-174,-169,-155,-155,-155,-142,-142,-142,-142,-142,-124,-175,-130,-147,-147,-147,-147,-201,-201,-201,-201,-201,-201,-141,-141,-141,-129,-129,-129,-129,-142,-146,-126,-139,-153,-150,-150,-150,-162,-143,-123,-128,-151,-161,-161,-161,-161,-151,-169,-169,-169,-169,-169,-169,-139,-123,-123,-149,-123,-125,-152,-155,-134,-134,-116,-116,-116,-143,-143,-143,-142,-158,-151,-163,-181,-187,-179,-179,-178,-179,-179,-179,-179,-230,-230,-230,-230,-230,-230,-230,-217,-217,-217,-217,-217,-231,-231,-231,-231,-231,-231,-231,-231,-231,-231,-215,-215,-218,-218,-218,-218,-170,-170,-210,-210,-217,-213,-213,-213,-210,-195,-209,-209,-208,-192,-209,-234,-240,-240,-221,-223,-202,-202,-202,-202,-202,-202,-202,-195,-215,-206,-174,-174,-190,-171,-156,-156,-160,-189,-230,-230,-193,-210,-238,-238,-187,-187,-187,-187,-213,-204,-214,-212,-212,-188,-225,-225,-225,-225,-230,-191,-210,-198,-197,-215,-215,-193,-193,-193,-193,-189,-189,-189,-191,-189,-178,-194,-204,-204,-204,-205,-205,-186,-205,-195,-181,-175,-180,-211,-218,-218,-176,-196,-219,-217,-191,-162,-178,-178,-233,-227,-216,-216,-216,-203,-203,-181,-181,-181,-181,-199,-199,-199,-209,-209,-240,-211,-203,-207,-200,-192,-199,-212,-212,-203,-204,-207,-207,-195,-158,-158,-158,-158,-202,-202,-132,-132,-177,-177,-177,-177,-177,-133,-150,-137,-137,-137,-168,-159,-169,-186,-173,-173,-161,-167,-152,-124,-132,-178,-178,-168,-182,-146,-107,-144,-199,-187,-149,-133,-134,-133,-126,-123,-118,-122,-122,-149,-149,-131,-141,-168,-167,-129,-126,-155,-155,-156,-178,-185,-159,-160,-156,-152,-152,-139,-139,-139,-157,-157,-126,-126,-126,-126,-124,-142,-136,-110,-124,-149,-125,-117,-140,-134,-127,-103,-126,-183,-159,-122,-157,-170,-116,-101,-153,-174,-162,-166,-180,-171,-171,-130,-152,-179,-185,-191,-191,-191,-159,-161,-177,-146,-144,-174,-174,-163,-163,-166,-173,-173,-111,-111,-111,-172,-164,-130,-130,-133,-222,-222,-222,-245,-245,-209,-181,-194,-207,-207,-207,-209,-208,-213,-226,-204,-173,-188,-207,-207,-171,-171,-171,-214,-197,-191,-221,-216,-178,-173,-191,-196,-193,-193,-206,-206,-210,-202,-202,-199,-186,-186,-148,-140,-134,-164,-181,-164,-179,-219,-214,-214,-188,-183,-183,-183,-170,-155,-180,-214,-207,-174,-166,-166,-155,-143,-162,-142,-174,-204,-204,-204,-189,-190,-191,-191,-161,-179,-177,-174,-205,-213,-176,-163,-204,-210,-210,-180,-196,-209,-169,-169,-169,-169,-169,-169,-137,-178,-178,-178,-178,-178,-178,-144,-174,-198,-179,-184,-221,-210,-180,-186,-182,-189,-189,-234,-243,-223,-236,-266,-275,-267,-237,-211,-220,-229,-229,-229,-229,-281,-235,-185,-198,-222,-233,-250,-246,-241,-262,-262,-258,-258,-221,-224,-242,-242,-243,-266,-258
-184,-184,-184,-184,-184,-184,-184,-184,-184,-184,-160,-182,-173,-148,-164,-190,-182,-182,-176,-198,-198,-196,-202,-207,-196,-196,-181,-181,-181,-198,-190,-182,-208,-227,-227,-214,-161,-161,-155,-155,-171,-164,-157,-157,-175,-152,-118,-147,-186,-174,-145,-145,-138,-130,-135,-136,-148,-156,-158,-160,-160,-160,-139,-154,-158,-162,-178,-178,-134,-134,-134,-134,-134,-190,-190,-190,-151,-133,-148,-161,-160,-136,-136,-159,-159,-159,-125,-125,-115,-115,-115,-115,-115,-115,-141,-194,-194,-108,-133,-142,-136,-176,-203,-172,-156,-170,-190,-208,-208,-196,-161,-169,-152,-152,-165,-165,-148,-201,-157,-152,-152,-152,-200,-190,-189,-195,-195,-185,-185,-185,-185,-185,-195,-220,-193,-193,-209,-203,-174,-204,-204,-243,-191,-214,-214,-174,-158,-158,-173,-180,-183,-205,-212,-183,-178,-211,-208,-178,-171,-178,-183,-179,-156,-156,-156,-166,-166,-113,-128,-144,-144,-144,-118,-122,-142,-144,-144,-140,-161,-146,-155,-155,-148,-132,-151,-168,-137,-108,-108,-125,-131,-131,-146,-146,-142,-165,-133,-133,-155,-117,-139,-125,-139,-139,-139,-139,-124,-179,-179,-179,-147,-148,-157,-148,-152,-162,-167,-160,-160,-147,-164,-164,-174,-158,-153,-134,-134,-129,-145,-115,-115,-115,-115,-115,-113,-129,-130,-135,-139,-133,-123,-145,-145,-145,-156,-156,-160,-160,-160,-160,-103,-117,-146,-146,-90,-137,-171,-171,-132,-145,-144,-134,-138,-138,-139,-133,-139,-139,-139,-139,-139,-139,-139,-123,-123,-123,-123,-123,-108,-128,-147,-157,-157,-143,-123,-157,-182,-91,-141,-179,-139,-82,-90,-150,-177,-156,-156,-126,-129,-116,-82,-82,-169,-169,-165,-165,-165,-170,-175,-175,-175,-175,-175,-175,-175,-161,-184,-189,-136,-141,-146,-158,-149,-151,-151,-151,-161,-173,-177,-151,-146,-160,-160,-193,-193,-193,-193,-150,-101,-140,-197,-175,-150,-161,-161,-172,-197,-181,-173,-182,-168,-168,-134,-202,-217,-196,-181,-189,-189,-166,-150,-150,-144,-154,-151,-126,-126,-140,-166,-140,-100,-100,-83,-83,-83,-83,25,25,25,25,25,25,25,25,25,25,25,25,25,25,25,61,97,81,67,67,22,22,22,41,66,76,93,103,73,85,85,85,105,84,104,108,107,119,132,132,146,138,101,142,175,158,147,175,175,159,159,159,143,153,179,179,168,198,215,180,173,199,199,196,219,227,230,240,235,235,223,234,239,239,225,237,255,284,287,269,245,250,266,267,267,267,267,243,243,271,271,260,260,260,260,260,260,260,270,274,274,287,277,271,290,248,266,241,272,322,248,264,294,294,275,275,274,263,264,244,285,267,264,251,251,241,241,254,246,252,237,243,243,243,260,251,229,238,248,245,245,241,241,241,241,241,231,226,242,242,242,233,219,210,216,229,247,266,252,217,204,214,214,179,179,179,179,180,180,180,180,190,185,161,144,129,137,151,151,146,152,168,183,173,160,155,133,133,140,140,148,159,135,107,107,122,121,119,106,95,94,94,97,90,60,62,73,84,85,88,88,70,69,94,98,94,92,92,55,55,32,32,32,32,32,12,1,3,23,10,-14,-16,9,7,-42,-4,28,-55,-55,41,41,-20,-20,-20,-20,-39,-23,-22,-103,-103,-103,-103,-103,-103,-103,-103,-103,-97,-97,-97,-97,-97,-97,-78
-107,-218,-212,-214,-232,-219,-202,-209,-208,-199,-202,-198,-189,-222,-249,-223,-206,-212,-198,-178,-178,-187,-187,-187,-187,-185,-201,-201,-181,-209,-209,-209,-176,-161,-159,-170,-173,-173,-151,-166,-166,-166,-166,-166,-166,-166,-107,-176,-182,-143,-143,-143,-143,-128,-158,-164,-141,-158,-173,-196,-207,-204,-201,-196,-181,-172,-163,-131,-108,-108,-122,-105,-91,-91,-123,-140,-140,-140,-109,-118,-117,-113,-120,-123,-123,-120,-117,-124,-124,-121,-99,-84,-83,-77,-70,-55,-51,-67,-67,-81,-98,-98,-98,-73,-104,-103,-103,-86,-93,-93,-102,-77,-117,-68,-58,-72,-114,-114,-102,-121,-135,-135,-132,-136,-136,-136,-136,-138,-117,-109,-112,-100,-100,-109,-118,-131,-131,-131,-131,-98,-90,-99,-92,-106,-149,-147,-102,-76,-106,-150,-138,-92,-92,-106,-106,-112,-112,-81,-97,-122,-122,-125,-126,-126,-126,-126,-126,-109,-95,-125,-102,-107,-139,-139,-135,-148,-155,-150,-150,-122,-124,-124,-125,-115,-122,-113,-124,-135,-123,-129,-149,-148,-162,-181,-173,-171,-171,-139,-119,-119,-135,-135,-135,-157,-163,-154,-136,-136,-140,-159,-130,-130,-131,-131,-131,-131,-127,-116,-152,-164,-144,-132,-139,-146,-142,-142,-109,-109,-109,-109,-106,-106,-106,-106,-106,-117,-116,-114,-134,-134,-143,-146,-146,-146,-146,-146,-146,-146,-121,-121,-136,-132,-132,-115,-115,-122,-120,-123,-133,-139,-113,-104,-131,-132,-110,-119,-119,-133,-127,-140,-123,-137,-164,-164,-152,-154,-138,-127,-132,-131,-133,-133,-141,-167,-160,-145,-145,-136,-136,-143,-144,-143,-151,-104,-107,-155,-168,-136,-125,-148,-151,-136,-140,-140,-162,-178,-178,-178,-178,-178,-159,-166,-143,-143,-164,-164,-147,-147,-147,-147,-114,-118,-142,-141,-141,-115,-112,-112,-112,-112,-112,-112,-147,-147,-147,-147,-147,-147,-120,-120,-120,-120,-151,-148,-158,-146,-130,-129,-129,-148,-148,-148,-113,-90,-121,-124,-138,-138,-138,-162,-162,-162,-143,-150,-148,-148,-150,-137,-161,-162,-135,-135,-135,-167,-169,-157,-157,-141,-150,-143,-143,-132,-181,-176,-176,-130,-142,-142,-142,-134,-127,-124,-139,-135,-122,-161,-170,-170,-170,-170,-158,-141,-102,-86,-117,-126,-126,-105,-129,-133,-133,-157,-157,-157,-157,-132,-111,-124,-124,-156,-156,-156,-156,-156,-156,-156,-156,-119,-121,-121,-121,-121,-113,-167,-161,-126,-120,-128,-128,-111,-109,-109,-119,-119,-119,-112,-112,-112,-112,-137,-137,-137,-137,-155,-176,-163,-168,-186,-173,-173,-152,-152,-152,-152,-152,-165,-147,-146,-146,-160,-160,-126,-144,-150,-150,-144,-154,-154,-122,-155,-155,-143,-143,-150,-142,-139,-148,-148,-158,-153,-150,-152,-157,-157,-157,-157,-157,-157,-157,-157,-138,-157,-160,-154,-175,-205,-195,-195,-158,-171,-153,-132,-149,-174,-167,-147,-138,-155,-155,-194,-194,-194,-174,-139,-152,-166,-150,-146,-133,-160,-160,-160,-193,-193,-185,-185,-175,-167,-120,-120,-118,-181,-175,-191,-187,-187,-186,-199,-184,-170,-163,-155,-155,-161,-183,-204,-203,-186,-185,-165,-166,-163,-159,-157,-148,-133,-147,-159,-141,-155,-172,-172,-172,-172,-156,-189,-168,-175,-178,-178,-178,-161,-176,-161,-160,-162,-161,-161,-184,-143,-121,-142,-142,-119,-119,-119,-119,-119,-119,-119,-167,-156,-149,-140,-124,-124,-167,-167,-167,-167,-167,-195,-161,-161,-161,-161,-175,-154,-125,-121,-160,-153,-143,-162,-179,-161,-141,-157,-184,-179,-179,-153,-144,-128,-123,-130,-130,-148,-143,-129
-163,-163,-163,-163,-163,-163,-163,-163,-163,-163,-163,-163,-163,-163,-163,-165,-165,-166,-163,-168,-174,-192,-185,-169,-173,-200,-214,-214,-184,-157,-177,-192,-169,-195,-193,-171,-165,-167,-165,-158,-146,-142,-132,-117,-137,-158,-153,-141,-131,-138,-152,-152,-162,-162,-174,-174,-174,-174,-174,-174,-174,-125,-125,-151,-158,-148,-150,-154,-124,-86,-93,-116,-116,-117,-102,-86,-95,-124,-119,-119,-90,-90,-93,-93,-58,-58,-58,-58,-75,-69,-51,-44,-44,-44,-44,-94,-94,-81,-79,-95,-97,-85,-94,-114,-99,-100,-105,-107,-113,-101,-76,-75,-82,-75,-73,-73,-78,-59,-66,-84,-84,-84,-78,-113,-113,-113,-113,-113,-128,-161,-154,-166,-175,-163,-161,-163,-163,-178,-178,-178,-178,-178,-171,-171,-171,-171,-145,-154,-171,-176,-176,-176,-144,-144,-144,-144,-150,-150,-150,-150,-150,-150,-150,-150,-150,-150,-150,-158,-158,-181,-181,-151,-168,-173,-164,-165,-174,-175,-174,-171,-185,-185,-204,-181,-142,-198,-184,-161,-164,-161,-169,-175,-175,-148,-161,-169,-169,-150,-157,-183,-194,-176,-176,-152,-170,-170,-133,-154,-184,-197,-197,-197,-181,-183,-214,-190,-166,-204,-214,-158,-145,-178,-178,-172,-184,-183,-189,-203,-194,-180,-178,-170,-154,-154,-166,-166,-200,-200,-200,-185,-185,-192,-184,-183,-193,-193,-185,-181,-200,-203,-200,-191,-178,-180,-181,-166,-150,-141,-141,-141,-131,-126,-134,-125,-111,-103,-103,-103,-106,-106,-106,-92,-100,-100,-100,-100,-83,-61,-74,-43,-33,-39,-40,-18,-2,-18,-29,-29,-43,-37,-22,-13,-13,-13,-16,-22,-56,-60,-47,-38,-33,-17,-27,-27,-45,-27,-58,-60,-68,-110,-102,-102,-57,-50,-72,-77,-71,-52,-67,-114,-114,-114,-87,-87,-90,-33,-60,-72,-53,-49,-75,-94,-94,-77,-60,-73,-82,-73,-42,-44,-53,-51,-65,-94,-91,-56,-46,-46,-58,-58,-58,-82,-70,-58,-78,-108,-116,-116,-108,-108,-108,-108,-108,-108,-108,-108,-89,-74,-74,-79,-79,-66,-66,-88,-88,-88,-82,-125,-125,-128,-147,-163,-165,-146,-128,-128,-133,-200,-200,-200,-200,-200,-200,-179,-163,-178,-180,-180,-168,-169,-172,-157,-148,-166,-153,-134,-150,-141,-135,-168,-168,-170,-159,-161,-161,-137,-155,-164,-164,-150,-160,-188,-169,-189,-203,-187,-187,-196,-226,-218,-217,-223,-239,-240,-221,-207,-207,-223,-232,-216,-241,-231,-218,-232,-229,-215,-215,-215,-193,-212,-204,-180,-169,-169,-177,-178,-150,-150,-144,-196,-179,-179,-175,-203,-203,-203,-203,-203,-207,-205,-214,-215,-220,-220,-220,-220,-220,-220,-220,-191,-187,-206,-220,-194,-194,-213,-213,-213,-213,-201,-201,-201,-201,-201,-224,-224,-220,-220,-220,-220,-218,-218,-218,-212,-194,-195,-198,-198,-198,-187,-210,-207,-187,-188,-201,-199,-199,-179,-182,-192,-169,-158,-166,-171,-171,-189,-189,-189,-174,-174,-174,-174,-195,-195,-195,-195,-195,-195,-185,-189,-189,-192,-184,-181,-181,-188,-200,-202,-202,-181,-208,-220,-187,-175,-198,-198,-198,-203,-203,-203,-203,-205,-185,-164,-161,-139,-128,-158,-178,-178,-169,-167,-157,-156,-163,-148,-119,-119,-127,-168,-148,-111,-120,-120,-164,-155,-155,-162,-148,-143,-155,-168,-158,-133,-133,-128,-115,-115,-115,-103,-52,-52,-52,-52,-52,-66,-66,-66,-46,-16,-16,-16,-16,-16,-16,-46,15,34,14,14,14,14,77,77,77,77,77,44,32,32,59,59,59,37,37,37,37,37,37,37
-167,-167,-167,-167,-167,-167,-167,-167,-167,-167,-167,-167,-167,-117,-71,-148,-165,-135,-136,-161,-171,-171,-144,-155,-180,-159,-136,-137,-153,-178,-172,-152,-179,-191,-191,-125,-125,-160,-153,-146,-133,-133,-155,-186,-191,-185,-185,-181,-185,-185,-185,-185,-162,-179,-179,-177,-177,-177,-141,-132,-105,-139,-139,-182,-156,-151,-167,-164,-169,-161,-164,-166,-168,-168,-160,-160,-179,-179,-179,-179,-183,-183,-146,-129,-169,-169,-169,-198,-214,-194,-198,-206,-199,-198,-201,-201,-260,-260,-232,-226,-241,-241,-262,-244,-248,-270,-254,-254,-262,-291,-291,-288,-249,-249,-249,-293,-308,-297,-297,-270,-306,-289,-280,-290,-290,-301,-289,-254,-269,-245,-250,-283,-265,-215,-215,-215,-215,-215,-222,-267,-260,-272,-271,-271,-264,-271,-271,-271,-273,-292,-292,-285,-268,-268,-267,-260,-264,-255,-259,-261,-257,-262,-251,-226,-219,-234,-252,-271,-287,-295,-295,-297,-297,-297,-276,-281,-303,-246,-246,-246,-296,-286,-296,-310,-303,-280,-280,-249,-266,-256,-234,-236,-230,-214,-209,-192,-170,-170,-172,-178,-173,-180,-202,-209,-209,-184,-181,-200,-180,-161,-186,-191,-172,-187,-187,-206,-206,-196,-196,-176,-196,-209,-194,-207,-227,-219,-195,-195,-169,-190,-190,-190,-189,-212,-219,-230,-220,-197,-203,-203,-201,-201,-197,-213,-226,-213,-213,-259,-252,-228,-209,-209,-197,-204,-196,-196,-179,-202,-182,-240,-265,-215,-215,-201,-189,-202,-202,-194,-194,-216,-176,-176,-176,-176,-176,-176,-176,-176,-176,-176,-181,-181,-181,-181,-178,-178,-178,-197,-197,-200,-197,-200,-206,-207,-207,-200,-191,-191,-191,-207,-192,-194,-194,-210,-210,-210,-210,-210,-210,-210,-206,-201,-221,-269,-269,-256,-256,-246,-246,-246,-246,-213,-210,-210,-241,-258,-250,-241,-238,-244,-244,-259,-257,-238,-238,-250,-263,-273,-254,-216,-216,-237,-255,-255,-321,-321,-321,-321,-321,-320,-295,-295,-295,-295,-295,-299,-299,-299,-299,-299,-299,-299,-299,-292,-285,-292,-300,-300,-294,-306,-306,-306,-314,-319,-307,-307,-316,-316,-316,-316,-277,-277,-277,-272,-260,-268,-264,-265,-260,-257,-282,-276,-276,-231,-219,-219,-219,-219,-222,-209,-225,-235,-224,-226,-238,-212,-212,-201,-217,-198,-173,-173,-167,-178,-180,-174,-187,-185,-189,-192,-192,-192,-145,-145,-145,-145,-165,-165,-165,-181,-173,-159,-167,-178,-178,-182,-193,-207,-222,-222,-216,-208,-221,-228,-236,-231,-214,-207,-197,-197,-177,-178,-164,-166,-178,-167,-167,-167,-134,-177,-177,-176,-173,-173,-173,-173,-173,-173,-195,-195,-195,-202,-206,-185,-166,-179,-190,-190,-180,-190,-164,-137,-162,-177,-166,-168,-168,-196,-198,-198,-225,-225,-225,-225,-225,-233,-272,-245,-223,-238,-238,-238,-193,-193,-193,-193,-193,-193,-193,-228,-220,-233,-211,-211,-211,-211,-207,-212,-212,-212,-235,-257,-257,-240,-242,-251,-251,-244,-256,-256,-256,-256,-209,-209,-209,-211,-211,-221,-214,-207,-220,-229,-220,-205,-194,-198,-198,-218,-197,-197,-236,-236,-183,-183,-183,-183,-183,-148,-148,-148,-158,-130,-106,-89,-89,-75,-75,-75,-51,-59,-88,-88,-83,-60,-70,-70,-70,-70,-70,-74,-74,-74,-118,-118,-92,-62,-65,-65,-65,-80,-71,-60,-77,-77,-53,-64,-84,-77,-64,-73,-78,-75,-70,-70,-129,-129,-129,-129,-129,-129,-75,-83,-84,-71,-65,-74,-92,-92,-101,-92,-92,-76,-78,-78,-73,-120,-120,-120,-120,-132,-133,-111,-98,-95,-86,-78,-73,-89,-109,-103
-152,-154,-142,-165,-153,-149,-143,-131,-136,-146,-142,-144,-164,-178,-166,-149,-161,-172,-145,-125,-125,-152,-152,-160,-172,-172,-172,-172,-187,-187,-133,-133,-163,-163,-161,-162,-158,-174,-170,-157,-157,-157,-157,-159,-120,-128,-153,-153,-151,-149,-141,-141,-156,-140,-133,-132,-119,-119,-119,-119,-119,-139,-163,-178,-152,-108,-111,-111,-103,-116,-155,-155,-125,-132,-142,-146,-146,-166,-166,-166,-166,-166,-163,-161,-131,-131,-118,-126,-138,-127,-139,-155,-155,-155,-145,-145,-131,-139,-139,-161,-156,-172,-190,-181,-181,-164,-164,-164,-160,-163,-149,-152,-166,-166,-152,-152,-152,-152,-152,-154,-143,-95,-95,-95,-95,-95,-95,-95,-115,-115,-115,-115,-115,-103,-95,-100,-99,-99,-126,-118,-110,-126,-141,-141,-124,-115,-137,-133,-129,-129,-157,-178,-178,-147,-100,-100,-113,-145,-173,-197,-231,-247,-224,-224,-200,-194,-194,-197,-197,-199,-203,-216,-217,-198,-200,-211,-173,-172,-170,-172,-179,-170,-175,-193,-176,-150,-154,-158,-157,-170,-179,-189,-189,-216,-169,-179,-190,-180,-180,-180,-154,-143,-147,-164,-164,-140,-136,-153,-153,-151,-148,-148,-148,-152,-154,-150,-150,-151,-146,-159,-187,-182,-182,-160,-160,-160,-160,-160,-160,-156,-153,-153,-171,-188,-174,-181,-181,-140,-108,-116,-116,-96,-98,-101,-96,-96,-92,-69,-58,-85,-96,-110,-110,-97,-94,-94,-94,-94,-94,-91,-101,-123,-106,-106,-118,-118,-118,-118,-131,-136,-121,-112,-112,-105,-109,-109,-139,-143,-146,-139,-139,-130,-121,-113,-113,-113,-120,-118,-123,-123,-114,-114,-106,-129,-129,-127,-127,-153,-151,-137,-183,-183,-183,-183,-182,-175,-186,-217,-217,-224,-224,-224,-224,-224,-224,-224,-224,-224,-225,-225,-201,-201,-194,-194,-194,-173,-173,-173,-173,-173,-173,-173,-179,-148,-147,-158,-142,-138,-138,-172,-172,-172,-153,-153,-153,-159,-152,-149,-158,-148,-160,-176,-176,-176,-176,-152,-145,-152,-149,-155,-162,-162,-124,-124,-153,-153,-141,-141,-171,-171,-155,-155,-155,-155,-155,-155,-163,-163,-206,-206,-206,-206,-206,-206,-187,-221,-202,-202,-202,-217,-207,-209,-215,-208,-208,-201,-191,-193,-193,-200,-200,-208,-184,-184,-184,-184,-184,-188,-194,-216,-216,-227,-226,-226,-226,-226,-226,-226,-224,-224,-223,-252,-257,-243,-235,-249,-244,-219,-219,-202,-202,-202,-202,-216,-216,-216,-216,-216,-216,-228,-228,-179,-180,-199,-199,-185,-185,-191,-196,-194,-204,-213,-213,-196,-211,-216,-216,-216,-216,-206,-182,-187,-207,-207,-191,-185,-183,-181,-182,-183,-188,-188,-182,-182,-182,-189,-181,-168,-167,-174,-190,-206,-206,-160,-160,-160,-160,-160,-160,-160,-168,-194,-194,-194,-194,-160,-166,-176,-166,-155,-155,-194,-194,-194,-194,-194,-192,-192,-198,-198,-198,-198,-198,-196,-191,-191,-191,-191,-191,-198,-198,-198,-198,-198,-198,-211,-211,-211,-211,-211,-211,-211,-176,-184,-196,-186,-174,-174,-182,-194,-194,-187,-188,-190,-190,-197,-207,-226,-226,-217,-185,-198,-204,-204,-204,-204,-212,-202,-201,-211,-215,-208,-201,-196,-196,-194,-194,-199,-205,-203,-189,-189,-184,-184,-184,-184,-201,-201,-201,-201,-201,-201,-201,-190,-190,-190,-188,-188,-188,-188,-188,-188,-188,-188,-174,-174,-174,-183,-183,-183,-183,-183,-184,-169,-182,-205,-205,-193,-177,-177,-177,-177,-177,-201,-186,-174,-189,-189,-199,-189,-189,-178,-169,-160,-158,-181,-196,-196,-183,-170,-170,-170,-170,-205,-205,-205,-205,-205,-205,-205
-155,-158,-155,-141,-147,-152,-141,-141,-145,-125,-110,-123,-129,-129,-124,-145,-145,-145,-138,-158,-158,-163,-163,-163,-163,-163,-163,-141,-141,-142,-137,-127,-126,-141,-132,-109,-111,-111,-98,-96,-96,-100,-103,-114,-113,-113,-109,-101,-82,-66,-88,-97,-109,-126,-168,-201,-161,-161,-96,-96,-167,-174,-196,-224,-209,-209,-209,-162,-148,-177,-182,-206,-232,-215,-183,-180,-186,-186,-198,-211,-211,-219,-203,-220,-235,-210,-182,-182,-168,-173,-178,-189,-189,-212,-187,-187,-187,-193,-193,-194,-190,-201,-210,-203,-188,-173,-170,-165,-180,-198,-190,-185,-193,-184,-171,-177,-186,-188,-188,-188,-184,-179,-179,-179,-179,-207,-174,-145,-154,-154,-132,-132,-132,-132,-155,-155,-155,-155,-155,-168,-168,-168,-161,-161,-170,-182,-185,-184,-177,-164,-156,-149,-138,-137,-153,-166,-166,-169,-185,-190,-167,-145,-135,-120,-115,-132,-152,-169,-184,-184,-155,-146,-146,-135,-136,-161,-171,-171,-156,-167,-167,-159,-159,-159,-159,-149,-148,-195,-195,-195,-195,-184,-184,-156,-156,-156,-161,-172,-172,-166,-160,-168,-163,-147,-161,-143,-143,-166,-166,-166,-175,-182,-174,-177,-178,-185,-171,-141,-152,-184,-179,-170,-168,-159,-159,-152,-152,-152,-152,-152,-152,-155,-155,-155,-155,-152,-152,-152,-152,-155,-158,-158,-158,-165,-183,-188,-188,-216,-192,-181,-203,-197,-182,-206,-229,-233,-241,-231,-207,-207,-193,-194,-209,-209,-221,-221,-217,-222,-223,-224,-227,-221,-217,-233,-242,-226,-216,-222,-222,-218,-204,-201,-212,-227,-227,-231,-235,-237,-239,-238,-237,-245,-253,-253,-257,-264,-264,-264,-264,-264,-264,-264,-264,-264,-264,-264,-264,-259,-235,-207,-208,-208,-231,-231,-225,-225,-225,-225,-184,-218,-206,-199,-222,-215,-215,-223,-223,-223,-223,-223,-217,-217,-262,-251,-251,-228,-235,-211,-211,-228,-212,-212,-214,-245,-255,-249,-257,-253,-226,-241,-246,-252,-248,-238,-238,-229,-213,-213,-209,-210,-218,-222,-215,-214,-235,-243,-243,-184,-211,-227,-205,-204,-224,-221,-221,-201,-199,-202,-198,-190,-202,-202,-208,-178,-173,-166,-166,-167,-190,-194,-194,-193,-193,-193,-192,-190,-190,-190,-190,-190,-164,-164,-174,-204,-195,-163,-163,-157,-147,-147,-147,-140,-146,-161,-154,-154,-136,-144,-169,-199,-226,-203,-145,-114,-76,-117,-172,-170,-147,-154,-158,-134,-117,-134,-133,-106,-116,-151,-151,-159,-156,-142,-142,-142,-147,-139,-126,-126,-171,-171,-171,-175,-175,-175,-175,-155,-185,-214,-222,-220,-223,-218,-218,-203,-158,-158,-158,-171,-171,-172,-158,-156,-157,-153,-140,-117,-111,-111,-107,-107,-107,-107,-107,-98,-86,-91,-96,-82,-65,-58,-62,-62,-35,-35,-35,-35,-35,-35,-35,-35,-35,-35,-72,-100,-113,-107,-107,-71,-70,-92,-84,-80,-95,-98,-83,-73,-73,-75,-75,-79,-75,-70,-70,-104,-104,-79,-64,-72,-77,-77,-86,-116,-121,-128,-117,-100,-93,-93,-85,-85,-116,-145,-122,-122,-124,-124,-119,-122,-122,-126,-125,-120,-110,-98,-87,-87,-72,-50,-54,-59,-62,-72,-72,-87,-98,-98,-93,-95,-92,-88,-95,-93,-93,-93,-94,-90,-108,-108,-116,-82,-82,-82,-82,-82,-82,-93,-98,-86,-71,-64,-64,-62,-63,-68,-91,-100,-83,-83,-98,-90,-61,-54,-68,-68,-68,-82,-102,-95,-73,-73,-66,-62,-62,-56,-92,-92,-92,-92,-92,-92,-92,-92,-127,-127,-82,-84,-111,-116,-116,-119,-119,-119,-119,-119,-119,-146,-146,-146,-146,-146
-94,-94,-94,-94,-94,-101,-92,-95,-65,-75,-113,-119,-98,-92,-100,-98,-98,-98,-76,-65,-63,-74,-74,-74,-92,-89,-92,-92,-92,-92,-92,-88,-92,-64,-64,-64,-53,-53,-53,-53,-53,-53,-53,-53,-27,-25,-74,-61,-48,-52,-60,-51,-27,-27,-59,-72,-59,-59,-65,-58,-58,-49,-56,-63,-61,-47,-37,-51,-67,-65,-64,-70,-79,-79,-48,-48,-48,-60,-60,-54,-56,-56,-64,-61,-61,-63,-59,-59,-59,-59,-62,-57,-57,-63,-56,-30,-29,-58,-58,-28,-28,-70,-70,-70,-40,-36,-39,-29,-29,-33,-39,-39,-34,-33,-35,-33,-30,-31,-31,-12,-14,-16,-28,-41,-33,-31,-41,-40,-29,-19,-25,-38,-38,-27,-31,-54,-54,-35,-32,-20,-20,-9,-16,-13,-31,-31,-36,-30,-30,-30,-33,-33,-40,-13,-11,-34,-64,-64,-64,-28,-28,-28,-32,-25,-21,-3,7,-3,-3,-6,-6,-6,-6,-6,-4,-7,7,17,-17,-17,-17,-4,-4,-4,-7,-4,-4,-4,-4,0,0,0,0,0,0,0,0,0,0,0,0,2,3,-4,2,38,51,51,15,15,15,34,34,34,34,33,54,55,28,28,22,32,25,36,59,33,60,57,19,24,56,56,55,66,51,51,42,62,55,47,47,31,30,43,43,58,53,63,86,86,87,90,103,103,93,73,91,95,88,87,104,121,108,108,92,92,92,97,94,94,94,94,81,88,79,60,73,99,93,82,104,104,116,116,116,116,116,88,88,88,88,95,95,97,97,97,86,86,86,86,86,86,95,135,136,108,118,95,102,102,102,102,107,107,107,146,146,146,146,114,114,116,114,117,117,116,118,122,125,125,124,124,110,109,113,121,123,121,122,121,110,103,104,109,111,101,101,122,127,127,91,91,90,85,88,97,97,89,100,100,106,84,91,90,90,111,111,93,99,128,116,83,83,89,89,89,88,88,88,88,88,88,88,88,88,88,88,88,88,54,67,71,71,66,109,109,109,109,122,108,84,95,95,92,92,92,92,92,68,68,68,92,92,92,92,92,92,92,91,95,95,102,119,114,114,82,74,86,83,84,94,94,91,65,65,65,65,93,93,72,96,91,72,72,68,68,68,60,58,61,62,62,74,96,102,90,72,65,66,64,64,73,73,73,61,61,61,61,56,56,56,56,63,52,52,52,52,52,52,92,92,92,92,92,92,92,61,82,98,87,86,94,90,74,63,63,66,68,63,63,89,103,103,70,81,81,81,68,68,68,68,72,97,77,47,47,54,54,54,54,54,54,54,67,59,52,48,48,36,64,64,64,64,64,64,64,62,62,62,62,49,61,70,65,60,60,83,79,84,84,97,61,63,74,88,91,70,58,67,67,58,52,54,59,59,66,67,65,43,27,47,51,59,70,70,70,57,53,52,33,30,35,60,68,37,20,34,36,28,28,31,19,28,42,34,24,25,15,15,3,4,4,5,1,3,4,-9,-10,-10,5,-3,-3,-1,-1,-28,-1,2,-27,8,5,4,5,-24,-38,-32,-27,-27,-27,-27,-31,-36,-36,-36,-36,-36,-29,-5,6,-8,-34
-182,-158,-154,-147,-144,-148,-150,-153,-153,-152,-160,-160,-160,-160,-130,-121,-132,-150,-155,-138,-138,-123,-150,-150,-150,-150,-150,-152,-155,-150,-134,-126,-121,-111,-123,-117,-92,-79,-66,-54,-57,-48,-34,-43,-42,-34,-52,-66,-66,-55,-24,-24,-24,-15,-29,-33,-45,-60,-44,-48,-64,-51,-28,-25,-38,-40,-30,-29,-43,-62,-61,-54,-54,-26,-26,-26,-26,-66,-66,-66,-66,-59,-59,-85,-85,-59,-72,-72,-48,-44,-62,-62,-75,-66,-61,-56,-35,-25,-25,-31,-37,-41,-48,-62,-62,-62,-41,-41,-31,-31,-31,-31,-61,-61,-61,-61,-58,-38,-24,-34,-34,-33,-33,-52,-52,-44,-44,-44,-41,-41,-47,-47,-47,-47,-47,-47,-64,-73,-62,-63,-63,-59,-59,-70,-63,-33,-19,-32,-36,-32,-35,-29,-29,-32,-35,-29,-22,-26,-31,-30,-34,-35,-41,-52,-52,-48,-47,-34,-25,-25,-56,-66,-67,-50,-45,-45,-56,-56,-56,-60,-57,-48,-50,-56,-51,-52,-52,-64,-57,-62,-67,-60,-60,-65,-65,-61,-64,-66,-66,-66,-66,-66,-66,-66,-85,-85,-98,-87,-93,-93,-79,-63,-62,-72,-72,-91,-109,-109,-83,-26,-26,-26,-26,-26,-33,-30,-36,-52,-52,-45,-45,-45,-40,-40,-40,-40,-40,-38,-67,-61,-61,-16,-26,-26,-31,-11,-22,-45,-37,-32,-31,-28,-28,-9,-12,-12,-12,-27,-27,-24,-38,-38,-38,-38,-27,-27,-19,-7,-18,-25,-23,-16,-7,-12,-31,-37,-37,-34,-34,-34,-9,-20,-38,-30,-12,-5,-6,-6,-4,-18,-18,-9,2,5,5,5,0,11,8,-6,-7,-7,-6,-20,-34,-32,-28,-25,-31,-32,-30,-39,-39,-44,-33,-27,-27,-5,-4,-6,-20,-33,-32,-34,-34,-29,-29,-32,-26,-25,-31,-20,-18,-30,-30,-29,-29,-29,-29,-17,-17,-17,-17,-26,-22,-17,-17,-3,-7,-7,-10,-2,-3,7,18,12,1,-13,-24,-12,5,-1,-1,-4,-4,-4,-30,-30,-25,-29,-29,-29,-29,-29,-29,-29,-29,-29,-29,-29,-29,-29,-34,-34,-34,-34,-34,-34,-34,-63,-63,-63,-65,-56,-67,-65,-61,-76,-89,-93,-93,-78,-67,-67,-67,-62,-64,-59,-53,-58,-58,-63,-78,-78,-87,-81,-83,-92,-86,-86,-55,-81,-93,-93,-88,-94,-77,-65,-63,-63,-92,-101,-101,-85,-85,-89,-95,-82,-68,-72,-70,-70,-64,-64,-61,-68,-60,-66,-68,-63,-63,-65,-65,-65,-76,-91,-93,-89,-89,-69,-69,-89,-89,-89,-89,-60,-60,-62,-66,-84,-85,-59,-64,-57,-57,-65,-63,-68,-84,-91,-79,-65,-66,-71,-66,-66,-78,-78,-86,-67,-62,-64,-69,-65,-61,-79,-79,-98,-95,-91,-98,-98,-90,-90,-90,-90,-99,-93,-92,-100,-81,-60,-60,-82,-82,-82,-96,-96,-100,-81,-97,-97,-97,-97,-97,-97,-97,-78,-87,-99,-83,-64,-63,-65,-65,-65,-59,-60,-81,-98,-99,-95,-95,-94,-95,-90,-90,-97,-117,-121,-126,-126,-126,-99,-99,-104,-104,-104,-104,-103,-103,-103,-103,-91,-91,-91,-91,-91,-91,-64,-62,-82,-101,-115,-115,-125,-125,-124,-124,-124,-115,-124,-124,-124,-124,-124,-122,-119,-126,-126,-126,-126,-126,-126,-126,-126,-126,-126,-126,-126,-126,-121,-125,-120,-124,-124,-125,-127,-117,-88,-96,-119,-109,-102,-102,-117,-120,-122,-125,-125,-117,-117,-117,-94,-95,-112,-118,-118,-121,-123,-117,-115,-118,-121,-123,-123,-126,-129,-129,-99
-167,-167,-167,-167,-167,-167,-167,-167,-167,-167,-167,-167,-167,-167,-174,-177,-175,-182,-181,-181,-158,-158,-158,-158,-158,-158,-173,-168,-170,-156,-146,-146,-146,-146,-151,-153,-147,-147,-156,-156,-152,-154,-160,-162,-158,-144,-138,-151,-151,-141,-141,-141,-141,-141,-126,-154,-154,-129,-123,-123,-123,-123,-159,-143,-123,-123,-125,-132,-128,-132,-136,-136,-128,-128,-128,-125,-131,-131,-131,-131,-149,-146,-141,-128,-128,-131,-156,-156,-152,-149,-149,-149,-121,-121,-121,-121,-121,-121,-154,-154,-154,-151,-161,-162,-158,-160,-155,-169,-165,-165,-165,-165,-145,-151,-137,-125,-143,-160,-145,-136,-136,-148,-180,-180,-180,-180,-190,-192,-188,-191,-203,-215,-214,-215,-215,-204,-208,-216,-216,-211,-222,-236,-225,-211,-209,-195,-187,-209,-220,-220,-207,-207,-221,-210,-210,-207,-207,-207,-207,-206,-219,-219,-219,-219,-219,-224,-214,-203,-194,-194,-207,-207,-207,-207,-220,-227,-227,-227,-237,-222,-222,-222,-222,-213,-213,-210,-210,-210,-224,-216,-216,-215,-215,-201,-186,-196,-220,-215,-215,-186,-186,-181,-177,-188,-196,-191,-183,-182,-188,-187,-181,-167,-167,-178,-181,-245,-266,-255,-257,-265,-245,-229,-243,-262,-274,-280,-274,-281,-308,-306,-266,-248,-270,-270,-270,-279,-277,-289,-292,-292,-284,-264,-264,-264,-264,-264,-250,-244,-235,-226,-226,-247,-238,-227,-227,-223,-221,-224,-220,-227,-235,-229,-229,-216,-215,-203,-198,-218,-229,-214,-188,-188,-190,-190,-223,-223,-223,-223,-223,-223,-205,-204,-204,-201,-201,-221,-221,-221,-221,-221,-219,-207,-229,-195,-178,-198,-215,-215,-188,-186,-214,-214,-185,-185,-191,-185,-187,-194,-200,-224,-210,-214,-228,-219,-209,-209,-209,-220,-220,-220,-220,-220,-220,-220,-220,-219,-222,-211,-211,-200,-214,-214,-217,-211,-233,-233,-241,-235,-220,-206,-193,-185,-175,-178,-178,-178,-205,-186,-193,-216,-219,-216,-216,-216,-211,-211,-195,-195,-195,-173,-163,-164,-150,-150,-150,-144,-144,-144,-148,-132,-76,-76,-76,-76,-76,-76,-112,-112,-106,-113,-124,-121,-127,-127,-154,-154,-133,-147,-145,-138,-138,-145,-153,-155,-142,-144,-151,-151,-151,-149,-186,-186,-186,-186,-186,-186,-169,-171,-182,-180,-180,-189,-189,-175,-156,-150,-148,-149,-124,-129,-129,-154,-144,-146,-156,-150,-150,-144,-160,-158,-147,-145,-151,-151,-136,-136,-136,-136,-144,-159,-162,-159,-159,-159,-159,-159,-159,-177,-161,-174,-174,-180,-184,-187,-183,-181,-184,-189,-188,-183,-190,-203,-203,-190,-173,-157,-148,-148,-185,-185,-185,-196,-196,-196,-183,-183,-184,-184,-184,-184,-175,-179,-183,-189,-189,-194,-188,-190,-190,-190,-162,-162,-162,-162,-162,-162,-162,-162,-162,-162,-162,-162,-159,-158,-157,-154,-163,-162,-145,-149,-149,-167,-169,-162,-157,-157,-158,-151,-146,-166,-179,-167,-178,-170,-151,-132,-132,-150,-157,-162,-174,-175,-153,-138,-138,-115,-128,-128,-177,-177,-140,-140,-133,-133,-133,-133,-142,-127,-137,-138,-124,-124,-124,-119,-126,-127,-130,-127,-127,-127,-127,-157,-139,-123,-123,-168,-168,-168,-154,-151,-152,-149,-151,-151,-176,-176,-176,-176,-176,-176,-187,-204,-214,-214,-214,-212,-222,-226,-221,-221,-195,-204,-215,-211,-211,-222,-222,-222,-194,-194,-194,-194,-182,-182,-197,-198,-186,-186,-187,-187,-179,-164,-178,-185,-176,-192,-197,-193,-196,-186,-182,-189,-189,-187,-190,-186,-186,-193,-202,-207,-207,-210,-219,-222,-222,-219,-225,-231,-227,-225
-209,-209,-209,-209,-209,-209,-209,-209,-209,-209,-209,-209,-209,-224,-227,-248,-248,-230,-230,-230,-230,-230,-230,-230,-231,-238,-250,-250,-248,-215,-228,-233,-217,-224,-248,-248,-238,-219,-228,-222,-222,-232,-225,-224,-224,-241,-222,-237,-257,-257,-227,-224,-224,-225,-215,-215,-215,-200,-200,-216,-215,-212,-212,-216,-216,-214,-214,-218,-218,-218,-219,-227,-221,-213,-213,-213,-213,-225,-225,-225,-225,-225,-225,-216,-216,-210,-210,-210,-209,-206,-192,-186,-186,-201,-201,-201,-201,-179,-191,-200,-200,-193,-199,-207,-219,-196,-190,-209,-217,-208,-203,-208,-212,-221,-229,-225,-219,-208,-208,-200,-181,-181,-181,-181,-185,-180,-185,-203,-207,-187,-182,-190,-190,-178,-187,-181,-181,-164,-163,-161,-163,-173,-181,-181,-188,-177,-177,-177,-177,-177,-171,-178,-152,-166,-184,-180,-163,-160,-160,-178,-175,-179,-179,-182,-178,-180,-194,-200,-187,-192,-192,-206,-196,-184,-184,-184,-184,-184,-184,-178,-188,-202,-195,-195,-195,-189,-180,-190,-190,-190,-194,-184,-175,-175,-203,-224,-214,-193,-193,-184,-195,-202,-193,-190,-190,-180,-180,-180,-180,-184,-184,-184,-184,-184,-187,-185,-177,-165,-152,-151,-151,-151,-164,-165,-156,-142,-133,-133,-133,-136,-151,-160,-127,-127,-151,-151,-135,-142,-157,-158,-159,-164,-158,-151,-157,-175,-178,-159,-159,-171,-171,-200,-210,-210,-201,-188,-188,-208,-208,-208,-208,-208,-208,-208,-208,-200,-208,-219,-197,-185,-188,-182,-187,-200,-224,-209,-198,-198,-198,-207,-207,-184,-178,-194,-191,-205,-218,-221,-217,-216,-221,-227,-218,-204,-212,-236,-243,-233,-237,-237,-243,-274,-274,-274,-274,-274,-245,-245,-245,-263,-240,-242,-242,-244,-244,-238,-215,-215,-215,-241,-241,-241,-250,-256,-256,-256,-256,-256,-234,-214,-214,-256,-243,-230,-225,-218,-214,-226,-218,-208,-220,-234,-228,-224,-224,-224,-233,-225,-225,-225,-228,-222,-218,-208,-217,-238,-238,-234,-221,-223,-220,-236,-243,-217,-212,-229,-229,-224,-251,-251,-234,-240,-225,-207,-220,-214,-214,-214,-212,-224,-214,-210,-224,-224,-221,-216,-206,-191,-201,-221,-223,-222,-223,-223,-210,-221,-223,-202,-180,-180,-186,-185,-183,-203,-216,-211,-206,-206,-224,-224,-225,-221,-221,-221,-215,-235,-248,-230,-224,-213,-204,-204,-237,-253,-249,-239,-245,-257,-259,-256,-241,-211,-212,-238,-227,-206,-206,-206,-210,-186,-186,-186,-186,-183,-183,-165,-165,-175,-182,-186,-186,-179,-179,-179,-179,-174,-164,-164,-171,-183,-183,-173,-200,-200,-200,-212,-201,-179,-160,-170,-170,-170,-168,-168,-178,-178,-178,-182,-182,-191,-196,-177,-177,-182,-182,-182,-182,-182,-180,-186,-187,-179,-179,-179,-163,-154,-159,-159,-187,-187,-187,-187,-187,-187,-187,-187,-187,-187,-187,-187,-187,-187,-187,-187,-187,-184,-185,-191,-185,-177,-177,-205,-205,-205,-205,-205,-205,-190,-208,-208,-215,-227,-226,-216,-212,-221,-221,-196,-187,-179,-159,-159,-154,-163,-166,-173,-150,-150,-150,-168,-168,-168,-168,-168,-168,-168,-168,-168,-168,-168,-170,-170,-170,-153,-153,-153,-156,-151,-158,-158,-153,-153,-153,-158,-169,-169,-186,-160,-152,-161,-155,-155,-120,-120,-120,-120,-120,-120,-142,-136,-111,-111,-109,-144,-134,-127,-151,-166,-142,-142,-131,-131,-131,-125,-128,-120,-120,-123,-119,-119,-119,-119,-114,-114,-114,-114,-113,-126,-116,-111,-118,-122,-123,-123,-108,-97,-116,-116,-132,-108,-108,-99,-104,-104,-104,-112,-112,-130,-130,-130
-161,-161,-161,-161,-161,-161,-161,-161,-161,-161,-161,-161,-161,-153,-158,-158,-163,-150,-150,-159,-158,-156,-159,-151,-151,-129,-129,-129,-129,-136,-136,-127,-128,-128,-126,-130,-130,-137,-128,-128,-131,-123,-119,-119,-116,-116,-112,-112,-123,-123,-123,-123,-123,-123,-124,-125,-121,-111,-112,-110,-98,-107,-132,-132,-117,-123,-123,-132,-132,-128,-150,-150,-132,-122,-126,-126,-121,-126,-126,-117,-138,-154,-154,-154,-152,-152,-191,-153,-153,-153,-174,-181,-181,-181,-181,-166,-166,-166,-166,-166,-166,-166,-166,-197,-197,-185,-225,-225,-215,-202,-175,-181,-186,-169,-169,-180,-189,-203,-217,-216,-211,-211,-211,-211,-222,-222,-222,-189,-185,-187,-187,-191,-191,-176,-177,-180,-183,-196,-196,-196,-193,-185,-185,-150,-150,-150,-150,-150,-150,-154,-156,-151,-156,-156,-148,-139,-143,-151,-150,-136,-131,-130,-134,-143,-145,-146,-152,-160,-165,-165,-163,-146,-146,-146,-142,-136,-150,-130,-90,-111,-151,-142,-141,-141,-167,-144,-184,-188,-188,-163,-163,-163,-135,-153,-160,-154,-160,-160,-179,-172,-173,-211,-241,-241,-218,-218,-218,-192,-208,-249,-249,-223,-223,-223,-223,-208,-227,-227,-188,-187,-201,-201,-201,-184,-178,-178,-178,-178,-178,-170,-164,-163,-163,-151,-119,-119,-119,-119,-138,-138,-138,-146,-163,-163,-145,-137,-141,-120,-113,-126,-129,-126,-135,-149,-151,-146,-145,-137,-137,-114,-103,-88,-88,-103,-113,-113,-88,-105,-105,-105,-103,-114,-123,-102,-84,-90,-90,-90,-124,-124,-124,-99,-99,-99,-97,-102,-102,-102,-96,-105,-110,-108,-93,-108,-121,-100,-91,-103,-134,-145,-145,-145,-145,-129,-128,-128,-128,-128,-128,-128,-120,-128,-146,-136,-132,-144,-138,-138,-129,-118,-118,-111,-88,-88,-85,-106,-106,-106,-106,-127,-152,-152,-166,-166,-156,-160,-173,-167,-169,-162,-150,-153,-158,-153,-159,-177,-182,-182,-194,-203,-186,-180,-180,-163,-163,-163,-163,-169,-103,-103,-103,-103,-103,-95,-92,-92,-92,-92,-80,-83,-70,-61,-71,-71,-82,-72,-72,-72,-58,-71,-93,-93,-94,-103,-108,-100,-91,-102,-121,-123,-123,-116,-116,-124,-122,-127,-136,-134,-134,-126,-126,-126,-126,-160,-153,-150,-158,-161,-157,-157,-157,-159,-159,-151,-145,-148,-136,-136,-135,-135,-137,-144,-139,-148,-157,-148,-141,-145,-138,-129,-133,-139,-140,-140,-144,-149,-147,-140,-140,-146,-170,-171,-165,-161,-158,-152,-153,-153,-167,-166,-166,-169,-169,-168,-166,-170,-172,-166,-155,-150,-149,-154,-154,-156,-167,-161,-143,-140,-152,-154,-146,-147,-167,-188,-196,-190,-190,-181,-184,-184,-171,-161,-159,-140,-144,-161,-155,-155,-159,-154,-132,-134,-150,-158,-158,-164,-168,-168,-174,-156,-157,-164,-158,-158,-169,-174,-168,-156,-155,-155,-166,-146,-158,-168,-174,-178,-178,-178,-189,-195,-184,-184,-172,-161,-161,-180,-190,-197,-197,-188,-188,-188,-195,-199,-191,-217,-231,-219,-221,-221,-210,-210,-218,-232,-226,-191,-191,-191,-191,-155,-170,-196,-196,-195,-184,-184,-184,-169,-169,-190,-189,-197,-190,-186,-186,-186,-186,-186,-185,-185,-191,-207,-172,-170,-170,-159,-151,-130,-130,-130,-131,-124,-114,-112,-112,-125,-138,-149,-154,-151,-162,-152,-141,-149,-147,-138,-148,-161,-164,-160,-160,-160,-173,-168,-162,-169,-170,-161,-161,-166,-168,-168,-147,-161,-151,-139,-148,-160,-160,-168,-168,-176,-185,-194,-194,-187,-179,-179,-179,-179,-184,-155,-160,-160,-160,-174,-184,-193,-193,-196
-156,-146,-149,-160,-175,-190,-189,-180,-178,-165,-146,-152,-161,-165,-165,-165,-165,-166,-185,-185,-185,-185,-145,-145,-121,-121,-121,-121,-140,-140,-140,-137,-123,-105,-90,-83,-79,-79,-78,-96,-107,-107,-107,-107,-107,-107,-110,-127,-127,-127,-127,-127,-127,-127,-133,-133,-148,-161,-156,-151,-152,-153,-153,-168,-176,-177,-192,-189,-173,-170,-170,-148,-144,-163,-180,-180,-177,-180,-179,-173,-166,-160,-161,-159,-154,-154,-157,-142,-142,-142,-142,-152,-152,-152,-155,-148,-145,-144,-163,-184,-184,-171,-171,-171,-192,-188,-188,-188,-188,-188,-168,-171,-172,-172,-172,-167,-190,-174,-168,-188,-188,-193,-173,-175,-175,-208,-196,-187,-177,-178,-178,-202,-203,-223,-239,-241,-236,-236,-233,-242,-233,-227,-237,-237,-239,-233,-233,-233,-254,-242,-242,-251,-251,-250,-250,-250,-250,-228,-225,-209,-197,-212,-212,-214,-214,-214,-214,-214,-214,-219,-229,-250,-248,-230,-217,-211,-205,-213,-231,-225,-207,-204,-187,-144,-131,-131,-165,-165,-192,-212,-201,-188,-188,-223,-223,-223,-215,-225,-225,-225,-217,-209,-211,-211,-190,-190,-190,-205,-224,-224,-225,-204,-168,-168,-168,-168,-168,-168,-168,-168,-168,-168,-168,-168,-168,-172,-172,-172,-165,-174,-174,-174,-168,-177,-171,-179,-186,-169,-161,-179,-185,-176,-187,-209,-214,-215,-215,-215,-205,-203,-203,-184,-184,-184,-195,-179,-179,-179,-179,-179,-179,-179,-167,-167,-167,-169,-169,-207,-207,-225,-225,-225,-215,-222,-227,-233,-238,-232,-222,-222,-214,-214,-205,-197,-197,-208,-208,-202,-212,-212,-207,-207,-207,-207,-207,-194,-206,-206,-200,-200,-213,-203,-194,-189,-163,-168,-173,-173,-173,-173,-139,-139,-138,-152,-156,-153,-150,-151,-147,-141,-150,-145,-145,-138,-139,-157,-163,-134,-138,-138,-138,-138,-138,-170,-171,-152,-141,-138,-138,-138,-140,-140,-140,-140,-140,-169,-169,-169,-169,-184,-184,-184,-184,-142,-142,-142,-142,-142,-118,-151,-151,-168,-160,-152,-130,-117,-107,-106,-120,-132,-140,-154,-154,-137,-137,-137,-134,-129,-133,-140,-140,-140,-136,-136,-136,-115,-114,-116,-108,-108,-123,-125,-119,-119,-119,-148,-148,-148,-156,-156,-156,-158,-146,-140,-140,-136,-136,-143,-151,-151,-170,-165,-163,-163,-152,-133,-129,-136,-138,-140,-141,-142,-150,-153,-139,-124,-121,-120,-123,-133,-133,-142,-142,-142,-142,-142,-149,-157,-157,-145,-134,-134,-134,-134,-134,-134,-113,-114,-114,-114,-134,-137,-135,-137,-138,-138,-149,-162,-162,-161,-138,-138,-133,-134,-134,-149,-154,-161,-169,-170,-157,-141,-141,-141,-149,-156,-167,-174,-153,-161,-165,-148,-145,-163,-168,-166,-178,-195,-195,-196,-182,-191,-199,-199,-196,-182,-166,-166,-180,-194,-194,-193,-177,-153,-139,-131,-132,-140,-141,-141,-146,-137,-125,-130,-125,-119,-124,-124,-127,-127,-128,-119,-151,-151,-142,-135,-135,-135,-134,-134,-134,-134,-134,-169,-169,-169,-169,-148,-148,-148,-148,-148,-148,-148,-148,-148,-148,-148,-148,-148,-148,-148,-155,-155,-155,-150,-150,-150,-150,-150,-150,-168,-170,-162,-180,-195,-187,-187,-155,-155,-157,-153,-154,-158,-167,-178,-178,-181,-182,-186,-158,-166,-187,-192,-192,-185,-190,-200,-204,-204,-198,-187,-187,-163,-163,-205,-205,-164,-164,-164,-155,-155,-176,-203,-210,-191,-183,-190,-182,-182,-166,-191,-182,-176,-188,-188,-181,-177,-179,-177,-168,-168,-170,-180,-181,-175,-175,-177,-174,-159,-155,-162,-160,-172,-184,-187,-190,-190,-190,-191
